timestamp,site,generation_w,consumption_w,grid_import_w,grid_export_w,battery_soc_pct,generation_kwh,consumption_kwh,grid_import_kwh,grid_export_kwh
2026-09-01T00:00:00+12:00,Muriwai 5kW + Batteries,0.0,165.0,0.0,0.0,96.0,0.0,0.01375,0.0,0.0
2026-09-01T00:05:00+12:00,Muriwai 5kW + Batteries,0.0,166.0,0.0,0.0,96.0,0.0,0.01383,0.0,0.0
2026-09-01T00:10:00+12:00,Muriwai 5kW + Batteries,0.0,169.0,0.0,0.0,96.0,0.0,0.01408,0.0,0.0
2026-09-01T00:15:00+12:00,Muriwai 5kW + Batteries,0.0,171.0,0.0,0.0,96.0,0.0,0.01425,0.0,0.0
2026-09-01T00:20:00+12:00,Muriwai 5kW + Batteries,0.0,170.0,0.0,0.0,96.0,0.0,0.01417,0.0,0.0
2026-09-01T00:25:00+12:00,Muriwai 5kW + Batteries,0.0,170.0,0.0,0.0,96.0,0.0,0.01417,0.0,0.0
2026-09-01T00:30:00+12:00,Muriwai 5kW + Batteries,0.0,173.0,0.0,0.0,96.0,0.0,0.01442,0.0,0.0
2026-09-01T00:35:00+12:00,Muriwai 5kW + Batteries,0.0,171.0,0.0,0.0,96.0,0.0,0.01425,0.0,0.0
2026-09-01T00:40:00+12:00,Muriwai 5kW + Batteries,0.0,173.0,0.0,0.0,96.0,0.0,0.01442,0.0,0.0
2026-09-01T00:45:00+12:00,Muriwai 5kW + Batteries,0.0,173.0,0.0,0.0,95.0,0.0,0.01442,0.0,0.0
2026-09-01T00:50:00+12:00,Muriwai 5kW + Batteries,0.0,173.0,0.0,0.0,95.0,0.0,0.01442,0.0,0.0
2026-09-01T00:55:00+12:00,Muriwai 5kW + Batteries,0.0,173.0,0.0,0.0,95.0,0.0,0.01442,0.0,0.0
2026-09-01T01:00:00+12:00,Muriwai 5kW + Batteries,0.0,170.0,0.0,0.0,95.0,0.0,0.01417,0.0,0.0
2026-09-01T01:05:00+12:00,Muriwai 5kW + Batteries,0.0,168.0,0.0,0.0,95.0,0.0,0.014,0.0,0.0
2026-09-01T01:10:00+12:00,Muriwai 5kW + Batteries,0.0,168.0,0.0,0.0,95.0,0.0,0.014,0.0,0.0
2026-09-01T01:15:00+12:00,Muriwai 5kW + Batteries,0.0,171.0,0.0,0.0,95.0,0.0,0.01425,0.0,0.0
2026-09-01T01:20:00+12:00,Muriwai 5kW + Batteries,0.0,172.0,0.0,0.0,95.0,0.0,0.01433,0.0,0.0
2026-09-01T01:25:00+12:00,Muriwai 5kW + Batteries,0.0,174.0,0.0,0.0,95.0,0.0,0.0145,0.0,0.0
2026-09-01T01:30:00+12:00,Muriwai 5kW + Batteries,0.0,174.0,0.0,0.0,94.0,0.0,0.0145,0.0,0.0
2026-09-01T01:35:00+12:00,Muriwai 5kW + Batteries,0.0,172.0,0.0,0.0,94.0,0.0,0.01433,0.0,0.0
2026-09-01T01:40:00+12:00,Muriwai 5kW + Batteries,0.0,173.0,0.0,0.0,94.0,0.0,0.01442,0.0,0.0
2026-09-01T01:45:00+12:00,Muriwai 5kW + Batteries,0.0,172.0,0.0,0.0,94.0,0.0,0.01433,0.0,0.0
2026-09-01T01:50:00+12:00,Muriwai 5kW + Batteries,0.0,171.0,0.0,0.0,94.0,0.0,0.01425,0.0,0.0
2026-09-01T01:55:00+12:00,Muriwai 5kW + Batteries,0.0,170.0,0.0,0.0,94.0,0.0,0.01417,0.0,0.0
2026-09-01T02:00:00+12:00,Muriwai 5kW + Batteries,0.0,171.0,0.0,0.0,94.0,0.0,0.01425,0.0,0.0
2026-09-01T02:05:00+12:00,Muriwai 5kW + Batteries,0.0,171.0,0.0,0.0,94.0,0.0,0.01425,0.0,0.0
2026-09-01T02:10:00+12:00,Muriwai 5kW + Batteries,0.0,171.0,0.0,0.0,94.0,0.0,0.01425,0.0,0.0
2026-09-01T02:15:00+12:00,Muriwai 5kW + Batteries,0.0,174.0,0.0,0.0,93.0,0.0,0.0145,0.0,0.0
2026-09-01T02:20:00+12:00,Muriwai 5kW + Batteries,0.0,173.0,0.0,0.0,93.0,0.0,0.01442,0.0,0.0
2026-09-01T02:25:00+12:00,Muriwai 5kW + Batteries,0.0,172.0,0.0,0.0,93.0,0.0,0.01433,0.0,0.0
2026-09-01T02:30:00+12:00,Muriwai 5kW + Batteries,0.0,172.0,0.0,0.0,93.0,0.0,0.01433,0.0,0.0
2026-09-01T02:35:00+12:00,Muriwai 5kW + Batteries,0.0,172.0,0.0,0.0,93.0,0.0,0.01433,0.0,0.0
2026-09-01T02:40:00+12:00,Muriwai 5kW + Batteries,0.0,172.0,0.0,0.0,93.0,0.0,0.01433,0.0,0.0
2026-09-01T02:45:00+12:00,Muriwai 5kW + Batteries,0.0,171.0,0.0,0.0,93.0,0.0,0.01425,0.0,0.0
2026-09-01T02:50:00+12:00,Muriwai 5kW + Batteries,0.0,171.0,0.0,0.0,93.0,0.0,0.01425,0.0,0.0
2026-09-01T02:55:00+12:00,Muriwai 5kW + Batteries,0.0,171.0,0.0,0.0,93.0,0.0,0.01425,0.0,0.0
2026-09-01T03:00:00+12:00,Muriwai 5kW + Batteries,0.0,170.0,0.0,0.0,92.0,0.0,0.01417,0.0,0.0
2026-09-01T03:05:00+12:00,Muriwai 5kW + Batteries,0.0,173.0,0.0,0.0,92.0,0.0,0.01442,0.0,0.0
2026-09-01T03:10:00+12:00,Muriwai 5kW + Batteries,0.0,176.0,0.0,0.0,92.0,0.0,0.01467,0.0,0.0
2026-09-01T03:15:00+12:00,Muriwai 5kW + Batteries,0.0,176.0,0.0,0.0,92.0,0.0,0.01467,0.0,0.0
2026-09-01T03:20:00+12:00,Muriwai 5kW + Batteries,0.0,177.0,0.0,0.0,92.0,0.0,0.01475,0.0,0.0
2026-09-01T03:25:00+12:00,Muriwai 5kW + Batteries,0.0,175.0,0.0,0.0,92.0,0.0,0.01458,0.0,0.0
2026-09-01T03:30:00+12:00,Muriwai 5kW + Batteries,0.0,175.0,0.0,0.0,92.0,0.0,0.01458,0.0,0.0
2026-09-01T03:35:00+12:00,Muriwai 5kW + Batteries,0.0,174.0,0.0,0.0,92.0,0.0,0.0145,0.0,0.0
2026-09-01T03:40:00+12:00,Muriwai 5kW + Batteries,0.0,175.0,0.0,0.0,92.0,0.0,0.01458,0.0,0.0
2026-09-01T03:45:00+12:00,Muriwai 5kW + Batteries,0.0,175.0,0.0,0.0,91.0,0.0,0.01458,0.0,0.0
2026-09-01T03:50:00+12:00,Muriwai 5kW + Batteries,0.0,177.0,0.0,0.0,91.0,0.0,0.01475,0.0,0.0
2026-09-01T03:55:00+12:00,Muriwai 5kW + Batteries,0.0,175.0,0.0,0.0,91.0,0.0,0.01458,0.0,0.0
2026-09-01T04:00:00+12:00,Muriwai 5kW + Batteries,0.0,176.0,0.0,0.0,91.0,0.0,0.01467,0.0,0.0
2026-09-01T04:05:00+12:00,Muriwai 5kW + Batteries,0.0,174.0,0.0,0.0,91.0,0.0,0.0145,0.0,0.0
2026-09-01T04:10:00+12:00,Muriwai 5kW + Batteries,0.0,176.0,0.0,0.0,91.0,0.0,0.01467,0.0,0.0
2026-09-01T04:15:00+12:00,Muriwai 5kW + Batteries,0.0,176.0,0.0,0.0,91.0,0.0,0.01467,0.0,0.0
2026-09-01T04:20:00+12:00,Muriwai 5kW + Batteries,0.0,177.0,0.0,0.0,91.0,0.0,0.01475,0.0,0.0
2026-09-01T04:25:00+12:00,Muriwai 5kW + Batteries,0.0,178.0,0.0,0.0,91.0,0.0,0.01483,0.0,0.0
2026-09-01T04:30:00+12:00,Muriwai 5kW + Batteries,0.0,179.0,0.0,0.0,90.0,0.0,0.01492,0.0,0.0
2026-09-01T04:35:00+12:00,Muriwai 5kW + Batteries,0.0,180.0,0.0,0.0,90.0,0.0,0.015,0.0,0.0
2026-09-01T04:40:00+12:00,Muriwai 5kW + Batteries,0.0,180.0,0.0,0.0,90.0,0.0,0.015,0.0,0.0
2026-09-01T04:45:00+12:00,Muriwai 5kW + Batteries,0.0,183.0,0.0,0.0,90.0,0.0,0.01525,0.0,0.0
2026-09-01T04:50:00+12:00,Muriwai 5kW + Batteries,0.0,184.0,0.0,0.0,90.0,0.0,0.01533,0.0,0.0
2026-09-01T04:55:00+12:00,Muriwai 5kW + Batteries,0.0,183.0,0.0,0.0,90.0,0.0,0.01525,0.0,0.0
2026-09-01T05:00:00+12:00,Muriwai 5kW + Batteries,0.0,183.0,0.0,0.0,90.0,0.0,0.01525,0.0,0.0
2026-09-01T05:05:00+12:00,Muriwai 5kW + Batteries,0.0,183.0,0.0,0.0,90.0,0.0,0.01525,0.0,0.0
2026-09-01T05:10:00+12:00,Muriwai 5kW + Batteries,0.0,183.0,0.0,0.0,90.0,0.0,0.01525,0.0,0.0
2026-09-01T05:15:00+12:00,Muriwai 5kW + Batteries,0.0,181.0,0.0,0.0,89.0,0.0,0.01508,0.0,0.0
2026-09-01T05:20:00+12:00,Muriwai 5kW + Batteries,0.0,181.0,0.0,0.0,89.0,0.0,0.01508,0.0,0.0
2026-09-01T05:25:00+12:00,Muriwai 5kW + Batteries,0.0,181.0,0.0,0.0,89.0,0.0,0.01508,0.0,0.0
2026-09-01T05:30:00+12:00,Muriwai 5kW + Batteries,0.0,178.0,0.0,0.0,89.0,0.0,0.01483,0.0,0.0
2026-09-01T05:35:00+12:00,Muriwai 5kW + Batteries,0.0,180.0,0.0,0.0,89.0,0.0,0.015,0.0,0.0
2026-09-01T05:40:00+12:00,Muriwai 5kW + Batteries,0.0,180.0,0.0,0.0,89.0,0.0,0.015,0.0,0.0
2026-09-01T05:45:00+12:00,Muriwai 5kW + Batteries,0.0,180.0,0.0,0.0,89.0,0.0,0.015,0.0,0.0
2026-09-01T05:50:00+12:00,Muriwai 5kW + Batteries,0.0,181.0,0.0,0.0,89.0,0.0,0.01508,0.0,0.0
2026-09-01T05:55:00+12:00,Muriwai 5kW + Batteries,0.0,181.0,0.0,0.0,89.0,0.0,0.01508,0.0,0.0
2026-09-01T06:00:00+12:00,Muriwai 5kW + Batteries,0.0,182.0,0.0,0.0,88.0,0.0,0.01517,0.0,0.0
2026-09-01T06:05:00+12:00,Muriwai 5kW + Batteries,0.0,181.0,0.0,0.0,88.0,0.0,0.01508,0.0,0.0
2026-09-01T06:10:00+12:00,Muriwai 5kW + Batteries,0.0,181.0,0.0,0.0,88.0,0.0,0.01508,0.0,0.0
2026-09-01T06:15:00+12:00,Muriwai 5kW + Batteries,0.0,185.0,0.0,0.0,88.0,0.0,0.01542,0.0,0.0
2026-09-01T06:20:00+12:00,Muriwai 5kW + Batteries,0.0,183.0,0.0,0.0,88.0,0.0,0.01525,0.0,0.0
2026-09-01T06:25:00+12:00,Muriwai 5kW + Batteries,0.0,183.0,0.0,0.0,88.0,0.0,0.01525,0.0,0.0
2026-09-01T06:30:00+12:00,Muriwai 5kW + Batteries,0.0,183.0,0.0,0.0,88.0,0.0,0.01525,0.0,0.0
2026-09-01T06:35:00+12:00,Muriwai 5kW + Batteries,0.0,182.0,0.0,0.0,88.0,0.0,0.01517,0.0,0.0
2026-09-01T06:40:00+12:00,Muriwai 5kW + Batteries,0.0,180.0,0.0,0.0,88.0,0.0,0.015,0.0,0.0
2026-09-01T06:45:00+12:00,Muriwai 5kW + Batteries,5.0,180.0,0.0,0.0,87.0,0.00042,0.015,0.0,0.0
2026-09-01T06:50:00+12:00,Muriwai 5kW + Batteries,17.0,176.0,0.0,0.0,87.0,0.00142,0.01467,0.0,0.0
2026-09-01T06:55:00+12:00,Muriwai 5kW + Batteries,21.0,174.0,0.0,0.0,87.0,0.00175,0.0145,0.0,0.0
2026-09-01T07:00:00+12:00,Muriwai 5kW + Batteries,40.0,177.0,0.0,0.0,87.0,0.00333,0.01475,0.0,0.0
2026-09-01T07:05:00+12:00,Muriwai 5kW + Batteries,80.0,177.0,0.0,0.0,87.0,0.00667,0.01475,0.0,0.0
2026-09-01T07:10:00+12:00,Muriwai 5kW + Batteries,24.0,175.0,0.0,0.0,87.0,0.002,0.01458,0.0,0.0
2026-09-01T07:15:00+12:00,Muriwai 5kW + Batteries,20.0,175.0,0.0,0.0,87.0,0.00167,0.01458,0.0,0.0
2026-09-01T07:20:00+12:00,Muriwai 5kW + Batteries,63.0,175.0,0.0,0.0,87.0,0.00525,0.01458,0.0,0.0
2026-09-01T07:25:00+12:00,Muriwai 5kW + Batteries,301.0,163.0,0.0,0.0,87.0,0.02508,0.01358,0.0,0.0
2026-09-01T07:30:00+12:00,Muriwai 5kW + Batteries,338.0,164.0,0.0,0.0,87.0,0.02817,0.01367,0.0,0.0
2026-09-01T07:35:00+12:00,Muriwai 5kW + Batteries,1831.0,162.0,0.0,0.0,88.0,0.15258,0.0135,0.0,0.0
2026-09-01T07:40:00+12:00,Muriwai 5kW + Batteries,961.0,171.0,0.0,0.0,88.0,0.08008,0.01425,0.0,0.0
2026-09-01T07:45:00+12:00,Muriwai 5kW + Batteries,563.0,163.0,0.0,0.0,88.0,0.04692,0.01358,0.0,0.0
2026-09-01T07:50:00+12:00,Muriwai 5kW + Batteries,1664.0,161.0,0.0,0.0,89.0,0.13867,0.01342,0.0,0.0
2026-09-01T07:55:00+12:00,Muriwai 5kW + Batteries,2239.0,163.0,0.0,0.0,90.0,0.18658,0.01358,0.0,0.0
2026-09-01T08:00:00+12:00,Muriwai 5kW + Batteries,2112.0,167.0,0.0,0.0,91.0,0.176,0.01392,0.0,0.0
2026-09-01T08:05:00+12:00,Muriwai 5kW + Batteries,2232.0,168.0,0.0,0.0,92.0,0.186,0.014,0.0,0.0
2026-09-01T08:10:00+12:00,Muriwai 5kW + Batteries,1812.0,165.0,0.0,0.0,94.0,0.151,0.01375,0.0,0.0
2026-09-01T08:15:00+12:00,Muriwai 5kW + Batteries,996.0,165.0,0.0,0.0,94.0,0.083,0.01375,0.0,0.0
2026-09-01T08:20:00+12:00,Muriwai 5kW + Batteries,664.0,160.0,0.0,0.0,95.0,0.05533,0.01333,0.0,0.0
2026-09-01T08:25:00+12:00,Muriwai 5kW + Batteries,979.0,161.0,0.0,0.0,95.0,0.08158,0.01342,0.0,0.0
2026-09-01T08:30:00+12:00,Muriwai 5kW + Batteries,705.0,160.0,0.0,0.0,95.0,0.05875,0.01333,0.0,0.0
2026-09-01T08:35:00+12:00,Muriwai 5kW + Batteries,544.0,161.0,0.0,0.0,96.0,0.04533,0.01342,0.0,0.0
2026-09-01T08:40:00+12:00,Muriwai 5kW + Batteries,817.0,162.0,0.0,0.0,96.0,0.06808,0.0135,0.0,0.0
2026-09-01T08:45:00+12:00,Muriwai 5kW + Batteries,922.0,161.0,0.0,0.0,96.0,0.07683,0.01342,0.0,0.0
2026-09-01T08:50:00+12:00,Muriwai 5kW + Batteries,940.0,160.0,0.0,0.0,97.0,0.07833,0.01333,0.0,0.0
2026-09-01T08:55:00+12:00,Muriwai 5kW + Batteries,1175.0,162.0,0.0,0.0,97.0,0.09792,0.0135,0.0,0.0
2026-09-01T09:00:00+12:00,Muriwai 5kW + Batteries,1443.0,156.0,0.0,0.0,98.0,0.12025,0.013,0.0,0.0
2026-09-01T09:05:00+12:00,Muriwai 5kW + Batteries,2388.0,157.0,0.0,0.0,99.0,0.199,0.01308,0.0,0.0
2026-09-01T09:10:00+12:00,Muriwai 5kW + Batteries,769.0,153.0,0.0,0.0,99.0,0.06408,0.01275,0.0,0.0
2026-09-01T09:20:00+12:00,Muriwai 5kW + Batteries,698.0,155.0,0.0,0.0,100.0,0.05817,0.01292,0.0,0.0
2026-09-01T09:25:00+12:00,Muriwai 5kW + Batteries,2024.0,159.0,0.0,0.0,100.0,0.16867,0.01325,0.0,0.0
2026-09-01T09:30:00+12:00,Muriwai 5kW + Batteries,986.0,151.0,0.0,0.0,100.0,0.08217,0.01258,0.0,0.0
2026-09-01T09:35:00+12:00,Muriwai 5kW + Batteries,990.0,2035.0,0.0,0.0,99.0,0.0825,0.16958,0.0,0.0
2026-09-01T09:40:00+12:00,Muriwai 5kW + Batteries,830.0,3379.0,2490.0,0.0,99.0,0.06917,0.28158,0.2075,0.0
2026-09-01T09:45:00+12:00,Muriwai 5kW + Batteries,916.0,3271.0,2349.0,0.0,99.0,0.07633,0.27258,0.19575,0.0
2026-09-01T09:50:00+12:00,Muriwai 5kW + Batteries,1049.0,963.0,0.0,0.0,99.0,0.08742,0.08025,0.0,0.0
2026-09-01T09:55:00+12:00,Muriwai 5kW + Batteries,1156.0,933.0,0.0,0.0,99.0,0.09633,0.07775,0.0,0.0
2026-09-01T10:00:00+12:00,Muriwai 5kW + Batteries,885.0,932.0,0.0,0.0,99.0,0.07375,0.07767,0.0,0.0
2026-09-01T10:05:00+12:00,Muriwai 5kW + Batteries,1373.0,925.0,0.0,0.0,99.0,0.11442,0.07708,0.0,0.0
2026-09-01T10:10:00+12:00,Muriwai 5kW + Batteries,887.0,923.0,0.0,0.0,99.0,0.07392,0.07692,0.0,0.0
2026-09-01T10:15:00+12:00,Muriwai 5kW + Batteries,1242.0,918.0,0.0,0.0,100.0,0.1035,0.0765,0.0,0.0
2026-09-01T10:20:00+12:00,Muriwai 5kW + Batteries,1216.0,922.0,0.0,0.0,100.0,0.10133,0.07683,0.0,0.0
2026-09-01T10:25:00+12:00,Muriwai 5kW + Batteries,1081.0,921.0,0.0,0.0,100.0,0.09008,0.07675,0.0,0.0
2026-09-01T10:30:00+12:00,Muriwai 5kW + Batteries,3213.0,919.0,0.0,0.0,100.0,0.26775,0.07658,0.0,0.0
2026-09-01T10:35:00+12:00,Muriwai 5kW + Batteries,1256.0,918.0,0.0,237.0,99.0,0.10467,0.0765,0.0,0.01975
2026-09-01T10:40:00+12:00,Muriwai 5kW + Batteries,3285.0,925.0,0.0,2334.0,99.0,0.27375,0.07708,0.0,0.1945
2026-09-01T10:45:00+12:00,Muriwai 5kW + Batteries,3234.0,914.0,0.0,2377.0,100.0,0.2695,0.07617,0.0,0.19808
2026-09-01T10:50:00+12:00,Muriwai 5kW + Batteries,1742.0,902.0,0.0,784.0,99.0,0.14517,0.07517,0.0,0.06533
2026-09-01T10:55:00+12:00,Muriwai 5kW + Batteries,1222.0,896.0,0.0,356.0,99.0,0.10183,0.07467,0.0,0.02967
2026-09-01T11:00:00+12:00,Muriwai 5kW + Batteries,3073.0,906.0,0.0,1442.0,99.0,0.25608,0.0755,0.0,0.12017
2026-09-01T11:05:00+12:00,Muriwai 5kW + Batteries,3458.0,905.0,0.0,2648.0,100.0,0.28817,0.07542,0.0,0.22067
2026-09-01T11:10:00+12:00,Muriwai 5kW + Batteries,3347.0,918.0,0.0,2409.0,99.0,0.27892,0.0765,0.0,0.20075
2026-09-01T11:15:00+12:00,Muriwai 5kW + Batteries,3450.0,924.0,0.0,2289.0,100.0,0.2875,0.077,0.0,0.19075
2026-09-01T11:20:00+12:00,Muriwai 5kW + Batteries,3539.0,919.0,0.0,2567.0,99.0,0.29492,0.07658,0.0,0.21392
2026-09-01T11:25:00+12:00,Muriwai 5kW + Batteries,1300.0,905.0,0.0,474.0,99.0,0.10833,0.07542,0.0,0.0395
2026-09-01T11:30:00+12:00,Muriwai 5kW + Batteries,928.0,850.0,0.0,116.0,99.0,0.07733,0.07083,0.0,0.00967
2026-09-01T11:35:00+12:00,Muriwai 5kW + Batteries,1320.0,871.0,0.0,459.0,99.0,0.11,0.07258,0.0,0.03825
2026-09-01T11:40:00+12:00,Muriwai 5kW + Batteries,1609.0,869.0,0.0,784.0,99.0,0.13408,0.07242,0.0,0.06533
2026-09-01T11:45:00+12:00,Muriwai 5kW + Batteries,776.0,863.0,0.0,0.0,99.0,0.06467,0.07192,0.0,0.0
2026-09-01T11:50:00+12:00,Muriwai 5kW + Batteries,3681.0,883.0,0.0,2901.0,100.0,0.30675,0.07358,0.0,0.24175
2026-09-01T11:55:00+12:00,Muriwai 5kW + Batteries,922.0,866.0,0.0,155.0,99.0,0.07683,0.07217,0.0,0.01292
2026-09-01T12:00:00+12:00,Muriwai 5kW + Batteries,1433.0,869.0,0.0,680.0,100.0,0.11942,0.07242,0.0,0.05667
2026-09-01T12:10:00+12:00,Muriwai 5kW + Batteries,1096.0,865.0,0.0,0.0,99.0,0.09133,0.07208,0.0,0.0
2026-09-01T12:15:00+12:00,Muriwai 5kW + Batteries,3182.0,868.0,0.0,2441.0,100.0,0.26517,0.07233,0.0,0.20342
2026-09-01T12:20:00+12:00,Muriwai 5kW + Batteries,2959.0,863.0,0.0,2075.0,99.0,0.24658,0.07192,0.0,0.17292
2026-09-01T12:25:00+12:00,Muriwai 5kW + Batteries,1790.0,855.0,0.0,989.0,99.0,0.14917,0.07125,0.0,0.08242
2026-09-01T12:30:00+12:00,Muriwai 5kW + Batteries,849.0,849.0,0.0,0.0,99.0,0.07075,0.07075,0.0,0.0
2026-09-01T12:35:00+12:00,Muriwai 5kW + Batteries,2852.0,859.0,0.0,1947.0,100.0,0.23767,0.07158,0.0,0.16225
2026-09-01T12:40:00+12:00,Muriwai 5kW + Batteries,1024.0,851.0,0.0,127.0,99.0,0.08533,0.07092,0.0,0.01058
2026-09-01T12:45:00+12:00,Muriwai 5kW + Batteries,3016.0,861.0,0.0,2236.0,100.0,0.25133,0.07175,0.0,0.18633
2026-09-01T12:50:00+12:00,Muriwai 5kW + Batteries,1045.0,852.0,0.0,195.0,99.0,0.08708,0.071,0.0,0.01625
2026-09-01T12:55:00+12:00,Muriwai 5kW + Batteries,957.0,866.0,0.0,53.0,100.0,0.07975,0.07217,0.0,0.00442
2026-09-01T13:00:00+12:00,Muriwai 5kW + Batteries,904.0,865.0,0.0,183.0,100.0,0.07533,0.07208,0.0,0.01525
2026-09-01T13:05:00+12:00,Muriwai 5kW + Batteries,2739.0,862.0,0.0,1843.0,100.0,0.22825,0.07183,0.0,0.15358
2026-09-01T13:10:00+12:00,Muriwai 5kW + Batteries,2558.0,869.0,0.0,1647.0,100.0,0.21317,0.07242,0.0,0.13725
2026-09-01T13:15:00+12:00,Muriwai 5kW + Batteries,2479.0,865.0,0.0,1580.0,100.0,0.20658,0.07208,0.0,0.13167
2026-09-01T13:20:00+12:00,Muriwai 5kW + Batteries,2626.0,870.0,0.0,1751.0,99.0,0.21883,0.0725,0.0,0.14592
2026-09-01T13:25:00+12:00,Muriwai 5kW + Batteries,2423.0,867.0,0.0,1509.0,100.0,0.20192,0.07225,0.0,0.12575
2026-09-01T13:30:00+12:00,Muriwai 5kW + Batteries,2340.0,867.0,0.0,1422.0,100.0,0.195,0.07225,0.0,0.1185
2026-09-01T13:35:00+12:00,Muriwai 5kW + Batteries,2141.0,884.0,0.0,1216.0,100.0,0.17842,0.07367,0.0,0.10133
2026-09-01T13:40:00+12:00,Muriwai 5kW + Batteries,789.0,877.0,124.0,0.0,100.0,0.06575,0.07308,0.01033,0.0
2026-09-01T13:45:00+12:00,Muriwai 5kW + Batteries,2159.0,879.0,0.0,1245.0,100.0,0.17992,0.07325,0.0,0.10375
2026-09-01T13:50:00+12:00,Muriwai 5kW + Batteries,490.0,884.0,430.0,0.0,100.0,0.04083,0.07367,0.03583,0.0
2026-09-01T13:55:00+12:00,Muriwai 5kW + Batteries,2085.0,878.0,0.0,1191.0,100.0,0.17375,0.07317,0.0,0.09925
2026-09-01T14:00:00+12:00,Muriwai 5kW + Batteries,1768.0,870.0,0.0,918.0,100.0,0.14733,0.0725,0.0,0.0765
2026-09-01T14:05:00+12:00,Muriwai 5kW + Batteries,1634.0,866.0,0.0,743.0,100.0,0.13617,0.07217,0.0,0.06192
2026-09-01T14:10:00+12:00,Muriwai 5kW + Batteries,1333.0,865.0,0.0,441.0,100.0,0.11108,0.07208,0.0,0.03675
2026-09-01T14:15:00+12:00,Muriwai 5kW + Batteries,1462.0,864.0,0.0,580.0,100.0,0.12183,0.072,0.0,0.04833
2026-09-01T14:20:00+12:00,Muriwai 5kW + Batteries,1533.0,863.0,0.0,656.0,100.0,0.12775,0.07192,0.0,0.05467
2026-09-01T14:25:00+12:00,Muriwai 5kW + Batteries,1194.0,860.0,0.0,296.0,100.0,0.0995,0.07167,0.0,0.02467
2026-09-01T14:30:00+12:00,Muriwai 5kW + Batteries,1482.0,858.0,0.0,599.0,100.0,0.1235,0.0715,0.0,0.04992
2026-09-01T14:35:00+12:00,Muriwai 5kW + Batteries,1294.0,857.0,0.0,410.0,100.0,0.10783,0.07142,0.0,0.03417
2026-09-01T14:40:00+12:00,Muriwai 5kW + Batteries,753.0,850.0,133.0,0.0,100.0,0.06275,0.07083,0.01108,0.0
2026-09-01T14:45:00+12:00,Muriwai 5kW + Batteries,1045.0,851.0,0.0,156.0,100.0,0.08708,0.07092,0.0,0.013
2026-09-01T14:55:00+12:00,Muriwai 5kW + Batteries,916.0,849.0,0.0,0.0,100.0,0.07633,0.07075,0.0,0.0
2026-09-01T15:00:00+12:00,Muriwai 5kW + Batteries,824.0,847.0,63.0,0.0,100.0,0.06867,0.07058,0.00525,0.0
2026-09-01T15:05:00+12:00,Muriwai 5kW + Batteries,713.0,850.0,156.0,0.0,100.0,0.05942,0.07083,0.013,0.0
2026-09-01T15:10:00+12:00,Muriwai 5kW + Batteries,584.0,854.0,287.0,0.0,100.0,0.04867,0.07117,0.02392,0.0
2026-09-01T15:15:00+12:00,Muriwai 5kW + Batteries,526.0,857.0,367.0,0.0,100.0,0.04383,0.07142,0.03058,0.0
2026-09-01T15:20:00+12:00,Muriwai 5kW + Batteries,467.0,860.0,399.0,0.0,100.0,0.03892,0.07167,0.03325,0.0
2026-09-01T15:25:00+12:00,Muriwai 5kW + Batteries,405.0,863.0,469.0,0.0,100.0,0.03375,0.07192,0.03908,0.0
2026-09-01T15:30:00+12:00,Muriwai 5kW + Batteries,312.0,867.0,571.0,0.0,100.0,0.026,0.07225,0.04758,0.0
2026-09-01T15:35:00+12:00,Muriwai 5kW + Batteries,258.0,870.0,644.0,0.0,100.0,0.0215,0.0725,0.05367,0.0
2026-09-01T15:40:00+12:00,Muriwai 5kW + Batteries,220.0,873.0,665.0,0.0,100.0,0.01833,0.07275,0.05542,0.0
2026-09-01T15:45:00+12:00,Muriwai 5kW + Batteries,172.0,872.0,701.0,0.0,100.0,0.01433,0.07267,0.05842,0.0
2026-09-01T15:50:00+12:00,Muriwai 5kW + Batteries,157.0,872.0,726.0,0.0,100.0,0.01308,0.07267,0.0605,0.0
2026-09-01T15:55:00+12:00,Muriwai 5kW + Batteries,145.0,873.0,749.0,0.0,100.0,0.01208,0.07275,0.06242,0.0
2026-09-01T16:00:00+12:00,Muriwai 5kW + Batteries,129.0,874.0,762.0,0.0,100.0,0.01075,0.07283,0.0635,0.0
2026-09-01T16:05:00+12:00,Muriwai 5kW + Batteries,132.0,874.0,755.0,0.0,100.0,0.011,0.07283,0.06292,0.0
2026-09-01T16:10:00+12:00,Muriwai 5kW + Batteries,116.0,882.0,783.0,0.0,100.0,0.00967,0.0735,0.06525,0.0
2026-09-01T16:15:00+12:00,Muriwai 5kW + Batteries,120.0,880.0,774.0,0.0,100.0,0.01,0.07333,0.0645,0.0
2026-09-01T16:20:00+12:00,Muriwai 5kW + Batteries,110.0,880.0,778.0,0.0,100.0,0.00917,0.07333,0.06483,0.0
2026-09-01T16:25:00+12:00,Muriwai 5kW + Batteries,103.0,878.0,789.0,0.0,100.0,0.00858,0.07317,0.06575,0.0
2026-09-01T16:30:00+12:00,Muriwai 5kW + Batteries,100.0,875.0,791.0,0.0,100.0,0.00833,0.07292,0.06592,0.0
2026-09-01T16:35:00+12:00,Muriwai 5kW + Batteries,94.0,875.0,786.0,0.0,100.0,0.00783,0.07292,0.0655,0.0
2026-09-01T16:40:00+12:00,Muriwai 5kW + Batteries,89.0,883.0,808.0,0.0,100.0,0.00742,0.07358,0.06733,0.0
2026-09-01T16:45:00+12:00,Muriwai 5kW + Batteries,81.0,884.0,811.0,0.0,100.0,0.00675,0.07367,0.06758,0.0
2026-09-01T16:50:00+12:00,Muriwai 5kW + Batteries,67.0,882.0,816.0,0.0,100.0,0.00558,0.0735,0.068,0.0
2026-09-01T16:55:00+12:00,Muriwai 5kW + Batteries,67.0,893.0,854.0,0.0,100.0,0.00558,0.07442,0.07117,0.0
2026-09-01T17:00:00+12:00,Muriwai 5kW + Batteries,56.0,871.0,331.0,0.0,100.0,0.00467,0.07258,0.02758,0.0
2026-09-01T17:05:00+12:00,Muriwai 5kW + Batteries,48.0,867.0,258.0,0.0,99.0,0.004,0.07225,0.0215,0.0
2026-09-01T17:10:00+12:00,Muriwai 5kW + Batteries,38.0,888.0,831.0,0.0,99.0,0.00317,0.074,0.06925,0.0
2026-09-01T17:15:00+12:00,Muriwai 5kW + Batteries,20.0,888.0,872.0,0.0,99.0,0.00167,0.074,0.07267,0.0
2026-09-01T17:20:00+12:00,Muriwai 5kW + Batteries,11.0,885.0,835.0,0.0,99.0,0.00092,0.07375,0.06958,0.0
2026-09-01T17:25:00+12:00,Muriwai 5kW + Batteries,4.0,883.0,918.0,0.0,99.0,0.00033,0.07358,0.0765,0.0
2026-09-01T17:30:00+12:00,Muriwai 5kW + Batteries,0.0,892.0,935.0,0.0,99.0,0.0,0.07433,0.07792,0.0
2026-09-01T17:35:00+12:00,Muriwai 5kW + Batteries,0.0,913.0,964.0,0.0,99.0,0.0,0.07608,0.08033,0.0
2026-09-01T17:45:00+12:00,Muriwai 5kW + Batteries,0.0,911.0,963.0,0.0,99.0,0.0,0.07592,0.08025,0.0
2026-09-01T17:50:00+12:00,Muriwai 5kW + Batteries,0.0,913.0,962.0,0.0,99.0,0.0,0.07608,0.08017,0.0
2026-09-01T17:55:00+12:00,Muriwai 5kW + Batteries,0.0,908.0,955.0,0.0,99.0,0.0,0.07567,0.07958,0.0
2026-09-01T18:00:00+12:00,Muriwai 5kW + Batteries,0.0,891.0,939.0,0.0,99.0,0.0,0.07425,0.07825,0.0
2026-09-01T18:05:00+12:00,Muriwai 5kW + Batteries,0.0,894.0,945.0,0.0,99.0,0.0,0.0745,0.07875,0.0
2026-09-01T18:10:00+12:00,Muriwai 5kW + Batteries,0.0,892.0,938.0,0.0,99.0,0.0,0.07433,0.07817,0.0
2026-09-01T18:15:00+12:00,Muriwai 5kW + Batteries,0.0,898.0,937.0,0.0,99.0,0.0,0.07483,0.07808,0.0
2026-09-01T18:20:00+12:00,Muriwai 5kW + Batteries,0.0,897.0,946.0,0.0,99.0,0.0,0.07475,0.07883,0.0
2026-09-01T18:25:00+12:00,Muriwai 5kW + Batteries,0.0,896.0,946.0,0.0,99.0,0.0,0.07467,0.07883,0.0
2026-09-01T18:30:00+12:00,Muriwai 5kW + Batteries,0.0,893.0,945.0,0.0,99.0,0.0,0.07442,0.07875,0.0
2026-09-01T18:35:00+12:00,Muriwai 5kW + Batteries,0.0,893.0,946.0,0.0,99.0,0.0,0.07442,0.07883,0.0
2026-09-01T18:40:00+12:00,Muriwai 5kW + Batteries,0.0,906.0,936.0,0.0,99.0,0.0,0.0755,0.078,0.0
2026-09-01T18:45:00+12:00,Muriwai 5kW + Batteries,0.0,890.0,939.0,0.0,99.0,0.0,0.07417,0.07825,0.0
2026-09-01T18:50:00+12:00,Muriwai 5kW + Batteries,0.0,910.0,950.0,0.0,99.0,0.0,0.07583,0.07917,0.0
2026-09-01T18:55:00+12:00,Muriwai 5kW + Batteries,0.0,890.0,940.0,0.0,99.0,0.0,0.07417,0.07833,0.0
2026-09-01T19:00:00+12:00,Muriwai 5kW + Batteries,0.0,890.0,939.0,0.0,99.0,0.0,0.07417,0.07825,0.0
2026-09-01T19:05:00+12:00,Muriwai 5kW + Batteries,0.0,892.0,931.0,0.0,99.0,0.0,0.07433,0.07758,0.0
2026-09-01T19:10:00+12:00,Muriwai 5kW + Batteries,0.0,893.0,945.0,0.0,99.0,0.0,0.07442,0.07875,0.0
2026-09-01T19:15:00+12:00,Muriwai 5kW + Batteries,0.0,893.0,942.0,0.0,99.0,0.0,0.07442,0.0785,0.0
2026-09-01T19:20:00+12:00,Muriwai 5kW + Batteries,0.0,897.0,946.0,0.0,99.0,0.0,0.07475,0.07883,0.0
2026-09-01T19:25:00+12:00,Muriwai 5kW + Batteries,0.0,899.0,949.0,0.0,99.0,0.0,0.07492,0.07908,0.0
2026-09-01T19:30:00+12:00,Muriwai 5kW + Batteries,0.0,890.0,939.0,0.0,99.0,0.0,0.07417,0.07825,0.0
2026-09-01T19:35:00+12:00,Muriwai 5kW + Batteries,0.0,886.0,937.0,0.0,99.0,0.0,0.07383,0.07808,0.0
2026-09-01T19:40:00+12:00,Muriwai 5kW + Batteries,0.0,885.0,936.0,0.0,99.0,0.0,0.07375,0.078,0.0
2026-09-01T19:45:00+12:00,Muriwai 5kW + Batteries,0.0,885.0,935.0,0.0,99.0,0.0,0.07375,0.07792,0.0
2026-09-01T19:50:00+12:00,Muriwai 5kW + Batteries,0.0,887.0,938.0,0.0,99.0,0.0,0.07392,0.07817,0.0
2026-09-01T19:55:00+12:00,Muriwai 5kW + Batteries,0.0,886.0,936.0,0.0,99.0,0.0,0.07383,0.078,0.0
2026-09-01T20:00:00+12:00,Muriwai 5kW + Batteries,0.0,946.0,998.0,0.0,99.0,0.0,0.07883,0.08317,0.0
2026-09-01T20:05:00+12:00,Muriwai 5kW + Batteries,0.0,936.0,987.0,0.0,99.0,0.0,0.078,0.08225,0.0
2026-09-01T20:10:00+12:00,Muriwai 5kW + Batteries,0.0,949.0,999.0,0.0,99.0,0.0,0.07908,0.08325,0.0
2026-09-01T20:15:00+12:00,Muriwai 5kW + Batteries,0.0,2722.0,2773.0,0.0,99.0,0.0,0.22683,0.23108,0.0
2026-09-01T20:20:00+12:00,Muriwai 5kW + Batteries,0.0,3307.0,3356.0,0.0,99.0,0.0,0.27558,0.27967,0.0
2026-09-01T20:30:00+12:00,Muriwai 5kW + Batteries,0.0,3496.0,3545.0,0.0,99.0,0.0,0.29133,0.29542,0.0
2026-09-01T20:35:00+12:00,Muriwai 5kW + Batteries,0.0,3199.0,3249.0,0.0,99.0,0.0,0.26658,0.27075,0.0
2026-09-01T20:40:00+12:00,Muriwai 5kW + Batteries,0.0,3144.0,3192.0,0.0,99.0,0.0,0.262,0.266,0.0
2026-09-01T20:45:00+12:00,Muriwai 5kW + Batteries,0.0,3142.0,3190.0,0.0,99.0,0.0,0.26183,0.26583,0.0
2026-09-01T20:50:00+12:00,Muriwai 5kW + Batteries,0.0,3098.0,3147.0,0.0,99.0,0.0,0.25817,0.26225,0.0
2026-09-01T20:55:00+12:00,Muriwai 5kW + Batteries,0.0,3052.0,3105.0,0.0,99.0,0.0,0.25433,0.25875,0.0
2026-09-01T21:00:00+12:00,Muriwai 5kW + Batteries,0.0,2993.0,3044.0,0.0,99.0,0.0,0.24942,0.25367,0.0
2026-09-01T21:05:00+12:00,Muriwai 5kW + Batteries,0.0,2900.0,902.0,0.0,99.0,0.0,0.24167,0.07517,0.0
2026-09-01T21:10:00+12:00,Muriwai 5kW + Batteries,0.0,2803.0,803.0,0.0,98.0,0.0,0.23358,0.06692,0.0
2026-09-01T21:15:00+12:00,Muriwai 5kW + Batteries,0.0,2796.0,796.0,0.0,97.0,0.0,0.233,0.06633,0.0
2026-09-01T21:20:00+12:00,Muriwai 5kW + Batteries,0.0,2786.0,786.0,0.0,95.0,0.0,0.23217,0.0655,0.0
2026-09-01T21:25:00+12:00,Muriwai 5kW + Batteries,0.0,2591.0,590.0,0.0,94.0,0.0,0.21592,0.04917,0.0
2026-09-01T21:30:00+12:00,Muriwai 5kW + Batteries,0.0,2617.0,617.0,0.0,93.0,0.0,0.21808,0.05142,0.0
2026-09-01T21:35:00+12:00,Muriwai 5kW + Batteries,0.0,2612.0,612.0,0.0,91.0,0.0,0.21767,0.051,0.0
2026-09-01T21:40:00+12:00,Muriwai 5kW + Batteries,0.0,754.0,0.0,0.0,90.0,0.0,0.06283,0.0,0.0
2026-09-01T21:45:00+12:00,Muriwai 5kW + Batteries,0.0,792.0,0.0,0.0,90.0,0.0,0.066,0.0,0.0
2026-09-01T21:50:00+12:00,Muriwai 5kW + Batteries,0.0,852.0,0.0,0.0,90.0,0.0,0.071,0.0,0.0
2026-09-01T21:55:00+12:00,Muriwai 5kW + Batteries,0.0,617.0,0.0,0.0,89.0,0.0,0.05142,0.0,0.0
2026-09-01T22:00:00+12:00,Muriwai 5kW + Batteries,0.0,620.0,0.0,0.0,89.0,0.0,0.05167,0.0,0.0
2026-09-01T22:05:00+12:00,Muriwai 5kW + Batteries,0.0,533.0,0.0,0.0,88.0,0.0,0.04442,0.0,0.0
2026-09-01T22:10:00+12:00,Muriwai 5kW + Batteries,0.0,517.0,0.0,0.0,88.0,0.0,0.04308,0.0,0.0
2026-09-01T22:15:00+12:00,Muriwai 5kW + Batteries,0.0,512.0,0.0,0.0,88.0,0.0,0.04267,0.0,0.0
2026-09-01T22:20:00+12:00,Muriwai 5kW + Batteries,0.0,501.0,0.0,0.0,87.0,0.0,0.04175,0.0,0.0
2026-09-01T22:25:00+12:00,Muriwai 5kW + Batteries,0.0,500.0,0.0,0.0,87.0,0.0,0.04167,0.0,0.0
2026-09-01T22:30:00+12:00,Muriwai 5kW + Batteries,0.0,521.0,0.0,0.0,87.0,0.0,0.04342,0.0,0.0
2026-09-01T22:35:00+12:00,Muriwai 5kW + Batteries,0.0,515.0,0.0,0.0,86.0,0.0,0.04292,0.0,0.0
2026-09-01T22:40:00+12:00,Muriwai 5kW + Batteries,0.0,489.0,0.0,0.0,86.0,0.0,0.04075,0.0,0.0
2026-09-01T22:45:00+12:00,Muriwai 5kW + Batteries,0.0,490.0,0.0,0.0,86.0,0.0,0.04083,0.0,0.0
2026-09-01T22:50:00+12:00,Muriwai 5kW + Batteries,0.0,488.0,0.0,0.0,86.0,0.0,0.04067,0.0,0.0
2026-09-01T22:55:00+12:00,Muriwai 5kW + Batteries,0.0,489.0,0.0,0.0,85.0,0.0,0.04075,0.0,0.0
2026-09-01T23:05:00+12:00,Muriwai 5kW + Batteries,0.0,485.0,0.0,0.0,85.0,0.0,0.04042,0.0,0.0
2026-09-01T23:10:00+12:00,Muriwai 5kW + Batteries,0.0,495.0,0.0,0.0,85.0,0.0,0.04125,0.0,0.0
2026-09-01T23:15:00+12:00,Muriwai 5kW + Batteries,0.0,495.0,0.0,0.0,84.0,0.0,0.04125,0.0,0.0
2026-09-01T23:20:00+12:00,Muriwai 5kW + Batteries,0.0,497.0,0.0,0.0,84.0,0.0,0.04142,0.0,0.0
2026-09-01T23:25:00+12:00,Muriwai 5kW + Batteries,0.0,493.0,0.0,0.0,84.0,0.0,0.04108,0.0,0.0
2026-09-01T23:30:00+12:00,Muriwai 5kW + Batteries,0.0,487.0,0.0,0.0,83.0,0.0,0.04058,0.0,0.0
2026-09-01T23:35:00+12:00,Muriwai 5kW + Batteries,0.0,474.0,0.0,0.0,83.0,0.0,0.0395,0.0,0.0
2026-09-01T23:40:00+12:00,Muriwai 5kW + Batteries,0.0,474.0,0.0,0.0,83.0,0.0,0.0395,0.0,0.0
2026-09-01T23:45:00+12:00,Muriwai 5kW + Batteries,0.0,480.0,0.0,0.0,83.0,0.0,0.04,0.0,0.0
2026-09-01T23:50:00+12:00,Muriwai 5kW + Batteries,0.0,475.0,0.0,0.0,82.0,0.0,0.03958,0.0,0.0
2026-09-01T23:55:00+12:00,Muriwai 5kW + Batteries,0.0,473.0,0.0,0.0,82.0,0.0,0.03942,0.0,0.0
2026-09-02T00:00:00+12:00,Muriwai 5kW + Batteries,0.0,467.0,0.0,0.0,82.0,0.0,0.03892,0.0,0.0
2026-09-02T00:05:00+12:00,Muriwai 5kW + Batteries,0.0,466.0,0.0,0.0,81.0,0.0,0.03883,0.0,0.0
2026-09-02T00:10:00+12:00,Muriwai 5kW + Batteries,0.0,456.0,0.0,0.0,81.0,0.0,0.038,0.0,0.0
2026-09-02T00:15:00+12:00,Muriwai 5kW + Batteries,0.0,457.0,0.0,0.0,81.0,0.0,0.03808,0.0,0.0
2026-09-02T00:20:00+12:00,Muriwai 5kW + Batteries,0.0,460.0,0.0,0.0,81.0,0.0,0.03833,0.0,0.0
2026-09-02T00:25:00+12:00,Muriwai 5kW + Batteries,0.0,468.0,0.0,0.0,80.0,0.0,0.039,0.0,0.0
2026-09-02T00:30:00+12:00,Muriwai 5kW + Batteries,0.0,460.0,0.0,0.0,80.0,0.0,0.03833,0.0,0.0
2026-09-02T00:35:00+12:00,Muriwai 5kW + Batteries,0.0,463.0,0.0,0.0,80.0,0.0,0.03858,0.0,0.0
2026-09-02T00:40:00+12:00,Muriwai 5kW + Batteries,0.0,457.0,0.0,0.0,79.0,0.0,0.03808,0.0,0.0
2026-09-02T00:45:00+12:00,Muriwai 5kW + Batteries,0.0,457.0,0.0,0.0,79.0,0.0,0.03808,0.0,0.0
2026-09-02T00:50:00+12:00,Muriwai 5kW + Batteries,0.0,466.0,0.0,0.0,79.0,0.0,0.03883,0.0,0.0
2026-09-02T00:55:00+12:00,Muriwai 5kW + Batteries,0.0,460.0,0.0,0.0,78.0,0.0,0.03833,0.0,0.0
2026-09-02T01:00:00+12:00,Muriwai 5kW + Batteries,0.0,462.0,0.0,0.0,78.0,0.0,0.0385,0.0,0.0
2026-09-02T01:05:00+12:00,Muriwai 5kW + Batteries,0.0,464.0,0.0,0.0,78.0,0.0,0.03867,0.0,0.0
2026-09-02T01:10:00+12:00,Muriwai 5kW + Batteries,0.0,464.0,0.0,0.0,78.0,0.0,0.03867,0.0,0.0
2026-09-02T01:15:00+12:00,Muriwai 5kW + Batteries,0.0,450.0,0.0,0.0,77.0,0.0,0.0375,0.0,0.0
2026-09-02T01:20:00+12:00,Muriwai 5kW + Batteries,0.0,458.0,0.0,0.0,77.0,0.0,0.03817,0.0,0.0
2026-09-02T01:25:00+12:00,Muriwai 5kW + Batteries,0.0,460.0,0.0,0.0,77.0,0.0,0.03833,0.0,0.0
2026-09-02T01:30:00+12:00,Muriwai 5kW + Batteries,0.0,459.0,0.0,0.0,76.0,0.0,0.03825,0.0,0.0
2026-09-02T01:35:00+12:00,Muriwai 5kW + Batteries,0.0,457.0,0.0,0.0,76.0,0.0,0.03808,0.0,0.0
2026-09-02T01:40:00+12:00,Muriwai 5kW + Batteries,0.0,455.0,0.0,0.0,76.0,0.0,0.03792,0.0,0.0
2026-09-02T01:45:00+12:00,Muriwai 5kW + Batteries,0.0,458.0,0.0,0.0,76.0,0.0,0.03817,0.0,0.0
2026-09-02T01:50:00+12:00,Muriwai 5kW + Batteries,0.0,460.0,0.0,0.0,75.0,0.0,0.03833,0.0,0.0
2026-09-02T02:00:00+12:00,Muriwai 5kW + Batteries,0.0,460.0,0.0,0.0,75.0,0.0,0.03833,0.0,0.0
2026-09-02T02:05:00+12:00,Muriwai 5kW + Batteries,0.0,458.0,0.0,0.0,75.0,0.0,0.03817,0.0,0.0
2026-09-02T02:10:00+12:00,Muriwai 5kW + Batteries,0.0,457.0,0.0,0.0,75.0,0.0,0.03808,0.0,0.0
2026-09-02T02:15:00+12:00,Muriwai 5kW + Batteries,0.0,461.0,0.0,0.0,74.0,0.0,0.03842,0.0,0.0
2026-09-02T02:20:00+12:00,Muriwai 5kW + Batteries,0.0,461.0,0.0,0.0,74.0,0.0,0.03842,0.0,0.0
2026-09-02T02:25:00+12:00,Muriwai 5kW + Batteries,0.0,462.0,0.0,0.0,74.0,0.0,0.0385,0.0,0.0
2026-09-02T02:30:00+12:00,Muriwai 5kW + Batteries,0.0,465.0,0.0,0.0,73.0,0.0,0.03875,0.0,0.0
2026-09-02T02:35:00+12:00,Muriwai 5kW + Batteries,0.0,463.0,0.0,0.0,73.0,0.0,0.03858,0.0,0.0
2026-09-02T02:40:00+12:00,Muriwai 5kW + Batteries,0.0,465.0,0.0,0.0,73.0,0.0,0.03875,0.0,0.0
2026-09-02T02:45:00+12:00,Muriwai 5kW + Batteries,0.0,466.0,0.0,0.0,73.0,0.0,0.03883,0.0,0.0
2026-09-02T02:50:00+12:00,Muriwai 5kW + Batteries,0.0,466.0,0.0,0.0,72.0,0.0,0.03883,0.0,0.0
2026-09-02T02:55:00+12:00,Muriwai 5kW + Batteries,0.0,468.0,0.0,0.0,72.0,0.0,0.039,0.0,0.0
2026-09-02T03:00:00+12:00,Muriwai 5kW + Batteries,0.0,471.0,0.0,0.0,72.0,0.0,0.03925,0.0,0.0
2026-09-02T03:05:00+12:00,Muriwai 5kW + Batteries,0.0,467.0,0.0,0.0,71.0,0.0,0.03892,0.0,0.0
2026-09-02T03:10:00+12:00,Muriwai 5kW + Batteries,0.0,462.0,0.0,0.0,71.0,0.0,0.0385,0.0,0.0
2026-09-02T03:15:00+12:00,Muriwai 5kW + Batteries,0.0,460.0,0.0,0.0,71.0,0.0,0.03833,0.0,0.0
2026-09-02T03:20:00+12:00,Muriwai 5kW + Batteries,0.0,463.0,0.0,0.0,71.0,0.0,0.03858,0.0,0.0
2026-09-02T03:25:00+12:00,Muriwai 5kW + Batteries,0.0,457.0,0.0,0.0,70.0,0.0,0.03808,0.0,0.0
2026-09-02T03:30:00+12:00,Muriwai 5kW + Batteries,0.0,458.0,0.0,0.0,70.0,0.0,0.03817,0.0,0.0
2026-09-02T03:35:00+12:00,Muriwai 5kW + Batteries,0.0,467.0,0.0,0.0,70.0,0.0,0.03892,0.0,0.0
2026-09-02T03:40:00+12:00,Muriwai 5kW + Batteries,0.0,469.0,0.0,0.0,69.0,0.0,0.03908,0.0,0.0
2026-09-02T03:45:00+12:00,Muriwai 5kW + Batteries,0.0,467.0,0.0,0.0,69.0,0.0,0.03892,0.0,0.0
2026-09-02T03:50:00+12:00,Muriwai 5kW + Batteries,0.0,465.0,0.0,0.0,69.0,0.0,0.03875,0.0,0.0
2026-09-02T03:55:00+12:00,Muriwai 5kW + Batteries,0.0,458.0,0.0,0.0,68.0,0.0,0.03817,0.0,0.0
2026-09-02T04:00:00+12:00,Muriwai 5kW + Batteries,0.0,439.0,0.0,0.0,68.0,0.0,0.03658,0.0,0.0
2026-09-02T04:05:00+12:00,Muriwai 5kW + Batteries,0.0,441.0,0.0,0.0,68.0,0.0,0.03675,0.0,0.0
2026-09-02T04:10:00+12:00,Muriwai 5kW + Batteries,0.0,445.0,0.0,0.0,68.0,0.0,0.03708,0.0,0.0
2026-09-02T04:15:00+12:00,Muriwai 5kW + Batteries,0.0,446.0,0.0,0.0,67.0,0.0,0.03717,0.0,0.0
2026-09-02T04:20:00+12:00,Muriwai 5kW + Batteries,0.0,443.0,0.0,0.0,67.0,0.0,0.03692,0.0,0.0
2026-09-02T04:25:00+12:00,Muriwai 5kW + Batteries,0.0,442.0,0.0,0.0,67.0,0.0,0.03683,0.0,0.0
2026-09-02T04:30:00+12:00,Muriwai 5kW + Batteries,0.0,442.0,0.0,0.0,67.0,0.0,0.03683,0.0,0.0
2026-09-02T04:35:00+12:00,Muriwai 5kW + Batteries,0.0,446.0,0.0,0.0,66.0,0.0,0.03717,0.0,0.0
2026-09-02T04:45:00+12:00,Muriwai 5kW + Batteries,0.0,445.0,0.0,0.0,66.0,0.0,0.03708,0.0,0.0
2026-09-02T04:50:00+12:00,Muriwai 5kW + Batteries,0.0,446.0,0.0,0.0,66.0,0.0,0.03717,0.0,0.0
2026-09-02T04:55:00+12:00,Muriwai 5kW + Batteries,0.0,447.0,0.0,0.0,65.0,0.0,0.03725,0.0,0.0
2026-09-02T05:00:00+12:00,Muriwai 5kW + Batteries,0.0,449.0,0.0,0.0,65.0,0.0,0.03742,0.0,0.0
2026-09-02T05:05:00+12:00,Muriwai 5kW + Batteries,0.0,464.0,0.0,0.0,65.0,0.0,0.03867,0.0,0.0
2026-09-02T05:10:00+12:00,Muriwai 5kW + Batteries,0.0,466.0,0.0,0.0,65.0,0.0,0.03883,0.0,0.0
2026-09-02T05:15:00+12:00,Muriwai 5kW + Batteries,0.0,446.0,0.0,0.0,64.0,0.0,0.03717,0.0,0.0
2026-09-02T05:20:00+12:00,Muriwai 5kW + Batteries,0.0,444.0,0.0,0.0,64.0,0.0,0.037,0.0,0.0
2026-09-02T05:25:00+12:00,Muriwai 5kW + Batteries,0.0,441.0,0.0,0.0,64.0,0.0,0.03675,0.0,0.0
2026-09-02T05:30:00+12:00,Muriwai 5kW + Batteries,0.0,443.0,0.0,0.0,64.0,0.0,0.03692,0.0,0.0
2026-09-02T05:35:00+12:00,Muriwai 5kW + Batteries,0.0,439.0,0.0,0.0,63.0,0.0,0.03658,0.0,0.0
2026-09-02T05:40:00+12:00,Muriwai 5kW + Batteries,0.0,444.0,0.0,0.0,63.0,0.0,0.037,0.0,0.0
2026-09-02T05:45:00+12:00,Muriwai 5kW + Batteries,0.0,442.0,0.0,0.0,63.0,0.0,0.03683,0.0,0.0
2026-09-02T05:50:00+12:00,Muriwai 5kW + Batteries,0.0,439.0,0.0,0.0,62.0,0.0,0.03658,0.0,0.0
2026-09-02T05:55:00+12:00,Muriwai 5kW + Batteries,0.0,442.0,0.0,0.0,62.0,0.0,0.03683,0.0,0.0
2026-09-02T06:00:00+12:00,Muriwai 5kW + Batteries,0.0,439.0,0.0,0.0,62.0,0.0,0.03658,0.0,0.0
2026-09-02T06:05:00+12:00,Muriwai 5kW + Batteries,0.0,441.0,0.0,0.0,62.0,0.0,0.03675,0.0,0.0
2026-09-02T06:10:00+12:00,Muriwai 5kW + Batteries,0.0,467.0,0.0,0.0,61.0,0.0,0.03892,0.0,0.0
2026-09-02T06:15:00+12:00,Muriwai 5kW + Batteries,0.0,486.0,0.0,0.0,61.0,0.0,0.0405,0.0,0.0
2026-09-02T06:20:00+12:00,Muriwai 5kW + Batteries,0.0,502.0,0.0,0.0,61.0,0.0,0.04183,0.0,0.0
2026-09-02T06:25:00+12:00,Muriwai 5kW + Batteries,0.0,504.0,0.0,0.0,60.0,0.0,0.042,0.0,0.0
2026-09-02T06:30:00+12:00,Muriwai 5kW + Batteries,0.0,561.0,0.0,0.0,60.0,0.0,0.04675,0.0,0.0
2026-09-02T06:35:00+12:00,Muriwai 5kW + Batteries,22.0,568.0,0.0,0.0,60.0,0.00183,0.04733,0.0,0.0
2026-09-02T06:40:00+12:00,Muriwai 5kW + Batteries,84.0,559.0,0.0,0.0,59.0,0.007,0.04658,0.0,0.0
2026-09-02T06:45:00+12:00,Muriwai 5kW + Batteries,138.0,564.0,0.0,0.0,59.0,0.0115,0.047,0.0,0.0
2026-09-02T06:50:00+12:00,Muriwai 5kW + Batteries,202.0,962.0,0.0,0.0,59.0,0.01683,0.08017,0.0,0.0
2026-09-02T06:55:00+12:00,Muriwai 5kW + Batteries,278.0,998.0,0.0,0.0,58.0,0.02317,0.08317,0.0,0.0
2026-09-02T07:00:00+12:00,Muriwai 5kW + Batteries,404.0,992.0,0.0,0.0,58.0,0.03367,0.08267,0.0,0.0
2026-09-02T07:05:00+12:00,Muriwai 5kW + Batteries,330.0,988.0,0.0,0.0,58.0,0.0275,0.08233,0.0,0.0
2026-09-02T07:10:00+12:00,Muriwai 5kW + Batteries,605.0,990.0,0.0,0.0,57.0,0.05042,0.0825,0.0,0.0
2026-09-02T07:15:00+12:00,Muriwai 5kW + Batteries,1197.0,969.0,0.0,0.0,57.0,0.09975,0.08075,0.0,0.0
2026-09-02T07:20:00+12:00,Muriwai 5kW + Batteries,1418.0,971.0,0.0,0.0,57.0,0.11817,0.08092,0.0,0.0
2026-09-02T07:30:00+12:00,Muriwai 5kW + Batteries,1564.0,972.0,0.0,0.0,58.0,0.13033,0.081,0.0,0.0
2026-09-02T07:35:00+12:00,Muriwai 5kW + Batteries,1662.0,971.0,0.0,0.0,58.0,0.1385,0.08092,0.0,0.0
2026-09-02T07:40:00+12:00,Muriwai 5kW + Batteries,1753.0,973.0,0.0,0.0,58.0,0.14608,0.08108,0.0,0.0
2026-09-02T07:45:00+12:00,Muriwai 5kW + Batteries,1828.0,970.0,0.0,0.0,59.0,0.15233,0.08083,0.0,0.0
2026-09-02T07:50:00+12:00,Muriwai 5kW + Batteries,1884.0,974.0,0.0,0.0,59.0,0.157,0.08117,0.0,0.0
2026-09-02T07:55:00+12:00,Muriwai 5kW + Batteries,1965.0,973.0,0.0,0.0,60.0,0.16375,0.08108,0.0,0.0
2026-09-02T08:00:00+12:00,Muriwai 5kW + Batteries,2031.0,965.0,0.0,0.0,60.0,0.16925,0.08042,0.0,0.0
2026-09-02T08:05:00+12:00,Muriwai 5kW + Batteries,2102.0,991.0,0.0,0.0,61.0,0.17517,0.08258,0.0,0.0
2026-09-02T08:10:00+12:00,Muriwai 5kW + Batteries,2170.0,991.0,0.0,0.0,62.0,0.18083,0.08258,0.0,0.0
2026-09-02T08:15:00+12:00,Muriwai 5kW + Batteries,2237.0,2154.0,0.0,0.0,62.0,0.18642,0.1795,0.0,0.0
2026-09-02T08:20:00+12:00,Muriwai 5kW + Batteries,2292.0,2188.0,0.0,0.0,63.0,0.191,0.18233,0.0,0.0
2026-09-02T08:25:00+12:00,Muriwai 5kW + Batteries,2344.0,2190.0,0.0,0.0,63.0,0.19533,0.1825,0.0,0.0
2026-09-02T08:30:00+12:00,Muriwai 5kW + Batteries,2401.0,2173.0,0.0,0.0,63.0,0.20008,0.18108,0.0,0.0
2026-09-02T08:35:00+12:00,Muriwai 5kW + Batteries,2473.0,2163.0,0.0,0.0,63.0,0.20608,0.18025,0.0,0.0
2026-09-02T08:40:00+12:00,Muriwai 5kW + Batteries,2515.0,942.0,0.0,0.0,63.0,0.20958,0.0785,0.0,0.0
2026-09-02T08:45:00+12:00,Muriwai 5kW + Batteries,2562.0,942.0,0.0,0.0,64.0,0.2135,0.0785,0.0,0.0
2026-09-02T08:50:00+12:00,Muriwai 5kW + Batteries,2607.0,938.0,0.0,0.0,65.0,0.21725,0.07817,0.0,0.0
2026-09-02T08:55:00+12:00,Muriwai 5kW + Batteries,2610.0,936.0,0.0,0.0,66.0,0.2175,0.078,0.0,0.0
2026-09-02T09:00:00+12:00,Muriwai 5kW + Batteries,2666.0,932.0,0.0,0.0,67.0,0.22217,0.07767,0.0,0.0
2026-09-02T09:05:00+12:00,Muriwai 5kW + Batteries,2715.0,925.0,0.0,0.0,68.0,0.22625,0.07708,0.0,0.0
2026-09-02T09:10:00+12:00,Muriwai 5kW + Batteries,2746.0,915.0,0.0,0.0,69.0,0.22883,0.07625,0.0,0.0
2026-09-02T09:15:00+12:00,Muriwai 5kW + Batteries,2772.0,907.0,0.0,0.0,70.0,0.231,0.07558,0.0,0.0
2026-09-02T09:20:00+12:00,Muriwai 5kW + Batteries,2810.0,907.0,0.0,0.0,71.0,0.23417,0.07558,0.0,0.0
2026-09-02T09:25:00+12:00,Muriwai 5kW + Batteries,2827.0,903.0,0.0,0.0,72.0,0.23558,0.07525,0.0,0.0
2026-09-02T09:30:00+12:00,Muriwai 5kW + Batteries,2839.0,902.0,0.0,0.0,74.0,0.23658,0.07517,0.0,0.0
2026-09-02T09:35:00+12:00,Muriwai 5kW + Batteries,2887.0,892.0,0.0,0.0,75.0,0.24058,0.07433,0.0,0.0
2026-09-02T09:40:00+12:00,Muriwai 5kW + Batteries,2872.0,883.0,0.0,0.0,76.0,0.23933,0.07358,0.0,0.0
2026-09-02T09:45:00+12:00,Muriwai 5kW + Batteries,2884.0,882.0,0.0,0.0,77.0,0.24033,0.0735,0.0,0.0
2026-09-02T09:50:00+12:00,Muriwai 5kW + Batteries,2857.0,884.0,0.0,0.0,78.0,0.23808,0.07367,0.0,0.0
2026-09-02T09:55:00+12:00,Muriwai 5kW + Batteries,2890.0,887.0,0.0,0.0,79.0,0.24083,0.07392,0.0,0.0
2026-09-02T10:00:00+12:00,Muriwai 5kW + Batteries,2917.0,891.0,0.0,0.0,80.0,0.24308,0.07425,0.0,0.0
2026-09-02T10:05:00+12:00,Muriwai 5kW + Batteries,2938.0,890.0,0.0,0.0,82.0,0.24483,0.07417,0.0,0.0
2026-09-02T10:15:00+12:00,Muriwai 5kW + Batteries,2954.0,892.0,0.0,0.0,83.0,0.24617,0.07433,0.0,0.0
2026-09-02T10:20:00+12:00,Muriwai 5kW + Batteries,2941.0,889.0,0.0,0.0,84.0,0.24508,0.07408,0.0,0.0
2026-09-02T10:25:00+12:00,Muriwai 5kW + Batteries,2951.0,890.0,0.0,0.0,85.0,0.24592,0.07417,0.0,0.0
2026-09-02T10:30:00+12:00,Muriwai 5kW + Batteries,2950.0,892.0,0.0,0.0,86.0,0.24583,0.07433,0.0,0.0
2026-09-02T10:35:00+12:00,Muriwai 5kW + Batteries,2961.0,892.0,0.0,0.0,87.0,0.24675,0.07433,0.0,0.0
2026-09-02T10:40:00+12:00,Muriwai 5kW + Batteries,2926.0,886.0,0.0,0.0,89.0,0.24383,0.07383,0.0,0.0
2026-09-02T10:45:00+12:00,Muriwai 5kW + Batteries,2951.0,886.0,0.0,0.0,90.0,0.24592,0.07383,0.0,0.0
2026-09-02T10:50:00+12:00,Muriwai 5kW + Batteries,2906.0,886.0,0.0,0.0,91.0,0.24217,0.07383,0.0,0.0
2026-09-02T10:55:00+12:00,Muriwai 5kW + Batteries,2901.0,884.0,0.0,0.0,92.0,0.24175,0.07367,0.0,0.0
2026-09-02T11:00:00+12:00,Muriwai 5kW + Batteries,2947.0,885.0,0.0,0.0,93.0,0.24558,0.07375,0.0,0.0
2026-09-02T11:05:00+12:00,Muriwai 5kW + Batteries,2912.0,887.0,0.0,0.0,94.0,0.24267,0.07392,0.0,0.0
2026-09-02T11:10:00+12:00,Muriwai 5kW + Batteries,2884.0,888.0,0.0,0.0,95.0,0.24033,0.074,0.0,0.0
2026-09-02T11:15:00+12:00,Muriwai 5kW + Batteries,2834.0,886.0,0.0,0.0,97.0,0.23617,0.07383,0.0,0.0
2026-09-02T11:20:00+12:00,Muriwai 5kW + Batteries,2833.0,885.0,0.0,0.0,98.0,0.23608,0.07375,0.0,0.0
2026-09-02T11:25:00+12:00,Muriwai 5kW + Batteries,2833.0,889.0,0.0,0.0,99.0,0.23608,0.07408,0.0,0.0
2026-09-02T11:30:00+12:00,Muriwai 5kW + Batteries,2800.0,886.0,0.0,0.0,100.0,0.23333,0.07383,0.0,0.0
2026-09-02T11:35:00+12:00,Muriwai 5kW + Batteries,2813.0,885.0,0.0,0.0,100.0,0.23442,0.07375,0.0,0.0
2026-09-02T11:40:00+12:00,Muriwai 5kW + Batteries,2796.0,886.0,0.0,0.0,100.0,0.233,0.07383,0.0,0.0
2026-09-02T11:45:00+12:00,Muriwai 5kW + Batteries,2760.0,884.0,0.0,0.0,100.0,0.23,0.07367,0.0,0.0
2026-09-02T11:50:00+12:00,Muriwai 5kW + Batteries,2742.0,895.0,0.0,1712.0,100.0,0.2285,0.07458,0.0,0.14267
2026-09-02T11:55:00+12:00,Muriwai 5kW + Batteries,2726.0,896.0,0.0,1889.0,99.0,0.22717,0.07467,0.0,0.15742
2026-09-02T12:00:00+12:00,Muriwai 5kW + Batteries,2699.0,895.0,0.0,1787.0,99.0,0.22492,0.07458,0.0,0.14892
2026-09-02T12:05:00+12:00,Muriwai 5kW + Batteries,2662.0,895.0,0.0,1746.0,99.0,0.22183,0.07458,0.0,0.1455
2026-09-02T12:10:00+12:00,Muriwai 5kW + Batteries,2639.0,895.0,0.0,1718.0,99.0,0.21992,0.07458,0.0,0.14317
2026-09-02T12:15:00+12:00,Muriwai 5kW + Batteries,2610.0,894.0,0.0,1686.0,100.0,0.2175,0.0745,0.0,0.1405
2026-09-02T12:20:00+12:00,Muriwai 5kW + Batteries,2553.0,551.0,0.0,1976.0,100.0,0.21275,0.04592,0.0,0.16467
2026-09-02T12:25:00+12:00,Muriwai 5kW + Batteries,2527.0,549.0,0.0,1950.0,100.0,0.21058,0.04575,0.0,0.1625
2026-09-02T12:30:00+12:00,Muriwai 5kW + Batteries,2460.0,548.0,0.0,1890.0,100.0,0.205,0.04567,0.0,0.1575
2026-09-02T12:35:00+12:00,Muriwai 5kW + Batteries,2433.0,548.0,0.0,1864.0,100.0,0.20275,0.04567,0.0,0.15533
2026-09-02T12:40:00+12:00,Muriwai 5kW + Batteries,2231.0,546.0,0.0,1657.0,100.0,0.18592,0.0455,0.0,0.13808
2026-09-02T12:45:00+12:00,Muriwai 5kW + Batteries,2377.0,542.0,0.0,1803.0,100.0,0.19808,0.04517,0.0,0.15025
2026-09-02T12:50:00+12:00,Muriwai 5kW + Batteries,2314.0,542.0,0.0,1743.0,100.0,0.19283,0.04517,0.0,0.14525
2026-09-02T13:00:00+12:00,Muriwai 5kW + Batteries,2261.0,542.0,0.0,1691.0,100.0,0.18842,0.04517,0.0,0.14092
2026-09-02T13:05:00+12:00,Muriwai 5kW + Batteries,2207.0,543.0,0.0,1636.0,100.0,0.18392,0.04525,0.0,0.13633
2026-09-02T13:10:00+12:00,Muriwai 5kW + Batteries,2152.0,546.0,0.0,1579.0,100.0,0.17933,0.0455,0.0,0.13158
2026-09-02T13:15:00+12:00,Muriwai 5kW + Batteries,1945.0,540.0,0.0,1376.0,100.0,0.16208,0.045,0.0,0.11467
2026-09-02T13:20:00+12:00,Muriwai 5kW + Batteries,1998.0,537.0,0.0,1431.0,100.0,0.1665,0.04475,0.0,0.11925
2026-09-02T13:25:00+12:00,Muriwai 5kW + Batteries,1987.0,538.0,0.0,1414.0,100.0,0.16558,0.04483,0.0,0.11783
2026-09-02T13:30:00+12:00,Muriwai 5kW + Batteries,1936.0,535.0,0.0,1368.0,100.0,0.16133,0.04458,0.0,0.114
2026-09-02T13:35:00+12:00,Muriwai 5kW + Batteries,1875.0,536.0,0.0,1304.0,100.0,0.15625,0.04467,0.0,0.10867
2026-09-02T13:40:00+12:00,Muriwai 5kW + Batteries,1811.0,534.0,0.0,1240.0,100.0,0.15092,0.0445,0.0,0.10333
2026-09-02T13:45:00+12:00,Muriwai 5kW + Batteries,1738.0,540.0,0.0,1162.0,100.0,0.14483,0.045,0.0,0.09683
2026-09-02T13:50:00+12:00,Muriwai 5kW + Batteries,1645.0,538.0,0.0,1074.0,100.0,0.13708,0.04483,0.0,0.0895
2026-09-02T13:55:00+12:00,Muriwai 5kW + Batteries,1646.0,536.0,0.0,1081.0,100.0,0.13717,0.04467,0.0,0.09008
2026-09-02T14:00:00+12:00,Muriwai 5kW + Batteries,1607.0,537.0,0.0,1044.0,100.0,0.13392,0.04475,0.0,0.087
2026-09-02T14:05:00+12:00,Muriwai 5kW + Batteries,1516.0,537.0,0.0,954.0,100.0,0.12633,0.04475,0.0,0.0795
2026-09-02T14:10:00+12:00,Muriwai 5kW + Batteries,1386.0,536.0,0.0,818.0,100.0,0.1155,0.04467,0.0,0.06817
2026-09-02T14:15:00+12:00,Muriwai 5kW + Batteries,1252.0,533.0,0.0,692.0,100.0,0.10433,0.04442,0.0,0.05767
2026-09-02T14:20:00+12:00,Muriwai 5kW + Batteries,1175.0,535.0,0.0,619.0,100.0,0.09792,0.04458,0.0,0.05158
2026-09-02T14:25:00+12:00,Muriwai 5kW + Batteries,1153.0,533.0,0.0,591.0,100.0,0.09608,0.04442,0.0,0.04925
2026-09-02T14:30:00+12:00,Muriwai 5kW + Batteries,1095.0,528.0,0.0,538.0,100.0,0.09125,0.044,0.0,0.04483
2026-09-02T14:35:00+12:00,Muriwai 5kW + Batteries,1053.0,530.0,0.0,497.0,100.0,0.08775,0.04417,0.0,0.04142
2026-09-02T14:40:00+12:00,Muriwai 5kW + Batteries,1026.0,532.0,0.0,464.0,100.0,0.0855,0.04433,0.0,0.03867
2026-09-02T14:45:00+12:00,Muriwai 5kW + Batteries,804.0,525.0,0.0,246.0,100.0,0.067,0.04375,0.0,0.0205
2026-09-02T14:50:00+12:00,Muriwai 5kW + Batteries,785.0,524.0,0.0,232.0,100.0,0.06542,0.04367,0.0,0.01933
2026-09-02T14:55:00+12:00,Muriwai 5kW + Batteries,718.0,523.0,0.0,170.0,100.0,0.05983,0.04358,0.0,0.01417
2026-09-02T15:00:00+12:00,Muriwai 5kW + Batteries,733.0,526.0,0.0,173.0,100.0,0.06108,0.04383,0.0,0.01442
2026-09-02T15:05:00+12:00,Muriwai 5kW + Batteries,694.0,527.0,0.0,140.0,100.0,0.05783,0.04392,0.0,0.01167
2026-09-02T15:10:00+12:00,Muriwai 5kW + Batteries,646.0,528.0,0.0,92.0,100.0,0.05383,0.044,0.0,0.00767
2026-09-02T15:15:00+12:00,Muriwai 5kW + Batteries,609.0,530.0,0.0,58.0,100.0,0.05075,0.04417,0.0,0.00483
2026-09-02T15:20:00+12:00,Muriwai 5kW + Batteries,559.0,533.0,0.0,0.0,100.0,0.04658,0.04442,0.0,0.0
2026-09-02T15:25:00+12:00,Muriwai 5kW + Batteries,570.0,533.0,0.0,0.0,100.0,0.0475,0.04442,0.0,0.0
2026-09-02T15:30:00+12:00,Muriwai 5kW + Batteries,492.0,532.0,60.0,0.0,100.0,0.041,0.04433,0.005,0.0
2026-09-02T15:35:00+12:00,Muriwai 5kW + Batteries,460.0,536.0,99.0,0.0,100.0,0.03833,0.04467,0.00825,0.0
2026-09-02T15:40:00+12:00,Muriwai 5kW + Batteries,394.0,533.0,156.0,0.0,100.0,0.03283,0.04442,0.013,0.0
2026-09-02T15:50:00+12:00,Muriwai 5kW + Batteries,360.0,534.0,191.0,0.0,100.0,0.03,0.0445,0.01592,0.0
2026-09-02T15:55:00+12:00,Muriwai 5kW + Batteries,345.0,545.0,221.0,0.0,100.0,0.02875,0.04542,0.01842,0.0
2026-09-02T16:00:00+12:00,Muriwai 5kW + Batteries,316.0,544.0,243.0,0.0,100.0,0.02633,0.04533,0.02025,0.0
2026-09-02T16:05:00+12:00,Muriwai 5kW + Batteries,318.0,543.0,240.0,0.0,100.0,0.0265,0.04525,0.02,0.0
2026-09-02T16:10:00+12:00,Muriwai 5kW + Batteries,345.0,538.0,204.0,0.0,100.0,0.02875,0.04483,0.017,0.0
2026-09-02T16:15:00+12:00,Muriwai 5kW + Batteries,369.0,538.0,182.0,0.0,100.0,0.03075,0.04483,0.01517,0.0
2026-09-02T16:20:00+12:00,Muriwai 5kW + Batteries,355.0,534.0,194.0,0.0,100.0,0.02958,0.0445,0.01617,0.0
2026-09-02T16:25:00+12:00,Muriwai 5kW + Batteries,334.0,535.0,221.0,0.0,100.0,0.02783,0.04458,0.01842,0.0
2026-09-02T16:30:00+12:00,Muriwai 5kW + Batteries,289.0,543.0,271.0,0.0,100.0,0.02408,0.04525,0.02258,0.0
2026-09-02T16:35:00+12:00,Muriwai 5kW + Batteries,251.0,539.0,302.0,0.0,100.0,0.02092,0.04492,0.02517,0.0
2026-09-02T16:40:00+12:00,Muriwai 5kW + Batteries,231.0,550.0,340.0,0.0,100.0,0.01925,0.04583,0.02833,0.0
2026-09-02T16:45:00+12:00,Muriwai 5kW + Batteries,205.0,541.0,362.0,0.0,100.0,0.01708,0.04508,0.03017,0.0
2026-09-02T16:50:00+12:00,Muriwai 5kW + Batteries,185.0,546.0,384.0,0.0,100.0,0.01542,0.0455,0.032,0.0
2026-09-02T16:55:00+12:00,Muriwai 5kW + Batteries,161.0,543.0,400.0,0.0,100.0,0.01342,0.04525,0.03333,0.0
2026-09-02T17:00:00+12:00,Muriwai 5kW + Batteries,126.0,548.0,436.0,0.0,100.0,0.0105,0.04567,0.03633,0.0
2026-09-02T17:05:00+12:00,Muriwai 5kW + Batteries,105.0,529.0,0.0,0.0,99.0,0.00875,0.04408,0.0,0.0
2026-09-02T17:10:00+12:00,Muriwai 5kW + Batteries,81.0,544.0,322.0,0.0,99.0,0.00675,0.04533,0.02683,0.0
2026-09-02T17:15:00+12:00,Muriwai 5kW + Batteries,45.0,544.0,469.0,0.0,99.0,0.00375,0.04533,0.03908,0.0
2026-09-02T17:20:00+12:00,Muriwai 5kW + Batteries,24.0,543.0,506.0,0.0,99.0,0.002,0.04525,0.04217,0.0
2026-09-02T17:25:00+12:00,Muriwai 5kW + Batteries,5.0,545.0,545.0,0.0,99.0,0.00042,0.04542,0.04542,0.0
2026-09-02T17:30:00+12:00,Muriwai 5kW + Batteries,0.0,547.0,574.0,0.0,99.0,0.0,0.04558,0.04783,0.0
2026-09-02T17:35:00+12:00,Muriwai 5kW + Batteries,0.0,546.0,580.0,0.0,99.0,0.0,0.0455,0.04833,0.0
2026-09-02T17:40:00+12:00,Muriwai 5kW + Batteries,0.0,546.0,592.0,0.0,99.0,0.0,0.0455,0.04933,0.0
2026-09-02T17:45:00+12:00,Muriwai 5kW + Batteries,0.0,113.0,160.0,0.0,99.0,0.0,0.00942,0.01333,0.0
2026-09-02T17:50:00+12:00,Muriwai 5kW + Batteries,0.0,113.0,145.0,0.0,99.0,0.0,0.00942,0.01208,0.0
2026-09-02T17:55:00+12:00,Muriwai 5kW + Batteries,0.0,115.0,162.0,0.0,99.0,0.0,0.00958,0.0135,0.0
2026-09-02T18:00:00+12:00,Muriwai 5kW + Batteries,0.0,115.0,163.0,0.0,99.0,0.0,0.00958,0.01358,0.0
2026-09-02T18:05:00+12:00,Muriwai 5kW + Batteries,0.0,115.0,162.0,0.0,99.0,0.0,0.00958,0.0135,0.0
2026-09-02T18:10:00+12:00,Muriwai 5kW + Batteries,0.0,115.0,161.0,0.0,99.0,0.0,0.00958,0.01342,0.0
2026-09-02T18:15:00+12:00,Muriwai 5kW + Batteries,0.0,116.0,155.0,0.0,99.0,0.0,0.00967,0.01292,0.0
2026-09-02T18:20:00+12:00,Muriwai 5kW + Batteries,0.0,118.0,168.0,0.0,99.0,0.0,0.00983,0.014,0.0
2026-09-02T18:25:00+12:00,Muriwai 5kW + Batteries,0.0,119.0,161.0,0.0,99.0,0.0,0.00992,0.01342,0.0
2026-09-02T18:30:00+12:00,Muriwai 5kW + Batteries,0.0,118.0,164.0,0.0,99.0,0.0,0.00983,0.01367,0.0
2026-09-02T18:40:00+12:00,Muriwai 5kW + Batteries,0.0,118.0,168.0,0.0,99.0,0.0,0.00983,0.014,0.0
2026-09-02T18:45:00+12:00,Muriwai 5kW + Batteries,0.0,118.0,164.0,0.0,99.0,0.0,0.00983,0.01367,0.0
2026-09-02T18:50:00+12:00,Muriwai 5kW + Batteries,0.0,116.0,161.0,0.0,99.0,0.0,0.00967,0.01342,0.0
2026-09-02T18:55:00+12:00,Muriwai 5kW + Batteries,0.0,118.0,165.0,0.0,99.0,0.0,0.00983,0.01375,0.0
2026-09-02T19:00:00+12:00,Muriwai 5kW + Batteries,0.0,118.0,164.0,0.0,99.0,0.0,0.00983,0.01367,0.0
2026-09-02T19:05:00+12:00,Muriwai 5kW + Batteries,0.0,117.0,161.0,0.0,99.0,0.0,0.00975,0.01342,0.0
2026-09-02T19:10:00+12:00,Muriwai 5kW + Batteries,0.0,115.0,164.0,0.0,99.0,0.0,0.00958,0.01367,0.0
2026-09-02T19:15:00+12:00,Muriwai 5kW + Batteries,0.0,116.0,165.0,0.0,99.0,0.0,0.00967,0.01375,0.0
2026-09-02T19:20:00+12:00,Muriwai 5kW + Batteries,0.0,115.0,164.0,0.0,99.0,0.0,0.00958,0.01367,0.0
2026-09-02T19:25:00+12:00,Muriwai 5kW + Batteries,0.0,115.0,160.0,0.0,99.0,0.0,0.00958,0.01333,0.0
2026-09-02T19:30:00+12:00,Muriwai 5kW + Batteries,0.0,115.0,166.0,0.0,99.0,0.0,0.00958,0.01383,0.0
2026-09-02T19:35:00+12:00,Muriwai 5kW + Batteries,0.0,117.0,165.0,0.0,99.0,0.0,0.00975,0.01375,0.0
2026-09-02T19:40:00+12:00,Muriwai 5kW + Batteries,0.0,116.0,161.0,0.0,99.0,0.0,0.00967,0.01342,0.0
2026-09-02T19:45:00+12:00,Muriwai 5kW + Batteries,0.0,118.0,162.0,0.0,99.0,0.0,0.00983,0.0135,0.0
2026-09-02T19:50:00+12:00,Muriwai 5kW + Batteries,0.0,118.0,164.0,0.0,99.0,0.0,0.00983,0.01367,0.0
2026-09-02T19:55:00+12:00,Muriwai 5kW + Batteries,0.0,117.0,167.0,0.0,99.0,0.0,0.00975,0.01392,0.0
2026-09-02T20:00:00+12:00,Muriwai 5kW + Batteries,0.0,116.0,160.0,0.0,99.0,0.0,0.00967,0.01333,0.0
2026-09-02T20:05:00+12:00,Muriwai 5kW + Batteries,0.0,117.0,166.0,0.0,99.0,0.0,0.00975,0.01383,0.0
2026-09-02T20:10:00+12:00,Muriwai 5kW + Batteries,0.0,117.0,166.0,0.0,99.0,0.0,0.00975,0.01383,0.0
2026-09-02T20:15:00+12:00,Muriwai 5kW + Batteries,0.0,118.0,166.0,0.0,99.0,0.0,0.00983,0.01383,0.0
2026-09-02T20:20:00+12:00,Muriwai 5kW + Batteries,0.0,118.0,167.0,0.0,99.0,0.0,0.00983,0.01392,0.0
2026-09-02T20:25:00+12:00,Muriwai 5kW + Batteries,0.0,119.0,168.0,0.0,99.0,0.0,0.00992,0.014,0.0
2026-09-02T20:30:00+12:00,Muriwai 5kW + Batteries,0.0,118.0,169.0,0.0,99.0,0.0,0.00983,0.01408,0.0
2026-09-02T20:35:00+12:00,Muriwai 5kW + Batteries,0.0,117.0,164.0,0.0,100.0,0.0,0.00975,0.01367,0.0
2026-09-02T20:40:00+12:00,Muriwai 5kW + Batteries,0.0,117.0,167.0,0.0,100.0,0.0,0.00975,0.01392,0.0
2026-09-02T20:45:00+12:00,Muriwai 5kW + Batteries,0.0,117.0,168.0,0.0,100.0,0.0,0.00975,0.014,0.0
2026-09-02T20:50:00+12:00,Muriwai 5kW + Batteries,0.0,113.0,151.0,0.0,100.0,0.0,0.00942,0.01258,0.0
2026-09-02T20:55:00+12:00,Muriwai 5kW + Batteries,0.0,112.0,156.0,0.0,100.0,0.0,0.00933,0.013,0.0
2026-09-02T21:00:00+12:00,Muriwai 5kW + Batteries,0.0,116.0,164.0,0.0,100.0,0.0,0.00967,0.01367,0.0
2026-09-02T21:05:00+12:00,Muriwai 5kW + Batteries,0.0,115.0,0.0,0.0,99.0,0.0,0.00958,0.0,0.0
2026-09-02T21:10:00+12:00,Muriwai 5kW + Batteries,0.0,113.0,0.0,0.0,99.0,0.0,0.00942,0.0,0.0
2026-09-02T21:15:00+12:00,Muriwai 5kW + Batteries,0.0,108.0,0.0,0.0,99.0,0.0,0.009,0.0,0.0
2026-09-02T21:20:00+12:00,Muriwai 5kW + Batteries,0.0,109.0,0.0,0.0,99.0,0.0,0.00908,0.0,0.0
2026-09-02T21:25:00+12:00,Muriwai 5kW + Batteries,0.0,110.0,0.0,0.0,99.0,0.0,0.00917,0.0,0.0
2026-09-02T21:30:00+12:00,Muriwai 5kW + Batteries,0.0,111.0,0.0,0.0,99.0,0.0,0.00925,0.0,0.0
2026-09-02T21:35:00+12:00,Muriwai 5kW + Batteries,0.0,109.0,0.0,0.0,99.0,0.0,0.00908,0.0,0.0
2026-09-02T21:40:00+12:00,Muriwai 5kW + Batteries,0.0,108.0,0.0,0.0,99.0,0.0,0.009,0.0,0.0
2026-09-02T21:45:00+12:00,Muriwai 5kW + Batteries,0.0,110.0,0.0,0.0,99.0,0.0,0.00917,0.0,0.0
2026-09-02T21:50:00+12:00,Muriwai 5kW + Batteries,0.0,112.0,0.0,0.0,99.0,0.0,0.00933,0.0,0.0
2026-09-02T21:55:00+12:00,Muriwai 5kW + Batteries,0.0,115.0,0.0,0.0,99.0,0.0,0.00958,0.0,0.0
2026-09-02T22:00:00+12:00,Muriwai 5kW + Batteries,0.0,111.0,0.0,0.0,99.0,0.0,0.00925,0.0,0.0
2026-09-02T22:05:00+12:00,Muriwai 5kW + Batteries,0.0,107.0,0.0,0.0,99.0,0.0,0.00892,0.0,0.0
2026-09-02T22:10:00+12:00,Muriwai 5kW + Batteries,0.0,107.0,0.0,0.0,98.0,0.0,0.00892,0.0,0.0
2026-09-02T22:15:00+12:00,Muriwai 5kW + Batteries,0.0,109.0,0.0,0.0,98.0,0.0,0.00908,0.0,0.0
2026-09-02T22:20:00+12:00,Muriwai 5kW + Batteries,0.0,114.0,0.0,0.0,98.0,0.0,0.0095,0.0,0.0
2026-09-02T22:25:00+12:00,Muriwai 5kW + Batteries,0.0,112.0,0.0,0.0,98.0,0.0,0.00933,0.0,0.0
2026-09-02T22:30:00+12:00,Muriwai 5kW + Batteries,0.0,109.0,0.0,0.0,98.0,0.0,0.00908,0.0,0.0
2026-09-02T22:35:00+12:00,Muriwai 5kW + Batteries,0.0,110.0,0.0,0.0,98.0,0.0,0.00917,0.0,0.0
2026-09-02T22:40:00+12:00,Muriwai 5kW + Batteries,0.0,112.0,0.0,0.0,98.0,0.0,0.00933,0.0,0.0
2026-09-02T22:45:00+12:00,Muriwai 5kW + Batteries,0.0,115.0,0.0,0.0,98.0,0.0,0.00958,0.0,0.0
2026-09-02T22:50:00+12:00,Muriwai 5kW + Batteries,0.0,113.0,0.0,0.0,98.0,0.0,0.00942,0.0,0.0
2026-09-02T22:55:00+12:00,Muriwai 5kW + Batteries,0.0,108.0,0.0,0.0,98.0,0.0,0.009,0.0,0.0
2026-09-02T23:00:00+12:00,Muriwai 5kW + Batteries,0.0,107.0,0.0,0.0,98.0,0.0,0.00892,0.0,0.0
2026-09-02T23:05:00+12:00,Muriwai 5kW + Batteries,0.0,105.0,0.0,0.0,98.0,0.0,0.00875,0.0,0.0
2026-09-02T23:10:00+12:00,Muriwai 5kW + Batteries,0.0,108.0,0.0,0.0,98.0,0.0,0.009,0.0,0.0
2026-09-02T23:15:00+12:00,Muriwai 5kW + Batteries,0.0,110.0,0.0,0.0,97.0,0.0,0.00917,0.0,0.0
2026-09-02T23:20:00+12:00,Muriwai 5kW + Batteries,0.0,109.0,0.0,0.0,97.0,0.0,0.00908,0.0,0.0
2026-09-02T23:25:00+12:00,Muriwai 5kW + Batteries,0.0,107.0,0.0,0.0,97.0,0.0,0.00892,0.0,0.0
2026-09-02T23:30:00+12:00,Muriwai 5kW + Batteries,0.0,109.0,0.0,0.0,97.0,0.0,0.00908,0.0,0.0
2026-09-02T23:35:00+12:00,Muriwai 5kW + Batteries,0.0,106.0,0.0,0.0,97.0,0.0,0.00883,0.0,0.0
2026-09-02T23:40:00+12:00,Muriwai 5kW + Batteries,0.0,111.0,0.0,0.0,97.0,0.0,0.00925,0.0,0.0
2026-09-02T23:45:00+12:00,Muriwai 5kW + Batteries,0.0,110.0,0.0,0.0,97.0,0.0,0.00917,0.0,0.0
2026-09-02T23:50:00+12:00,Muriwai 5kW + Batteries,0.0,107.0,0.0,0.0,97.0,0.0,0.00892,0.0,0.0
2026-09-02T23:55:00+12:00,Muriwai 5kW + Batteries,0.0,109.0,0.0,0.0,97.0,0.0,0.00908,0.0,0.0
2026-09-03T00:00:00+12:00,Muriwai 5kW + Batteries,0.0,107.0,0.0,0.0,97.0,0.0,0.00892,0.0,0.0
2026-09-03T00:05:00+12:00,Muriwai 5kW + Batteries,0.0,110.0,0.0,0.0,97.0,0.0,0.00917,0.0,0.0
2026-09-03T00:10:00+12:00,Muriwai 5kW + Batteries,0.0,108.0,0.0,0.0,97.0,0.0,0.009,0.0,0.0
2026-09-03T00:15:00+12:00,Muriwai 5kW + Batteries,0.0,107.0,0.0,0.0,97.0,0.0,0.00892,0.0,0.0
2026-09-03T00:20:00+12:00,Muriwai 5kW + Batteries,0.0,106.0,0.0,0.0,97.0,0.0,0.00883,0.0,0.0
2026-09-03T00:25:00+12:00,Muriwai 5kW + Batteries,0.0,108.0,0.0,0.0,96.0,0.0,0.009,0.0,0.0
2026-09-03T00:30:00+12:00,Muriwai 5kW + Batteries,0.0,107.0,0.0,0.0,96.0,0.0,0.00892,0.0,0.0
2026-09-03T00:35:00+12:00,Muriwai 5kW + Batteries,0.0,108.0,0.0,0.0,96.0,0.0,0.009,0.0,0.0
2026-09-03T00:40:00+12:00,Muriwai 5kW + Batteries,0.0,107.0,0.0,0.0,96.0,0.0,0.00892,0.0,0.0
2026-09-03T00:45:00+12:00,Muriwai 5kW + Batteries,0.0,108.0,0.0,0.0,96.0,0.0,0.009,0.0,0.0
2026-09-03T00:50:00+12:00,Muriwai 5kW + Batteries,0.0,108.0,0.0,0.0,96.0,0.0,0.009,0.0,0.0
2026-09-03T00:55:00+12:00,Muriwai 5kW + Batteries,0.0,107.0,0.0,0.0,96.0,0.0,0.00892,0.0,0.0
2026-09-03T01:00:00+12:00,Muriwai 5kW + Batteries,0.0,107.0,0.0,0.0,96.0,0.0,0.00892,0.0,0.0
2026-09-03T01:05:00+12:00,Muriwai 5kW + Batteries,0.0,108.0,0.0,0.0,96.0,0.0,0.009,0.0,0.0
2026-09-03T01:10:00+12:00,Muriwai 5kW + Batteries,0.0,108.0,0.0,0.0,96.0,0.0,0.009,0.0,0.0
2026-09-03T01:15:00+12:00,Muriwai 5kW + Batteries,0.0,107.0,0.0,0.0,96.0,0.0,0.00892,0.0,0.0
2026-09-03T01:20:00+12:00,Muriwai 5kW + Batteries,0.0,107.0,0.0,0.0,96.0,0.0,0.00892,0.0,0.0
2026-09-03T01:25:00+12:00,Muriwai 5kW + Batteries,0.0,107.0,0.0,0.0,96.0,0.0,0.00892,0.0,0.0
2026-09-03T01:30:00+12:00,Muriwai 5kW + Batteries,0.0,107.0,0.0,0.0,95.0,0.0,0.00892,0.0,0.0
2026-09-03T01:35:00+12:00,Muriwai 5kW + Batteries,0.0,108.0,0.0,0.0,95.0,0.0,0.009,0.0,0.0
2026-09-03T01:40:00+12:00,Muriwai 5kW + Batteries,0.0,110.0,0.0,0.0,95.0,0.0,0.00917,0.0,0.0
2026-09-03T01:45:00+12:00,Muriwai 5kW + Batteries,0.0,110.0,0.0,0.0,95.0,0.0,0.00917,0.0,0.0
2026-09-03T01:50:00+12:00,Muriwai 5kW + Batteries,0.0,108.0,0.0,0.0,95.0,0.0,0.009,0.0,0.0
2026-09-03T01:55:00+12:00,Muriwai 5kW + Batteries,0.0,107.0,0.0,0.0,95.0,0.0,0.00892,0.0,0.0
2026-09-03T02:00:00+12:00,Muriwai 5kW + Batteries,0.0,108.0,0.0,0.0,95.0,0.0,0.009,0.0,0.0
2026-09-03T02:05:00+12:00,Muriwai 5kW + Batteries,0.0,109.0,0.0,0.0,95.0,0.0,0.00908,0.0,0.0
2026-09-03T02:10:00+12:00,Muriwai 5kW + Batteries,0.0,107.0,0.0,0.0,95.0,0.0,0.00892,0.0,0.0
2026-09-03T02:15:00+12:00,Muriwai 5kW + Batteries,0.0,106.0,0.0,0.0,95.0,0.0,0.00883,0.0,0.0
2026-09-03T02:20:00+12:00,Muriwai 5kW + Batteries,0.0,119.0,0.0,0.0,95.0,0.0,0.00992,0.0,0.0
2026-09-03T02:25:00+12:00,Muriwai 5kW + Batteries,0.0,122.0,0.0,0.0,95.0,0.0,0.01017,0.0,0.0
2026-09-03T02:30:00+12:00,Muriwai 5kW + Batteries,0.0,113.0,0.0,0.0,95.0,0.0,0.00942,0.0,0.0
2026-09-03T02:35:00+12:00,Muriwai 5kW + Batteries,0.0,130.0,0.0,0.0,94.0,0.0,0.01083,0.0,0.0
2026-09-03T02:40:00+12:00,Muriwai 5kW + Batteries,0.0,134.0,0.0,0.0,94.0,0.0,0.01117,0.0,0.0
2026-09-03T02:45:00+12:00,Muriwai 5kW + Batteries,0.0,132.0,0.0,0.0,94.0,0.0,0.011,0.0,0.0
2026-09-03T02:50:00+12:00,Muriwai 5kW + Batteries,0.0,133.0,0.0,0.0,94.0,0.0,0.01108,0.0,0.0
2026-09-03T02:55:00+12:00,Muriwai 5kW + Batteries,0.0,130.0,0.0,0.0,94.0,0.0,0.01083,0.0,0.0
2026-09-03T03:00:00+12:00,Muriwai 5kW + Batteries,0.0,120.0,0.0,0.0,94.0,0.0,0.01,0.0,0.0
2026-09-03T03:05:00+12:00,Muriwai 5kW + Batteries,0.0,122.0,0.0,0.0,94.0,0.0,0.01017,0.0,0.0
2026-09-03T03:10:00+12:00,Muriwai 5kW + Batteries,0.0,128.0,0.0,0.0,94.0,0.0,0.01067,0.0,0.0
2026-09-03T03:15:00+12:00,Muriwai 5kW + Batteries,0.0,121.0,0.0,0.0,94.0,0.0,0.01008,0.0,0.0
2026-09-03T03:20:00+12:00,Muriwai 5kW + Batteries,0.0,110.0,0.0,0.0,94.0,0.0,0.00917,0.0,0.0
2026-09-03T03:25:00+12:00,Muriwai 5kW + Batteries,0.0,110.0,0.0,0.0,94.0,0.0,0.00917,0.0,0.0
2026-09-03T03:30:00+12:00,Muriwai 5kW + Batteries,0.0,112.0,0.0,0.0,94.0,0.0,0.00933,0.0,0.0
2026-09-03T03:35:00+12:00,Muriwai 5kW + Batteries,0.0,106.0,0.0,0.0,93.0,0.0,0.00883,0.0,0.0
2026-09-03T03:40:00+12:00,Muriwai 5kW + Batteries,0.0,107.0,0.0,0.0,93.0,0.0,0.00892,0.0,0.0
2026-09-03T03:45:00+12:00,Muriwai 5kW + Batteries,0.0,107.0,0.0,0.0,93.0,0.0,0.00892,0.0,0.0
2026-09-03T03:50:00+12:00,Muriwai 5kW + Batteries,0.0,106.0,0.0,0.0,93.0,0.0,0.00883,0.0,0.0
2026-09-03T03:55:00+12:00,Muriwai 5kW + Batteries,0.0,106.0,0.0,0.0,93.0,0.0,0.00883,0.0,0.0
2026-09-03T04:00:00+12:00,Muriwai 5kW + Batteries,0.0,105.0,0.0,0.0,93.0,0.0,0.00875,0.0,0.0
2026-09-03T04:05:00+12:00,Muriwai 5kW + Batteries,0.0,106.0,0.0,0.0,93.0,0.0,0.00883,0.0,0.0
2026-09-03T04:10:00+12:00,Muriwai 5kW + Batteries,0.0,105.0,0.0,0.0,93.0,0.0,0.00875,0.0,0.0
2026-09-03T04:15:00+12:00,Muriwai 5kW + Batteries,0.0,105.0,0.0,0.0,93.0,0.0,0.00875,0.0,0.0
2026-09-03T04:20:00+12:00,Muriwai 5kW + Batteries,0.0,105.0,0.0,0.0,93.0,0.0,0.00875,0.0,0.0
2026-09-03T04:25:00+12:00,Muriwai 5kW + Batteries,0.0,105.0,0.0,0.0,93.0,0.0,0.00875,0.0,0.0
2026-09-03T04:30:00+12:00,Muriwai 5kW + Batteries,0.0,102.0,0.0,0.0,93.0,0.0,0.0085,0.0,0.0
2026-09-03T04:35:00+12:00,Muriwai 5kW + Batteries,0.0,103.0,0.0,0.0,93.0,0.0,0.00858,0.0,0.0
2026-09-03T04:40:00+12:00,Muriwai 5kW + Batteries,0.0,104.0,0.0,0.0,92.0,0.0,0.00867,0.0,0.0
2026-09-03T04:45:00+12:00,Muriwai 5kW + Batteries,0.0,107.0,0.0,0.0,92.0,0.0,0.00892,0.0,0.0
2026-09-03T04:50:00+12:00,Muriwai 5kW + Batteries,0.0,106.0,0.0,0.0,92.0,0.0,0.00883,0.0,0.0
2026-09-03T04:55:00+12:00,Muriwai 5kW + Batteries,0.0,103.0,0.0,0.0,92.0,0.0,0.00858,0.0,0.0
2026-09-03T05:00:00+12:00,Muriwai 5kW + Batteries,0.0,107.0,0.0,0.0,92.0,0.0,0.00892,0.0,0.0
2026-09-03T05:05:00+12:00,Muriwai 5kW + Batteries,0.0,105.0,0.0,0.0,92.0,0.0,0.00875,0.0,0.0
2026-09-03T05:10:00+12:00,Muriwai 5kW + Batteries,0.0,108.0,0.0,0.0,92.0,0.0,0.009,0.0,0.0
2026-09-03T05:15:00+12:00,Muriwai 5kW + Batteries,0.0,106.0,0.0,0.0,92.0,0.0,0.00883,0.0,0.0
2026-09-03T05:20:00+12:00,Muriwai 5kW + Batteries,0.0,106.0,0.0,0.0,92.0,0.0,0.00883,0.0,0.0
2026-09-03T05:25:00+12:00,Muriwai 5kW + Batteries,0.0,110.0,0.0,0.0,92.0,0.0,0.00917,0.0,0.0
2026-09-03T05:30:00+12:00,Muriwai 5kW + Batteries,0.0,114.0,0.0,0.0,92.0,0.0,0.0095,0.0,0.0
2026-09-03T05:35:00+12:00,Muriwai 5kW + Batteries,0.0,117.0,0.0,0.0,92.0,0.0,0.00975,0.0,0.0
2026-09-03T05:40:00+12:00,Muriwai 5kW + Batteries,0.0,122.0,0.0,0.0,92.0,0.0,0.01017,0.0,0.0
2026-09-03T05:45:00+12:00,Muriwai 5kW + Batteries,0.0,125.0,0.0,0.0,91.0,0.0,0.01042,0.0,0.0
2026-09-03T05:50:00+12:00,Muriwai 5kW + Batteries,0.0,124.0,0.0,0.0,91.0,0.0,0.01033,0.0,0.0
2026-09-03T05:55:00+12:00,Muriwai 5kW + Batteries,0.0,119.0,0.0,0.0,91.0,0.0,0.00992,0.0,0.0
2026-09-03T06:00:00+12:00,Muriwai 5kW + Batteries,0.0,119.0,0.0,0.0,91.0,0.0,0.00992,0.0,0.0
2026-09-03T06:05:00+12:00,Muriwai 5kW + Batteries,0.0,116.0,0.0,0.0,91.0,0.0,0.00967,0.0,0.0
2026-09-03T06:10:00+12:00,Muriwai 5kW + Batteries,0.0,119.0,0.0,0.0,91.0,0.0,0.00992,0.0,0.0
2026-09-03T06:15:00+12:00,Muriwai 5kW + Batteries,0.0,121.0,0.0,0.0,91.0,0.0,0.01008,0.0,0.0
2026-09-03T06:20:00+12:00,Muriwai 5kW + Batteries,0.0,120.0,0.0,0.0,91.0,0.0,0.01,0.0,0.0
2026-09-03T06:25:00+12:00,Muriwai 5kW + Batteries,0.0,120.0,0.0,0.0,91.0,0.0,0.01,0.0,0.0
2026-09-03T06:30:00+12:00,Muriwai 5kW + Batteries,0.0,120.0,0.0,0.0,91.0,0.0,0.01,0.0,0.0
2026-09-03T06:35:00+12:00,Muriwai 5kW + Batteries,1.0,117.0,0.0,0.0,91.0,8e-05,0.00975,0.0,0.0
2026-09-03T06:40:00+12:00,Muriwai 5kW + Batteries,31.0,117.0,0.0,0.0,91.0,0.00258,0.00975,0.0,0.0
2026-09-03T06:45:00+12:00,Muriwai 5kW + Batteries,62.0,118.0,0.0,0.0,91.0,0.00517,0.00983,0.0,0.0
2026-09-03T06:50:00+12:00,Muriwai 5kW + Batteries,112.0,125.0,0.0,0.0,91.0,0.00933,0.01042,0.0,0.0
2026-09-03T06:55:00+12:00,Muriwai 5kW + Batteries,172.0,127.0,0.0,0.0,91.0,0.01433,0.01058,0.0,0.0
2026-09-03T07:00:00+12:00,Muriwai 5kW + Batteries,261.0,141.0,0.0,0.0,91.0,0.02175,0.01175,0.0,0.0
2026-09-03T07:05:00+12:00,Muriwai 5kW + Batteries,316.0,144.0,0.0,0.0,91.0,0.02633,0.012,0.0,0.0
2026-09-03T07:10:00+12:00,Muriwai 5kW + Batteries,582.0,148.0,0.0,0.0,91.0,0.0485,0.01233,0.0,0.0
2026-09-03T07:15:00+12:00,Muriwai 5kW + Batteries,737.0,147.0,0.0,0.0,91.0,0.06142,0.01225,0.0,0.0
2026-09-03T07:20:00+12:00,Muriwai 5kW + Batteries,824.0,137.0,0.0,0.0,92.0,0.06867,0.01142,0.0,0.0
2026-09-03T07:25:00+12:00,Muriwai 5kW + Batteries,1089.0,143.0,0.0,0.0,92.0,0.09075,0.01192,0.0,0.0
2026-09-03T07:30:00+12:00,Muriwai 5kW + Batteries,1310.0,139.0,0.0,0.0,93.0,0.10917,0.01158,0.0,0.0
2026-09-03T07:35:00+12:00,Muriwai 5kW + Batteries,1361.0,141.0,0.0,0.0,93.0,0.11342,0.01175,0.0,0.0
2026-09-03T07:40:00+12:00,Muriwai 5kW + Batteries,1338.0,140.0,0.0,0.0,94.0,0.1115,0.01167,0.0,0.0
2026-09-03T07:45:00+12:00,Muriwai 5kW + Batteries,1377.0,141.0,0.0,0.0,95.0,0.11475,0.01175,0.0,0.0
2026-09-03T07:50:00+12:00,Muriwai 5kW + Batteries,1852.0,142.0,0.0,0.0,96.0,0.15433,0.01183,0.0,0.0
2026-09-03T07:55:00+12:00,Muriwai 5kW + Batteries,1972.0,140.0,0.0,0.0,97.0,0.16433,0.01167,0.0,0.0
2026-09-03T08:00:00+12:00,Muriwai 5kW + Batteries,1973.0,131.0,0.0,0.0,98.0,0.16442,0.01092,0.0,0.0
2026-09-03T08:05:00+12:00,Muriwai 5kW + Batteries,2042.0,127.0,0.0,0.0,99.0,0.17017,0.01058,0.0,0.0
2026-09-03T08:10:00+12:00,Muriwai 5kW + Batteries,2125.0,131.0,0.0,0.0,100.0,0.17708,0.01092,0.0,0.0
2026-09-03T08:15:00+12:00,Muriwai 5kW + Batteries,2279.0,111.0,0.0,1401.0,100.0,0.18992,0.00925,0.0,0.11675
2026-09-03T08:20:00+12:00,Muriwai 5kW + Batteries,2333.0,116.0,0.0,2352.0,100.0,0.19442,0.00967,0.0,0.196
2026-09-03T08:25:00+12:00,Muriwai 5kW + Batteries,2295.0,112.0,0.0,2141.0,99.0,0.19125,0.00933,0.0,0.17842
2026-09-03T08:30:00+12:00,Muriwai 5kW + Batteries,2423.0,112.0,0.0,2270.0,100.0,0.20192,0.00933,0.0,0.18917
2026-09-03T08:35:00+12:00,Muriwai 5kW + Batteries,2354.0,111.0,0.0,2229.0,100.0,0.19617,0.00925,0.0,0.18575
2026-09-03T08:40:00+12:00,Muriwai 5kW + Batteries,2532.0,103.0,0.0,2381.0,100.0,0.211,0.00858,0.0,0.19842
2026-09-03T08:45:00+12:00,Muriwai 5kW + Batteries,2583.0,100.0,0.0,2438.0,100.0,0.21525,0.00833,0.0,0.20317
2026-09-03T08:50:00+12:00,Muriwai 5kW + Batteries,2554.0,101.0,0.0,2396.0,100.0,0.21283,0.00842,0.0,0.19967
2026-09-03T08:55:00+12:00,Muriwai 5kW + Batteries,2600.0,99.0,0.0,2457.0,100.0,0.21667,0.00825,0.0,0.20475
2026-09-03T09:00:00+12:00,Muriwai 5kW + Batteries,2646.0,101.0,0.0,2495.0,100.0,0.2205,0.00842,0.0,0.20792
2026-09-03T09:05:00+12:00,Muriwai 5kW + Batteries,2686.0,105.0,0.0,2561.0,100.0,0.22383,0.00875,0.0,0.21342
2026-09-03T09:10:00+12:00,Muriwai 5kW + Batteries,2699.0,117.0,0.0,2532.0,100.0,0.22492,0.00975,0.0,0.211
2026-09-03T09:15:00+12:00,Muriwai 5kW + Batteries,2680.0,104.0,0.0,2549.0,100.0,0.22333,0.00867,0.0,0.21242
2026-09-03T09:20:00+12:00,Muriwai 5kW + Batteries,2820.0,103.0,0.0,2670.0,100.0,0.235,0.00858,0.0,0.2225
2026-09-03T09:25:00+12:00,Muriwai 5kW + Batteries,2761.0,106.0,0.0,2621.0,100.0,0.23008,0.00883,0.0,0.21842
2026-09-03T09:30:00+12:00,Muriwai 5kW + Batteries,2932.0,108.0,0.0,2790.0,100.0,0.24433,0.009,0.0,0.2325
2026-09-03T09:35:00+12:00,Muriwai 5kW + Batteries,2925.0,110.0,0.0,2789.0,100.0,0.24375,0.00917,0.0,0.23242
2026-09-03T09:40:00+12:00,Muriwai 5kW + Batteries,2825.0,112.0,0.0,2647.0,100.0,0.23542,0.00933,0.0,0.22058
2026-09-03T09:45:00+12:00,Muriwai 5kW + Batteries,2942.0,115.0,0.0,2825.0,100.0,0.24517,0.00958,0.0,0.23542
2026-09-03T09:50:00+12:00,Muriwai 5kW + Batteries,3000.0,116.0,0.0,2868.0,100.0,0.25,0.00967,0.0,0.239
2026-09-03T09:55:00+12:00,Muriwai 5kW + Batteries,3010.0,114.0,0.0,2867.0,100.0,0.25083,0.0095,0.0,0.23892
2026-09-03T10:00:00+12:00,Muriwai 5kW + Batteries,3009.0,118.0,0.0,2867.0,100.0,0.25075,0.00983,0.0,0.23892
2026-09-03T10:05:00+12:00,Muriwai 5kW + Batteries,2925.0,116.0,0.0,2793.0,100.0,0.24375,0.00967,0.0,0.23275
2026-09-03T10:10:00+12:00,Muriwai 5kW + Batteries,3037.0,122.0,0.0,2891.0,100.0,0.25308,0.01017,0.0,0.24092
2026-09-03T10:15:00+12:00,Muriwai 5kW + Batteries,3064.0,124.0,0.0,2931.0,100.0,0.25533,0.01033,0.0,0.24425
2026-09-03T10:20:00+12:00,Muriwai 5kW + Batteries,3060.0,122.0,0.0,2907.0,100.0,0.255,0.01017,0.0,0.24225
2026-09-03T10:25:00+12:00,Muriwai 5kW + Batteries,3060.0,122.0,0.0,2929.0,100.0,0.255,0.01017,0.0,0.24408
2026-09-03T10:30:00+12:00,Muriwai 5kW + Batteries,3060.0,120.0,0.0,2916.0,100.0,0.255,0.01,0.0,0.243
2026-09-03T10:35:00+12:00,Muriwai 5kW + Batteries,2838.0,109.0,0.0,2690.0,100.0,0.2365,0.00908,0.0,0.22417
2026-09-03T10:40:00+12:00,Muriwai 5kW + Batteries,2944.0,117.0,0.0,2789.0,100.0,0.24533,0.00975,0.0,0.23242
2026-09-03T10:45:00+12:00,Muriwai 5kW + Batteries,2865.0,113.0,0.0,2756.0,100.0,0.23875,0.00942,0.0,0.22967
2026-09-03T10:50:00+12:00,Muriwai 5kW + Batteries,2845.0,111.0,0.0,2703.0,100.0,0.23708,0.00925,0.0,0.22525
2026-09-03T10:55:00+12:00,Muriwai 5kW + Batteries,2880.0,113.0,0.0,2777.0,100.0,0.24,0.00942,0.0,0.23142
2026-09-03T11:00:00+12:00,Muriwai 5kW + Batteries,2653.0,110.0,0.0,2447.0,100.0,0.22108,0.00917,0.0,0.20392
2026-09-03T11:05:00+12:00,Muriwai 5kW + Batteries,2946.0,116.0,0.0,2804.0,100.0,0.2455,0.00967,0.0,0.23367
2026-09-03T11:10:00+12:00,Muriwai 5kW + Batteries,2655.0,113.0,0.0,2045.0,100.0,0.22125,0.00942,0.0,0.17042
2026-09-03T11:15:00+12:00,Muriwai 5kW + Batteries,2856.0,114.0,0.0,2516.0,100.0,0.238,0.0095,0.0,0.20967
2026-09-03T11:20:00+12:00,Muriwai 5kW + Batteries,2906.0,112.0,0.0,2726.0,100.0,0.24217,0.00933,0.0,0.22717
2026-09-03T11:25:00+12:00,Muriwai 5kW + Batteries,2858.0,113.0,0.0,2697.0,100.0,0.23817,0.00942,0.0,0.22475
2026-09-03T11:30:00+12:00,Muriwai 5kW + Batteries,2816.0,116.0,0.0,2649.0,100.0,0.23467,0.00967,0.0,0.22075
2026-09-03T11:35:00+12:00,Muriwai 5kW + Batteries,2793.0,114.0,0.0,2607.0,100.0,0.23275,0.0095,0.0,0.21725
2026-09-03T11:40:00+12:00,Muriwai 5kW + Batteries,2777.0,114.0,0.0,2627.0,100.0,0.23142,0.0095,0.0,0.21892
2026-09-03T11:45:00+12:00,Muriwai 5kW + Batteries,2733.0,113.0,0.0,2587.0,100.0,0.22775,0.00942,0.0,0.21558
2026-09-03T11:50:00+12:00,Muriwai 5kW + Batteries,2623.0,113.0,0.0,2436.0,100.0,0.21858,0.00942,0.0,0.203
2026-09-03T11:55:00+12:00,Muriwai 5kW + Batteries,2681.0,112.0,0.0,2521.0,100.0,0.22342,0.00933,0.0,0.21008
2026-09-03T12:00:00+12:00,Muriwai 5kW + Batteries,2639.0,112.0,0.0,2483.0,100.0,0.21992,0.00933,0.0,0.20692
2026-09-03T12:05:00+12:00,Muriwai 5kW + Batteries,2601.0,113.0,0.0,2441.0,100.0,0.21675,0.00942,0.0,0.20342
2026-09-03T12:10:00+12:00,Muriwai 5kW + Batteries,2574.0,113.0,0.0,2435.0,100.0,0.2145,0.00942,0.0,0.20292
2026-09-03T12:15:00+12:00,Muriwai 5kW + Batteries,2529.0,110.0,0.0,2385.0,100.0,0.21075,0.00917,0.0,0.19875
2026-09-03T12:20:00+12:00,Muriwai 5kW + Batteries,2490.0,112.0,0.0,2347.0,100.0,0.2075,0.00933,0.0,0.19558
2026-09-03T12:25:00+12:00,Muriwai 5kW + Batteries,2463.0,113.0,0.0,2343.0,100.0,0.20525,0.00942,0.0,0.19525
2026-09-03T12:30:00+12:00,Muriwai 5kW + Batteries,2432.0,113.0,0.0,2292.0,100.0,0.20267,0.00942,0.0,0.191
2026-09-03T12:35:00+12:00,Muriwai 5kW + Batteries,2407.0,112.0,0.0,2267.0,100.0,0.20058,0.00933,0.0,0.18892
2026-09-03T12:40:00+12:00,Muriwai 5kW + Batteries,2371.0,112.0,0.0,2224.0,100.0,0.19758,0.00933,0.0,0.18533
2026-09-03T12:45:00+12:00,Muriwai 5kW + Batteries,2328.0,110.0,0.0,2173.0,100.0,0.194,0.00917,0.0,0.18108
2026-09-03T12:50:00+12:00,Muriwai 5kW + Batteries,2266.0,111.0,0.0,2154.0,100.0,0.18883,0.00925,0.0,0.1795
2026-09-03T12:55:00+12:00,Muriwai 5kW + Batteries,2243.0,109.0,0.0,2095.0,100.0,0.18692,0.00908,0.0,0.17458
2026-09-03T13:00:00+12:00,Muriwai 5kW + Batteries,2198.0,111.0,0.0,2034.0,100.0,0.18317,0.00925,0.0,0.1695
2026-09-03T13:05:00+12:00,Muriwai 5kW + Batteries,2164.0,107.0,0.0,1919.0,100.0,0.18033,0.00892,0.0,0.15992
2026-09-03T13:10:00+12:00,Muriwai 5kW + Batteries,2114.0,107.0,0.0,1954.0,100.0,0.17617,0.00892,0.0,0.16283
2026-09-03T13:15:00+12:00,Muriwai 5kW + Batteries,2058.0,107.0,0.0,1920.0,100.0,0.1715,0.00892,0.0,0.16
2026-09-03T13:20:00+12:00,Muriwai 5kW + Batteries,1994.0,107.0,0.0,1885.0,100.0,0.16617,0.00892,0.0,0.15708
2026-09-03T13:25:00+12:00,Muriwai 5kW + Batteries,1951.0,105.0,0.0,1832.0,100.0,0.16258,0.00875,0.0,0.15267
2026-09-03T13:30:00+12:00,Muriwai 5kW + Batteries,1884.0,104.0,0.0,1711.0,100.0,0.157,0.00867,0.0,0.14258
2026-09-03T13:35:00+12:00,Muriwai 5kW + Batteries,1833.0,103.0,0.0,1698.0,100.0,0.15275,0.00858,0.0,0.1415
2026-09-03T13:40:00+12:00,Muriwai 5kW + Batteries,1788.0,105.0,0.0,1640.0,100.0,0.149,0.00875,0.0,0.13667
2026-09-03T13:45:00+12:00,Muriwai 5kW + Batteries,1713.0,106.0,0.0,1572.0,100.0,0.14275,0.00883,0.0,0.131
2026-09-03T13:50:00+12:00,Muriwai 5kW + Batteries,1660.0,105.0,0.0,1519.0,100.0,0.13833,0.00875,0.0,0.12658
2026-09-03T13:55:00+12:00,Muriwai 5kW + Batteries,1620.0,103.0,0.0,1452.0,100.0,0.135,0.00858,0.0,0.121
2026-09-03T14:00:00+12:00,Muriwai 5kW + Batteries,1557.0,103.0,0.0,1402.0,100.0,0.12975,0.00858,0.0,0.11683
2026-09-03T14:05:00+12:00,Muriwai 5kW + Batteries,1471.0,102.0,0.0,1318.0,100.0,0.12258,0.0085,0.0,0.10983
2026-09-03T14:10:00+12:00,Muriwai 5kW + Batteries,1413.0,100.0,0.0,1258.0,100.0,0.11775,0.00833,0.0,0.10483
2026-09-03T14:15:00+12:00,Muriwai 5kW + Batteries,1345.0,99.0,0.0,1224.0,100.0,0.11208,0.00825,0.0,0.102
2026-09-03T14:20:00+12:00,Muriwai 5kW + Batteries,1267.0,100.0,0.0,1144.0,100.0,0.10558,0.00833,0.0,0.09533
2026-09-03T14:25:00+12:00,Muriwai 5kW + Batteries,1207.0,100.0,0.0,1100.0,100.0,0.10058,0.00833,0.0,0.09167
2026-09-03T14:30:00+12:00,Muriwai 5kW + Batteries,1139.0,100.0,0.0,1013.0,100.0,0.09492,0.00833,0.0,0.08442
2026-09-03T14:35:00+12:00,Muriwai 5kW + Batteries,1062.0,100.0,0.0,960.0,100.0,0.0885,0.00833,0.0,0.08
2026-09-03T14:40:00+12:00,Muriwai 5kW + Batteries,990.0,94.0,0.0,843.0,100.0,0.0825,0.00783,0.0,0.07025
2026-09-03T14:45:00+12:00,Muriwai 5kW + Batteries,923.0,98.0,0.0,807.0,100.0,0.07692,0.00817,0.0,0.06725
2026-09-03T14:50:00+12:00,Muriwai 5kW + Batteries,849.0,94.0,0.0,715.0,100.0,0.07075,0.00783,0.0,0.05958
2026-09-03T14:55:00+12:00,Muriwai 5kW + Batteries,789.0,95.0,0.0,642.0,100.0,0.06575,0.00792,0.0,0.0535
2026-09-03T15:00:00+12:00,Muriwai 5kW + Batteries,713.0,96.0,0.0,558.0,100.0,0.05942,0.008,0.0,0.0465
2026-09-03T15:05:00+12:00,Muriwai 5kW + Batteries,630.0,97.0,0.0,503.0,100.0,0.0525,0.00808,0.0,0.04192
2026-09-03T15:10:00+12:00,Muriwai 5kW + Batteries,534.0,101.0,0.0,380.0,100.0,0.0445,0.00842,0.0,0.03167
2026-09-03T15:15:00+12:00,Muriwai 5kW + Batteries,481.0,101.0,0.0,375.0,100.0,0.04008,0.00842,0.0,0.03125
2026-09-03T15:20:00+12:00,Muriwai 5kW + Batteries,430.0,107.0,0.0,316.0,100.0,0.03583,0.00892,0.0,0.02633
2026-09-03T15:25:00+12:00,Muriwai 5kW + Batteries,397.0,112.0,0.0,262.0,100.0,0.03308,0.00933,0.0,0.02183
2026-09-03T15:30:00+12:00,Muriwai 5kW + Batteries,325.0,114.0,0.0,189.0,100.0,0.02708,0.0095,0.0,0.01575
2026-09-03T15:35:00+12:00,Muriwai 5kW + Batteries,295.0,113.0,0.0,167.0,100.0,0.02458,0.00942,0.0,0.01392
2026-09-03T15:40:00+12:00,Muriwai 5kW + Batteries,281.0,115.0,0.0,146.0,100.0,0.02342,0.00958,0.0,0.01217
2026-09-03T15:45:00+12:00,Muriwai 5kW + Batteries,308.0,112.0,0.0,165.0,100.0,0.02567,0.00933,0.0,0.01375
2026-09-03T15:50:00+12:00,Muriwai 5kW + Batteries,285.0,116.0,0.0,151.0,100.0,0.02375,0.00967,0.0,0.01258
2026-09-03T15:55:00+12:00,Muriwai 5kW + Batteries,275.0,116.0,0.0,131.0,100.0,0.02292,0.00967,0.0,0.01092
2026-09-03T16:00:00+12:00,Muriwai 5kW + Batteries,270.0,113.0,0.0,123.0,100.0,0.0225,0.00942,0.0,0.01025
2026-09-03T16:05:00+12:00,Muriwai 5kW + Batteries,247.0,115.0,0.0,112.0,100.0,0.02058,0.00958,0.0,0.00933
2026-09-03T16:10:00+12:00,Muriwai 5kW + Batteries,220.0,117.0,0.0,92.0,100.0,0.01833,0.00975,0.0,0.00767
2026-09-03T16:15:00+12:00,Muriwai 5kW + Batteries,198.0,117.0,0.0,65.0,100.0,0.0165,0.00975,0.0,0.00542
2026-09-03T16:20:00+12:00,Muriwai 5kW + Batteries,174.0,125.0,0.0,0.0,100.0,0.0145,0.01042,0.0,0.0
2026-09-03T16:25:00+12:00,Muriwai 5kW + Batteries,166.0,120.0,0.0,0.0,100.0,0.01383,0.01,0.0,0.0
2026-09-03T16:30:00+12:00,Muriwai 5kW + Batteries,163.0,120.0,0.0,0.0,100.0,0.01358,0.01,0.0,0.0
2026-09-03T16:35:00+12:00,Muriwai 5kW + Batteries,149.0,120.0,0.0,0.0,100.0,0.01242,0.01,0.0,0.0
2026-09-03T16:40:00+12:00,Muriwai 5kW + Batteries,129.0,122.0,0.0,0.0,100.0,0.01075,0.01017,0.0,0.0
2026-09-03T16:45:00+12:00,Muriwai 5kW + Batteries,124.0,118.0,0.0,0.0,100.0,0.01033,0.00983,0.0,0.0
2026-09-03T16:50:00+12:00,Muriwai 5kW + Batteries,122.0,120.0,0.0,0.0,100.0,0.01017,0.01,0.0,0.0
2026-09-03T16:55:00+12:00,Muriwai 5kW + Batteries,121.0,120.0,0.0,0.0,100.0,0.01008,0.01,0.0,0.0
2026-09-03T17:00:00+12:00,Muriwai 5kW + Batteries,115.0,118.0,0.0,0.0,100.0,0.00958,0.00983,0.0,0.0
2026-09-03T17:05:00+12:00,Muriwai 5kW + Batteries,113.0,117.0,0.0,81.0,99.0,0.00942,0.00975,0.0,0.00675
2026-09-03T17:10:00+12:00,Muriwai 5kW + Batteries,92.0,119.0,0.0,0.0,99.0,0.00767,0.00992,0.0,0.0
2026-09-03T17:15:00+12:00,Muriwai 5kW + Batteries,75.0,119.0,0.0,0.0,99.0,0.00625,0.00992,0.0,0.0
2026-09-03T17:20:00+12:00,Muriwai 5kW + Batteries,53.0,116.0,0.0,0.0,99.0,0.00442,0.00967,0.0,0.0
2026-09-03T17:25:00+12:00,Muriwai 5kW + Batteries,29.0,118.0,0.0,0.0,99.0,0.00242,0.00983,0.0,0.0
2026-09-03T17:30:00+12:00,Muriwai 5kW + Batteries,11.0,118.0,0.0,0.0,99.0,0.00092,0.00983,0.0,0.0
2026-09-03T17:35:00+12:00,Muriwai 5kW + Batteries,1.0,118.0,0.0,0.0,99.0,8e-05,0.00983,0.0,0.0
2026-09-03T17:40:00+12:00,Muriwai 5kW + Batteries,0.0,117.0,0.0,0.0,99.0,0.0,0.00975,0.0,0.0
2026-09-03T17:45:00+12:00,Muriwai 5kW + Batteries,0.0,119.0,0.0,0.0,99.0,0.0,0.00992,0.0,0.0
2026-09-03T17:50:00+12:00,Muriwai 5kW + Batteries,0.0,117.0,0.0,0.0,99.0,0.0,0.00975,0.0,0.0
2026-09-03T17:55:00+12:00,Muriwai 5kW + Batteries,0.0,119.0,60.0,0.0,99.0,0.0,0.00992,0.005,0.0
2026-09-03T18:00:00+12:00,Muriwai 5kW + Batteries,0.0,119.0,63.0,0.0,99.0,0.0,0.00992,0.00525,0.0
2026-09-03T18:05:00+12:00,Muriwai 5kW + Batteries,0.0,128.0,128.0,0.0,99.0,0.0,0.01067,0.01067,0.0
2026-09-03T18:10:00+12:00,Muriwai 5kW + Batteries,0.0,121.0,165.0,0.0,99.0,0.0,0.01008,0.01375,0.0
2026-09-03T18:15:00+12:00,Muriwai 5kW + Batteries,0.0,120.0,164.0,0.0,99.0,0.0,0.01,0.01367,0.0
2026-09-03T18:20:00+12:00,Muriwai 5kW + Batteries,0.0,118.0,164.0,0.0,99.0,0.0,0.00983,0.01367,0.0
2026-09-03T18:25:00+12:00,Muriwai 5kW + Batteries,0.0,115.0,167.0,0.0,99.0,0.0,0.00958,0.01392,0.0
2026-09-03T18:30:00+12:00,Muriwai 5kW + Batteries,0.0,112.0,163.0,0.0,99.0,0.0,0.00933,0.01358,0.0
2026-09-03T18:35:00+12:00,Muriwai 5kW + Batteries,0.0,112.0,164.0,0.0,99.0,0.0,0.00933,0.01367,0.0
2026-09-03T18:40:00+12:00,Muriwai 5kW + Batteries,0.0,111.0,161.0,0.0,99.0,0.0,0.00925,0.01342,0.0
2026-09-03T18:45:00+12:00,Muriwai 5kW + Batteries,0.0,111.0,160.0,0.0,99.0,0.0,0.00925,0.01333,0.0
2026-09-03T18:50:00+12:00,Muriwai 5kW + Batteries,0.0,110.0,159.0,0.0,99.0,0.0,0.00917,0.01325,0.0
2026-09-03T18:55:00+12:00,Muriwai 5kW + Batteries,0.0,112.0,161.0,0.0,99.0,0.0,0.00933,0.01342,0.0
2026-09-03T19:00:00+12:00,Muriwai 5kW + Batteries,0.0,112.0,150.0,0.0,99.0,0.0,0.00933,0.0125,0.0
2026-09-03T19:05:00+12:00,Muriwai 5kW + Batteries,0.0,116.0,167.0,0.0,99.0,0.0,0.00967,0.01392,0.0
2026-09-03T19:10:00+12:00,Muriwai 5kW + Batteries,0.0,113.0,162.0,0.0,99.0,0.0,0.00942,0.0135,0.0
2026-09-03T19:15:00+12:00,Muriwai 5kW + Batteries,0.0,118.0,169.0,0.0,99.0,0.0,0.00983,0.01408,0.0
2026-09-03T19:20:00+12:00,Muriwai 5kW + Batteries,0.0,116.0,168.0,0.0,99.0,0.0,0.00967,0.014,0.0
2026-09-03T19:25:00+12:00,Muriwai 5kW + Batteries,0.0,118.0,168.0,0.0,99.0,0.0,0.00983,0.014,0.0
2026-09-03T19:30:00+12:00,Muriwai 5kW + Batteries,0.0,117.0,169.0,0.0,99.0,0.0,0.00975,0.01408,0.0
2026-09-03T19:35:00+12:00,Muriwai 5kW + Batteries,0.0,115.0,165.0,0.0,99.0,0.0,0.00958,0.01375,0.0
2026-09-03T19:40:00+12:00,Muriwai 5kW + Batteries,0.0,114.0,167.0,0.0,99.0,0.0,0.0095,0.01392,0.0
2026-09-03T19:45:00+12:00,Muriwai 5kW + Batteries,0.0,116.0,166.0,0.0,99.0,0.0,0.00967,0.01383,0.0
2026-09-03T19:50:00+12:00,Muriwai 5kW + Batteries,0.0,115.0,165.0,0.0,99.0,0.0,0.00958,0.01375,0.0
2026-09-03T19:55:00+12:00,Muriwai 5kW + Batteries,0.0,116.0,165.0,0.0,99.0,0.0,0.00967,0.01375,0.0
2026-09-03T20:00:00+12:00,Muriwai 5kW + Batteries,0.0,115.0,163.0,0.0,99.0,0.0,0.00958,0.01358,0.0
2026-09-03T20:05:00+12:00,Muriwai 5kW + Batteries,0.0,117.0,169.0,0.0,99.0,0.0,0.00975,0.01408,0.0
2026-09-03T20:10:00+12:00,Muriwai 5kW + Batteries,0.0,114.0,167.0,0.0,99.0,0.0,0.0095,0.01392,0.0
2026-09-03T20:15:00+12:00,Muriwai 5kW + Batteries,0.0,116.0,167.0,0.0,99.0,0.0,0.00967,0.01392,0.0
2026-09-03T20:20:00+12:00,Muriwai 5kW + Batteries,0.0,115.0,163.0,0.0,99.0,0.0,0.00958,0.01358,0.0
2026-09-03T20:25:00+12:00,Muriwai 5kW + Batteries,0.0,115.0,163.0,0.0,99.0,0.0,0.00958,0.01358,0.0
2026-09-03T20:30:00+12:00,Muriwai 5kW + Batteries,0.0,113.0,163.0,0.0,99.0,0.0,0.00942,0.01358,0.0
2026-09-03T20:35:00+12:00,Muriwai 5kW + Batteries,0.0,113.0,152.0,0.0,99.0,0.0,0.00942,0.01267,0.0
2026-09-03T20:40:00+12:00,Muriwai 5kW + Batteries,0.0,114.0,165.0,0.0,99.0,0.0,0.0095,0.01375,0.0
2026-09-03T20:45:00+12:00,Muriwai 5kW + Batteries,0.0,113.0,164.0,0.0,99.0,0.0,0.00942,0.01367,0.0
2026-09-03T20:50:00+12:00,Muriwai 5kW + Batteries,0.0,113.0,162.0,0.0,99.0,0.0,0.00942,0.0135,0.0
2026-09-03T20:55:00+12:00,Muriwai 5kW + Batteries,0.0,112.0,160.0,0.0,99.0,0.0,0.00933,0.01333,0.0
2026-09-03T21:00:00+12:00,Muriwai 5kW + Batteries,0.0,111.0,162.0,0.0,99.0,0.0,0.00925,0.0135,0.0
2026-09-03T21:05:00+12:00,Muriwai 5kW + Batteries,0.0,109.0,0.0,0.0,99.0,0.0,0.00908,0.0,0.0
2026-09-03T21:10:00+12:00,Muriwai 5kW + Batteries,0.0,109.0,0.0,0.0,99.0,0.0,0.00908,0.0,0.0
2026-09-03T21:15:00+12:00,Muriwai 5kW + Batteries,0.0,112.0,0.0,0.0,99.0,0.0,0.00933,0.0,0.0
2026-09-03T21:20:00+12:00,Muriwai 5kW + Batteries,0.0,107.0,0.0,0.0,99.0,0.0,0.00892,0.0,0.0
2026-09-03T21:25:00+12:00,Muriwai 5kW + Batteries,0.0,109.0,0.0,0.0,99.0,0.0,0.00908,0.0,0.0
2026-09-03T21:30:00+12:00,Muriwai 5kW + Batteries,0.0,109.0,0.0,0.0,99.0,0.0,0.00908,0.0,0.0
2026-09-03T21:35:00+12:00,Muriwai 5kW + Batteries,0.0,108.0,0.0,0.0,99.0,0.0,0.009,0.0,0.0
2026-09-03T21:40:00+12:00,Muriwai 5kW + Batteries,0.0,108.0,0.0,0.0,99.0,0.0,0.009,0.0,0.0
2026-09-03T21:45:00+12:00,Muriwai 5kW + Batteries,0.0,107.0,0.0,0.0,99.0,0.0,0.00892,0.0,0.0
2026-09-03T21:50:00+12:00,Muriwai 5kW + Batteries,0.0,110.0,0.0,0.0,98.0,0.0,0.00917,0.0,0.0
2026-09-03T21:55:00+12:00,Muriwai 5kW + Batteries,0.0,110.0,0.0,0.0,98.0,0.0,0.00917,0.0,0.0
2026-09-03T22:00:00+12:00,Muriwai 5kW + Batteries,0.0,109.0,0.0,0.0,98.0,0.0,0.00908,0.0,0.0
2026-09-03T22:05:00+12:00,Muriwai 5kW + Batteries,0.0,109.0,0.0,0.0,98.0,0.0,0.00908,0.0,0.0
2026-09-03T22:10:00+12:00,Muriwai 5kW + Batteries,0.0,110.0,0.0,0.0,98.0,0.0,0.00917,0.0,0.0
2026-09-03T22:15:00+12:00,Muriwai 5kW + Batteries,0.0,110.0,0.0,0.0,98.0,0.0,0.00917,0.0,0.0
2026-09-03T22:20:00+12:00,Muriwai 5kW + Batteries,0.0,111.0,0.0,0.0,98.0,0.0,0.00925,0.0,0.0
2026-09-03T22:25:00+12:00,Muriwai 5kW + Batteries,0.0,110.0,0.0,0.0,98.0,0.0,0.00917,0.0,0.0
2026-09-03T22:30:00+12:00,Muriwai 5kW + Batteries,0.0,111.0,0.0,0.0,98.0,0.0,0.00925,0.0,0.0
2026-09-03T22:35:00+12:00,Muriwai 5kW + Batteries,0.0,115.0,0.0,0.0,98.0,0.0,0.00958,0.0,0.0
2026-09-03T22:40:00+12:00,Muriwai 5kW + Batteries,0.0,116.0,0.0,0.0,98.0,0.0,0.00967,0.0,0.0
2026-09-03T22:45:00+12:00,Muriwai 5kW + Batteries,0.0,117.0,0.0,0.0,98.0,0.0,0.00975,0.0,0.0
2026-09-03T22:50:00+12:00,Muriwai 5kW + Batteries,0.0,114.0,0.0,0.0,98.0,0.0,0.0095,0.0,0.0
2026-09-03T22:55:00+12:00,Muriwai 5kW + Batteries,0.0,119.0,0.0,0.0,97.0,0.0,0.00992,0.0,0.0
2026-09-03T23:00:00+12:00,Muriwai 5kW + Batteries,0.0,120.0,0.0,0.0,97.0,0.0,0.01,0.0,0.0
2026-09-03T23:05:00+12:00,Muriwai 5kW + Batteries,0.0,127.0,0.0,0.0,97.0,0.0,0.01058,0.0,0.0
2026-09-03T23:10:00+12:00,Muriwai 5kW + Batteries,0.0,134.0,0.0,0.0,97.0,0.0,0.01117,0.0,0.0
2026-09-03T23:15:00+12:00,Muriwai 5kW + Batteries,0.0,143.0,0.0,0.0,97.0,0.0,0.01192,0.0,0.0
2026-09-03T23:20:00+12:00,Muriwai 5kW + Batteries,0.0,151.0,0.0,0.0,97.0,0.0,0.01258,0.0,0.0
2026-09-03T23:25:00+12:00,Muriwai 5kW + Batteries,0.0,153.0,0.0,0.0,97.0,0.0,0.01275,0.0,0.0
2026-09-03T23:30:00+12:00,Muriwai 5kW + Batteries,0.0,155.0,0.0,0.0,97.0,0.0,0.01292,0.0,0.0
2026-09-03T23:35:00+12:00,Muriwai 5kW + Batteries,0.0,155.0,0.0,0.0,97.0,0.0,0.01292,0.0,0.0
2026-09-03T23:40:00+12:00,Muriwai 5kW + Batteries,0.0,156.0,0.0,0.0,97.0,0.0,0.013,0.0,0.0
2026-09-03T23:45:00+12:00,Muriwai 5kW + Batteries,0.0,153.0,0.0,0.0,97.0,0.0,0.01275,0.0,0.0
2026-09-03T23:50:00+12:00,Muriwai 5kW + Batteries,0.0,157.0,0.0,0.0,96.0,0.0,0.01308,0.0,0.0
2026-09-03T23:55:00+12:00,Muriwai 5kW + Batteries,0.0,156.0,0.0,0.0,96.0,0.0,0.013,0.0,0.0
2026-09-04T00:00:00+12:00,Muriwai 5kW + Batteries,0.0,158.0,0.0,0.0,96.0,0.0,0.01317,0.0,0.0
2026-09-04T00:05:00+12:00,Muriwai 5kW + Batteries,0.0,161.0,0.0,0.0,96.0,0.0,0.01342,0.0,0.0
2026-09-04T00:10:00+12:00,Muriwai 5kW + Batteries,0.0,164.0,0.0,0.0,96.0,0.0,0.01367,0.0,0.0
2026-09-04T00:15:00+12:00,Muriwai 5kW + Batteries,0.0,164.0,0.0,0.0,96.0,0.0,0.01367,0.0,0.0
2026-09-04T00:20:00+12:00,Muriwai 5kW + Batteries,0.0,167.0,0.0,0.0,96.0,0.0,0.01392,0.0,0.0
2026-09-04T00:25:00+12:00,Muriwai 5kW + Batteries,0.0,168.0,0.0,0.0,96.0,0.0,0.014,0.0,0.0
2026-09-04T00:30:00+12:00,Muriwai 5kW + Batteries,0.0,172.0,0.0,0.0,96.0,0.0,0.01433,0.0,0.0
2026-09-04T00:35:00+12:00,Muriwai 5kW + Batteries,0.0,173.0,0.0,0.0,96.0,0.0,0.01442,0.0,0.0
2026-09-04T00:40:00+12:00,Muriwai 5kW + Batteries,0.0,174.0,0.0,0.0,95.0,0.0,0.0145,0.0,0.0
2026-09-04T00:45:00+12:00,Muriwai 5kW + Batteries,0.0,176.0,0.0,0.0,95.0,0.0,0.01467,0.0,0.0
2026-09-04T00:50:00+12:00,Muriwai 5kW + Batteries,0.0,174.0,0.0,0.0,95.0,0.0,0.0145,0.0,0.0
2026-09-04T00:55:00+12:00,Muriwai 5kW + Batteries,0.0,172.0,0.0,0.0,95.0,0.0,0.01433,0.0,0.0
2026-09-04T01:00:00+12:00,Muriwai 5kW + Batteries,0.0,173.0,0.0,0.0,95.0,0.0,0.01442,0.0,0.0
2026-09-04T01:05:00+12:00,Muriwai 5kW + Batteries,0.0,176.0,0.0,0.0,95.0,0.0,0.01467,0.0,0.0
2026-09-04T01:10:00+12:00,Muriwai 5kW + Batteries,0.0,174.0,0.0,0.0,95.0,0.0,0.0145,0.0,0.0
2026-09-04T01:15:00+12:00,Muriwai 5kW + Batteries,0.0,172.0,0.0,0.0,95.0,0.0,0.01433,0.0,0.0
2026-09-04T01:20:00+12:00,Muriwai 5kW + Batteries,0.0,174.0,0.0,0.0,94.0,0.0,0.0145,0.0,0.0
2026-09-04T01:25:00+12:00,Muriwai 5kW + Batteries,0.0,176.0,0.0,0.0,94.0,0.0,0.01467,0.0,0.0
2026-09-04T01:30:00+12:00,Muriwai 5kW + Batteries,0.0,176.0,0.0,0.0,94.0,0.0,0.01467,0.0,0.0
2026-09-04T01:35:00+12:00,Muriwai 5kW + Batteries,0.0,175.0,0.0,0.0,94.0,0.0,0.01458,0.0,0.0
2026-09-04T01:40:00+12:00,Muriwai 5kW + Batteries,0.0,176.0,0.0,0.0,94.0,0.0,0.01467,0.0,0.0
2026-09-04T01:45:00+12:00,Muriwai 5kW + Batteries,0.0,177.0,0.0,0.0,94.0,0.0,0.01475,0.0,0.0
2026-09-04T01:50:00+12:00,Muriwai 5kW + Batteries,0.0,177.0,0.0,0.0,94.0,0.0,0.01475,0.0,0.0
2026-09-04T01:55:00+12:00,Muriwai 5kW + Batteries,0.0,176.0,0.0,0.0,94.0,0.0,0.01467,0.0,0.0
2026-09-04T02:00:00+12:00,Muriwai 5kW + Batteries,0.0,177.0,0.0,0.0,94.0,0.0,0.01475,0.0,0.0
2026-09-04T02:05:00+12:00,Muriwai 5kW + Batteries,0.0,177.0,0.0,0.0,93.0,0.0,0.01475,0.0,0.0
2026-09-04T02:10:00+12:00,Muriwai 5kW + Batteries,0.0,178.0,0.0,0.0,93.0,0.0,0.01483,0.0,0.0
2026-09-04T02:15:00+12:00,Muriwai 5kW + Batteries,0.0,174.0,0.0,0.0,93.0,0.0,0.0145,0.0,0.0
2026-09-04T02:20:00+12:00,Muriwai 5kW + Batteries,0.0,175.0,0.0,0.0,93.0,0.0,0.01458,0.0,0.0
2026-09-04T02:25:00+12:00,Muriwai 5kW + Batteries,0.0,175.0,0.0,0.0,93.0,0.0,0.01458,0.0,0.0
2026-09-04T02:30:00+12:00,Muriwai 5kW + Batteries,0.0,175.0,0.0,0.0,93.0,0.0,0.01458,0.0,0.0
2026-09-04T02:35:00+12:00,Muriwai 5kW + Batteries,0.0,179.0,0.0,0.0,93.0,0.0,0.01492,0.0,0.0
2026-09-04T02:40:00+12:00,Muriwai 5kW + Batteries,0.0,179.0,0.0,0.0,93.0,0.0,0.01492,0.0,0.0
2026-09-04T02:45:00+12:00,Muriwai 5kW + Batteries,0.0,179.0,0.0,0.0,93.0,0.0,0.01492,0.0,0.0
2026-09-04T02:50:00+12:00,Muriwai 5kW + Batteries,0.0,180.0,0.0,0.0,92.0,0.0,0.015,0.0,0.0
2026-09-04T02:55:00+12:00,Muriwai 5kW + Batteries,0.0,181.0,0.0,0.0,92.0,0.0,0.01508,0.0,0.0
2026-09-04T03:00:00+12:00,Muriwai 5kW + Batteries,0.0,180.0,0.0,0.0,92.0,0.0,0.015,0.0,0.0
2026-09-04T03:05:00+12:00,Muriwai 5kW + Batteries,0.0,184.0,0.0,0.0,92.0,0.0,0.01533,0.0,0.0
2026-09-04T03:10:00+12:00,Muriwai 5kW + Batteries,0.0,181.0,0.0,0.0,92.0,0.0,0.01508,0.0,0.0
2026-09-04T03:15:00+12:00,Muriwai 5kW + Batteries,0.0,181.0,0.0,0.0,92.0,0.0,0.01508,0.0,0.0
2026-09-04T03:20:00+12:00,Muriwai 5kW + Batteries,0.0,182.0,0.0,0.0,92.0,0.0,0.01517,0.0,0.0
2026-09-04T03:30:00+12:00,Muriwai 5kW + Batteries,0.0,183.0,0.0,0.0,92.0,0.0,0.01525,0.0,0.0
2026-09-04T03:35:00+12:00,Muriwai 5kW + Batteries,0.0,181.0,0.0,0.0,91.0,0.0,0.01508,0.0,0.0
2026-09-04T03:40:00+12:00,Muriwai 5kW + Batteries,0.0,180.0,0.0,0.0,91.0,0.0,0.015,0.0,0.0
2026-09-04T03:45:00+12:00,Muriwai 5kW + Batteries,0.0,180.0,0.0,0.0,91.0,0.0,0.015,0.0,0.0
2026-09-04T03:50:00+12:00,Muriwai 5kW + Batteries,0.0,179.0,0.0,0.0,91.0,0.0,0.01492,0.0,0.0
2026-09-04T03:55:00+12:00,Muriwai 5kW + Batteries,0.0,182.0,0.0,0.0,91.0,0.0,0.01517,0.0,0.0
2026-09-04T04:00:00+12:00,Muriwai 5kW + Batteries,0.0,182.0,0.0,0.0,91.0,0.0,0.01517,0.0,0.0
2026-09-04T04:05:00+12:00,Muriwai 5kW + Batteries,0.0,185.0,0.0,0.0,91.0,0.0,0.01542,0.0,0.0
2026-09-04T04:10:00+12:00,Muriwai 5kW + Batteries,0.0,184.0,0.0,0.0,91.0,0.0,0.01533,0.0,0.0
2026-09-04T04:15:00+12:00,Muriwai 5kW + Batteries,0.0,186.0,0.0,0.0,91.0,0.0,0.0155,0.0,0.0
2026-09-04T04:20:00+12:00,Muriwai 5kW + Batteries,0.0,185.0,0.0,0.0,90.0,0.0,0.01542,0.0,0.0
2026-09-04T04:25:00+12:00,Muriwai 5kW + Batteries,0.0,186.0,0.0,0.0,90.0,0.0,0.0155,0.0,0.0
2026-09-04T04:30:00+12:00,Muriwai 5kW + Batteries,0.0,182.0,0.0,0.0,90.0,0.0,0.01517,0.0,0.0
2026-09-04T04:35:00+12:00,Muriwai 5kW + Batteries,0.0,183.0,0.0,0.0,90.0,0.0,0.01525,0.0,0.0
2026-09-04T04:40:00+12:00,Muriwai 5kW + Batteries,0.0,183.0,0.0,0.0,90.0,0.0,0.01525,0.0,0.0
2026-09-04T04:45:00+12:00,Muriwai 5kW + Batteries,0.0,183.0,0.0,0.0,90.0,0.0,0.01525,0.0,0.0
2026-09-04T04:50:00+12:00,Muriwai 5kW + Batteries,0.0,184.0,0.0,0.0,90.0,0.0,0.01533,0.0,0.0
2026-09-04T04:55:00+12:00,Muriwai 5kW + Batteries,0.0,185.0,0.0,0.0,90.0,0.0,0.01542,0.0,0.0
2026-09-04T05:00:00+12:00,Muriwai 5kW + Batteries,0.0,184.0,0.0,0.0,89.0,0.0,0.01533,0.0,0.0
2026-09-04T05:05:00+12:00,Muriwai 5kW + Batteries,0.0,187.0,0.0,0.0,89.0,0.0,0.01558,0.0,0.0
2026-09-04T05:10:00+12:00,Muriwai 5kW + Batteries,0.0,187.0,0.0,0.0,89.0,0.0,0.01558,0.0,0.0
2026-09-04T05:15:00+12:00,Muriwai 5kW + Batteries,0.0,186.0,0.0,0.0,89.0,0.0,0.0155,0.0,0.0
2026-09-04T05:20:00+12:00,Muriwai 5kW + Batteries,0.0,184.0,0.0,0.0,89.0,0.0,0.01533,0.0,0.0
2026-09-04T05:25:00+12:00,Muriwai 5kW + Batteries,0.0,185.0,0.0,0.0,89.0,0.0,0.01542,0.0,0.0
2026-09-04T05:30:00+12:00,Muriwai 5kW + Batteries,0.0,185.0,0.0,0.0,89.0,0.0,0.01542,0.0,0.0
2026-09-04T05:35:00+12:00,Muriwai 5kW + Batteries,0.0,184.0,0.0,0.0,89.0,0.0,0.01533,0.0,0.0
2026-09-04T05:40:00+12:00,Muriwai 5kW + Batteries,0.0,185.0,0.0,0.0,88.0,0.0,0.01542,0.0,0.0
2026-09-04T05:45:00+12:00,Muriwai 5kW + Batteries,0.0,191.0,0.0,0.0,88.0,0.0,0.01592,0.0,0.0
2026-09-04T05:50:00+12:00,Muriwai 5kW + Batteries,0.0,189.0,0.0,0.0,88.0,0.0,0.01575,0.0,0.0
2026-09-04T05:55:00+12:00,Muriwai 5kW + Batteries,0.0,187.0,0.0,0.0,88.0,0.0,0.01558,0.0,0.0
2026-09-04T06:00:00+12:00,Muriwai 5kW + Batteries,0.0,186.0,0.0,0.0,88.0,0.0,0.0155,0.0,0.0
2026-09-04T06:05:00+12:00,Muriwai 5kW + Batteries,0.0,186.0,0.0,0.0,88.0,0.0,0.0155,0.0,0.0
2026-09-04T06:15:00+12:00,Muriwai 5kW + Batteries,0.0,185.0,0.0,0.0,88.0,0.0,0.01542,0.0,0.0
2026-09-04T06:20:00+12:00,Muriwai 5kW + Batteries,0.0,186.0,0.0,0.0,88.0,0.0,0.0155,0.0,0.0
2026-09-04T06:25:00+12:00,Muriwai 5kW + Batteries,0.0,185.0,0.0,0.0,88.0,0.0,0.01542,0.0,0.0
2026-09-04T06:30:00+12:00,Muriwai 5kW + Batteries,0.0,180.0,0.0,0.0,87.0,0.0,0.015,0.0,0.0
2026-09-04T06:35:00+12:00,Muriwai 5kW + Batteries,0.0,181.0,0.0,0.0,87.0,0.0,0.01508,0.0,0.0
2026-09-04T06:40:00+12:00,Muriwai 5kW + Batteries,0.0,178.0,0.0,0.0,87.0,0.0,0.01483,0.0,0.0
2026-09-04T06:45:00+12:00,Muriwai 5kW + Batteries,13.0,175.0,0.0,0.0,87.0,0.00108,0.01458,0.0,0.0
2026-09-04T06:50:00+12:00,Muriwai 5kW + Batteries,17.0,176.0,0.0,0.0,87.0,0.00142,0.01467,0.0,0.0
2026-09-04T06:55:00+12:00,Muriwai 5kW + Batteries,31.0,174.0,0.0,0.0,87.0,0.00258,0.0145,0.0,0.0
2026-09-04T07:00:00+12:00,Muriwai 5kW + Batteries,67.0,174.0,0.0,0.0,87.0,0.00558,0.0145,0.0,0.0
2026-09-04T07:05:00+12:00,Muriwai 5kW + Batteries,341.0,172.0,0.0,0.0,87.0,0.02842,0.01433,0.0,0.0
2026-09-04T07:10:00+12:00,Muriwai 5kW + Batteries,130.0,161.0,0.0,0.0,87.0,0.01083,0.01342,0.0,0.0
2026-09-04T07:15:00+12:00,Muriwai 5kW + Batteries,132.0,164.0,0.0,0.0,87.0,0.011,0.01367,0.0,0.0
2026-09-04T07:20:00+12:00,Muriwai 5kW + Batteries,1282.0,161.0,0.0,0.0,87.0,0.10683,0.01342,0.0,0.0
2026-09-04T07:25:00+12:00,Muriwai 5kW + Batteries,1410.0,165.0,0.0,0.0,88.0,0.1175,0.01375,0.0,0.0
2026-09-04T07:30:00+12:00,Muriwai 5kW + Batteries,1498.0,162.0,0.0,0.0,89.0,0.12483,0.0135,0.0,0.0
2026-09-04T07:35:00+12:00,Muriwai 5kW + Batteries,1583.0,162.0,0.0,0.0,89.0,0.13192,0.0135,0.0,0.0
2026-09-04T07:40:00+12:00,Muriwai 5kW + Batteries,1692.0,160.0,0.0,0.0,90.0,0.141,0.01333,0.0,0.0
2026-09-04T07:45:00+12:00,Muriwai 5kW + Batteries,1774.0,155.0,0.0,0.0,91.0,0.14783,0.01292,0.0,0.0
2026-09-04T07:50:00+12:00,Muriwai 5kW + Batteries,1811.0,151.0,0.0,0.0,92.0,0.15092,0.01258,0.0,0.0
2026-09-04T07:55:00+12:00,Muriwai 5kW + Batteries,1882.0,132.0,0.0,0.0,93.0,0.15683,0.011,0.0,0.0
2026-09-04T08:00:00+12:00,Muriwai 5kW + Batteries,1967.0,115.0,0.0,0.0,94.0,0.16392,0.00958,0.0,0.0
2026-09-04T08:05:00+12:00,Muriwai 5kW + Batteries,2036.0,109.0,0.0,0.0,95.0,0.16967,0.00908,0.0,0.0
2026-09-04T08:10:00+12:00,Muriwai 5kW + Batteries,2085.0,108.0,0.0,0.0,96.0,0.17375,0.009,0.0,0.0
2026-09-04T08:15:00+12:00,Muriwai 5kW + Batteries,2164.0,107.0,0.0,0.0,97.0,0.18033,0.00892,0.0,0.0
2026-09-04T08:20:00+12:00,Muriwai 5kW + Batteries,2229.0,113.0,0.0,0.0,98.0,0.18575,0.00942,0.0,0.0
2026-09-04T08:25:00+12:00,Muriwai 5kW + Batteries,2274.0,113.0,0.0,0.0,99.0,0.1895,0.00942,0.0,0.0
2026-09-04T08:30:00+12:00,Muriwai 5kW + Batteries,2356.0,120.0,0.0,0.0,100.0,0.19633,0.01,0.0,0.0
2026-09-04T08:35:00+12:00,Muriwai 5kW + Batteries,2419.0,106.0,0.0,1584.0,100.0,0.20158,0.00883,0.0,0.132
2026-09-04T08:40:00+12:00,Muriwai 5kW + Batteries,2465.0,111.0,0.0,2456.0,100.0,0.20542,0.00925,0.0,0.20467
2026-09-04T08:45:00+12:00,Muriwai 5kW + Batteries,2535.0,111.0,0.0,2406.0,99.0,0.21125,0.00925,0.0,0.2005
2026-09-04T08:50:00+12:00,Muriwai 5kW + Batteries,2572.0,110.0,0.0,2434.0,99.0,0.21433,0.00917,0.0,0.20283
2026-09-04T08:55:00+12:00,Muriwai 5kW + Batteries,2604.0,110.0,0.0,2462.0,99.0,0.217,0.00917,0.0,0.20517
2026-09-04T09:00:00+12:00,Muriwai 5kW + Batteries,2634.0,113.0,0.0,2485.0,99.0,0.2195,0.00942,0.0,0.20708
2026-09-04T09:10:00+12:00,Muriwai 5kW + Batteries,2662.0,118.0,0.0,2510.0,100.0,0.22183,0.00983,0.0,0.20917
2026-09-04T09:15:00+12:00,Muriwai 5kW + Batteries,2689.0,115.0,0.0,2544.0,100.0,0.22408,0.00958,0.0,0.212
2026-09-04T09:20:00+12:00,Muriwai 5kW + Batteries,2716.0,115.0,0.0,2568.0,100.0,0.22633,0.00958,0.0,0.214
2026-09-04T09:25:00+12:00,Muriwai 5kW + Batteries,2719.0,114.0,0.0,2578.0,100.0,0.22658,0.0095,0.0,0.21483
2026-09-04T09:30:00+12:00,Muriwai 5kW + Batteries,2777.0,115.0,0.0,2637.0,100.0,0.23142,0.00958,0.0,0.21975
2026-09-04T09:35:00+12:00,Muriwai 5kW + Batteries,2825.0,117.0,0.0,2677.0,100.0,0.23542,0.00975,0.0,0.22308
2026-09-04T09:40:00+12:00,Muriwai 5kW + Batteries,2851.0,121.0,0.0,2702.0,100.0,0.23758,0.01008,0.0,0.22517
2026-09-04T09:45:00+12:00,Muriwai 5kW + Batteries,2906.0,118.0,0.0,2765.0,100.0,0.24217,0.00983,0.0,0.23042
2026-09-04T09:50:00+12:00,Muriwai 5kW + Batteries,2991.0,123.0,0.0,2847.0,100.0,0.24925,0.01025,0.0,0.23725
2026-09-04T09:55:00+12:00,Muriwai 5kW + Batteries,3018.0,120.0,0.0,2876.0,100.0,0.2515,0.01,0.0,0.23967
2026-09-04T10:00:00+12:00,Muriwai 5kW + Batteries,3138.0,120.0,0.0,2993.0,100.0,0.2615,0.01,0.0,0.24942
2026-09-04T10:05:00+12:00,Muriwai 5kW + Batteries,3158.0,123.0,0.0,3006.0,100.0,0.26317,0.01025,0.0,0.2505
2026-09-04T10:10:00+12:00,Muriwai 5kW + Batteries,3073.0,123.0,0.0,2918.0,100.0,0.25608,0.01025,0.0,0.24317
2026-09-04T10:15:00+12:00,Muriwai 5kW + Batteries,1615.0,111.0,0.0,1486.0,100.0,0.13458,0.00925,0.0,0.12383
2026-09-04T10:20:00+12:00,Muriwai 5kW + Batteries,2827.0,117.0,0.0,2685.0,100.0,0.23558,0.00975,0.0,0.22375
2026-09-04T10:25:00+12:00,Muriwai 5kW + Batteries,2603.0,117.0,0.0,2458.0,100.0,0.21692,0.00975,0.0,0.20483
2026-09-04T10:30:00+12:00,Muriwai 5kW + Batteries,2468.0,116.0,0.0,2327.0,100.0,0.20567,0.00967,0.0,0.19392
2026-09-04T10:35:00+12:00,Muriwai 5kW + Batteries,2279.0,115.0,0.0,2140.0,100.0,0.18992,0.00958,0.0,0.17833
2026-09-04T10:40:00+12:00,Muriwai 5kW + Batteries,2618.0,115.0,0.0,2479.0,100.0,0.21817,0.00958,0.0,0.20658
2026-09-04T10:45:00+12:00,Muriwai 5kW + Batteries,2106.0,114.0,0.0,1977.0,100.0,0.1755,0.0095,0.0,0.16475
2026-09-04T10:50:00+12:00,Muriwai 5kW + Batteries,2978.0,120.0,0.0,2839.0,100.0,0.24817,0.01,0.0,0.23658
2026-09-04T10:55:00+12:00,Muriwai 5kW + Batteries,3279.0,128.0,0.0,3133.0,100.0,0.27325,0.01067,0.0,0.26108
2026-09-04T11:00:00+12:00,Muriwai 5kW + Batteries,3144.0,125.0,0.0,3019.0,100.0,0.262,0.01042,0.0,0.25158
2026-09-04T11:05:00+12:00,Muriwai 5kW + Batteries,3584.0,124.0,0.0,3435.0,100.0,0.29867,0.01033,0.0,0.28625
2026-09-04T11:10:00+12:00,Muriwai 5kW + Batteries,2132.0,110.0,0.0,2014.0,100.0,0.17767,0.00917,0.0,0.16783
2026-09-04T11:15:00+12:00,Muriwai 5kW + Batteries,1238.0,105.0,0.0,1114.0,100.0,0.10317,0.00875,0.0,0.09283
2026-09-04T11:20:00+12:00,Muriwai 5kW + Batteries,1165.0,104.0,0.0,1033.0,100.0,0.09708,0.00867,0.0,0.08608
2026-09-04T11:25:00+12:00,Muriwai 5kW + Batteries,1048.0,105.0,0.0,913.0,100.0,0.08733,0.00875,0.0,0.07608
2026-09-04T11:30:00+12:00,Muriwai 5kW + Batteries,865.0,100.0,0.0,718.0,100.0,0.07208,0.00833,0.0,0.05983
2026-09-04T11:35:00+12:00,Muriwai 5kW + Batteries,655.0,100.0,0.0,518.0,100.0,0.05458,0.00833,0.0,0.04317
2026-09-04T11:40:00+12:00,Muriwai 5kW + Batteries,591.0,103.0,0.0,458.0,100.0,0.04925,0.00858,0.0,0.03817
2026-09-04T11:50:00+12:00,Muriwai 5kW + Batteries,589.0,104.0,0.0,458.0,100.0,0.04908,0.00867,0.0,0.03817
2026-09-04T11:55:00+12:00,Muriwai 5kW + Batteries,574.0,101.0,0.0,441.0,100.0,0.04783,0.00842,0.0,0.03675
2026-09-04T12:00:00+12:00,Muriwai 5kW + Batteries,569.0,102.0,0.0,431.0,100.0,0.04742,0.0085,0.0,0.03592
2026-09-04T12:05:00+12:00,Muriwai 5kW + Batteries,483.0,107.0,0.0,348.0,100.0,0.04025,0.00892,0.0,0.029
2026-09-04T12:10:00+12:00,Muriwai 5kW + Batteries,398.0,112.0,0.0,267.0,100.0,0.03317,0.00933,0.0,0.02225
2026-09-04T12:15:00+12:00,Muriwai 5kW + Batteries,374.0,109.0,0.0,248.0,100.0,0.03117,0.00908,0.0,0.02067
2026-09-04T12:20:00+12:00,Muriwai 5kW + Batteries,396.0,113.0,0.0,265.0,100.0,0.033,0.00942,0.0,0.02208
2026-09-04T12:25:00+12:00,Muriwai 5kW + Batteries,411.0,111.0,0.0,279.0,100.0,0.03425,0.00925,0.0,0.02325
2026-09-04T12:30:00+12:00,Muriwai 5kW + Batteries,395.0,110.0,0.0,272.0,100.0,0.03292,0.00917,0.0,0.02267
2026-09-04T12:35:00+12:00,Muriwai 5kW + Batteries,435.0,108.0,0.0,310.0,100.0,0.03625,0.009,0.0,0.02583
2026-09-04T12:40:00+12:00,Muriwai 5kW + Batteries,507.0,104.0,0.0,384.0,100.0,0.04225,0.00867,0.0,0.032
2026-09-04T12:45:00+12:00,Muriwai 5kW + Batteries,570.0,99.0,0.0,452.0,100.0,0.0475,0.00825,0.0,0.03767
2026-09-04T12:50:00+12:00,Muriwai 5kW + Batteries,563.0,100.0,0.0,437.0,100.0,0.04692,0.00833,0.0,0.03642
2026-09-04T12:55:00+12:00,Muriwai 5kW + Batteries,538.0,101.0,0.0,411.0,100.0,0.04483,0.00842,0.0,0.03425
2026-09-04T13:00:00+12:00,Muriwai 5kW + Batteries,533.0,100.0,0.0,414.0,100.0,0.04442,0.00833,0.0,0.0345
2026-09-04T13:05:00+12:00,Muriwai 5kW + Batteries,492.0,108.0,0.0,369.0,100.0,0.041,0.009,0.0,0.03075
2026-09-04T13:10:00+12:00,Muriwai 5kW + Batteries,504.0,104.0,0.0,380.0,100.0,0.042,0.00867,0.0,0.03167
2026-09-04T13:15:00+12:00,Muriwai 5kW + Batteries,517.0,108.0,0.0,391.0,100.0,0.04308,0.009,0.0,0.03258
2026-09-04T13:20:00+12:00,Muriwai 5kW + Batteries,558.0,104.0,0.0,429.0,100.0,0.0465,0.00867,0.0,0.03575
2026-09-04T13:25:00+12:00,Muriwai 5kW + Batteries,600.0,98.0,0.0,484.0,100.0,0.05,0.00817,0.0,0.04033
2026-09-04T13:30:00+12:00,Muriwai 5kW + Batteries,688.0,98.0,0.0,569.0,100.0,0.05733,0.00817,0.0,0.04742
2026-09-04T13:35:00+12:00,Muriwai 5kW + Batteries,734.0,96.0,0.0,613.0,100.0,0.06117,0.008,0.0,0.05108
2026-09-04T13:40:00+12:00,Muriwai 5kW + Batteries,849.0,94.0,0.0,728.0,100.0,0.07075,0.00783,0.0,0.06067
2026-09-04T13:45:00+12:00,Muriwai 5kW + Batteries,2171.0,113.0,0.0,2042.0,100.0,0.18092,0.00942,0.0,0.17017
2026-09-04T13:50:00+12:00,Muriwai 5kW + Batteries,1347.0,112.0,0.0,1217.0,100.0,0.11225,0.00933,0.0,0.10142
2026-09-04T13:55:00+12:00,Muriwai 5kW + Batteries,544.0,96.0,0.0,421.0,100.0,0.04533,0.008,0.0,0.03508
2026-09-04T14:00:00+12:00,Muriwai 5kW + Batteries,1555.0,109.0,0.0,1425.0,100.0,0.12958,0.00908,0.0,0.11875
2026-09-04T14:05:00+12:00,Muriwai 5kW + Batteries,1540.0,109.0,0.0,1405.0,100.0,0.12833,0.00908,0.0,0.11708
2026-09-04T14:10:00+12:00,Muriwai 5kW + Batteries,1440.0,109.0,0.0,1304.0,100.0,0.12,0.00908,0.0,0.10867
2026-09-04T14:15:00+12:00,Muriwai 5kW + Batteries,1333.0,110.0,0.0,1201.0,100.0,0.11108,0.00917,0.0,0.10008
2026-09-04T14:20:00+12:00,Muriwai 5kW + Batteries,1225.0,103.0,0.0,1102.0,100.0,0.10208,0.00858,0.0,0.09183
2026-09-04T14:25:00+12:00,Muriwai 5kW + Batteries,1185.0,106.0,0.0,1059.0,100.0,0.09875,0.00883,0.0,0.08825
2026-09-04T14:30:00+12:00,Muriwai 5kW + Batteries,1116.0,104.0,0.0,989.0,100.0,0.093,0.00867,0.0,0.08242
2026-09-04T14:40:00+12:00,Muriwai 5kW + Batteries,1034.0,100.0,0.0,905.0,100.0,0.08617,0.00833,0.0,0.07542
2026-09-04T14:45:00+12:00,Muriwai 5kW + Batteries,954.0,101.0,0.0,822.0,100.0,0.0795,0.00842,0.0,0.0685
2026-09-04T14:50:00+12:00,Muriwai 5kW + Batteries,462.0,109.0,0.0,337.0,100.0,0.0385,0.00908,0.0,0.02808
2026-09-04T14:55:00+12:00,Muriwai 5kW + Batteries,844.0,103.0,0.0,714.0,100.0,0.07033,0.00858,0.0,0.0595
2026-09-04T15:00:00+12:00,Muriwai 5kW + Batteries,1017.0,101.0,0.0,893.0,100.0,0.08475,0.00842,0.0,0.07442
2026-09-04T15:05:00+12:00,Muriwai 5kW + Batteries,934.0,97.0,0.0,811.0,100.0,0.07783,0.00808,0.0,0.06758
2026-09-04T15:10:00+12:00,Muriwai 5kW + Batteries,478.0,104.0,0.0,349.0,100.0,0.03983,0.00867,0.0,0.02908
2026-09-04T15:15:00+12:00,Muriwai 5kW + Batteries,286.0,114.0,0.0,151.0,100.0,0.02383,0.0095,0.0,0.01258
2026-09-04T15:20:00+12:00,Muriwai 5kW + Batteries,261.0,119.0,0.0,128.0,100.0,0.02175,0.00992,0.0,0.01067
2026-09-04T15:25:00+12:00,Muriwai 5kW + Batteries,440.0,110.0,0.0,307.0,100.0,0.03667,0.00917,0.0,0.02558
2026-09-04T15:30:00+12:00,Muriwai 5kW + Batteries,291.0,117.0,0.0,157.0,100.0,0.02425,0.00975,0.0,0.01308
2026-09-04T15:35:00+12:00,Muriwai 5kW + Batteries,200.0,116.0,0.0,63.0,100.0,0.01667,0.00967,0.0,0.00525
2026-09-04T15:40:00+12:00,Muriwai 5kW + Batteries,445.0,103.0,0.0,317.0,100.0,0.03708,0.00858,0.0,0.02642
2026-09-04T15:45:00+12:00,Muriwai 5kW + Batteries,232.0,106.0,0.0,103.0,100.0,0.01933,0.00883,0.0,0.00858
2026-09-04T15:50:00+12:00,Muriwai 5kW + Batteries,359.0,100.0,0.0,241.0,100.0,0.02992,0.00833,0.0,0.02008
2026-09-04T15:55:00+12:00,Muriwai 5kW + Batteries,386.0,102.0,0.0,264.0,100.0,0.03217,0.0085,0.0,0.022
2026-09-04T16:00:00+12:00,Muriwai 5kW + Batteries,240.0,104.0,0.0,116.0,100.0,0.02,0.00867,0.0,0.00967
2026-09-04T16:05:00+12:00,Muriwai 5kW + Batteries,274.0,102.0,0.0,151.0,100.0,0.02283,0.0085,0.0,0.01258
2026-09-04T16:10:00+12:00,Muriwai 5kW + Batteries,264.0,100.0,0.0,143.0,100.0,0.022,0.00833,0.0,0.01192
2026-09-04T16:15:00+12:00,Muriwai 5kW + Batteries,95.0,112.0,0.0,0.0,100.0,0.00792,0.00933,0.0,0.0
2026-09-04T16:20:00+12:00,Muriwai 5kW + Batteries,91.0,111.0,0.0,0.0,100.0,0.00758,0.00925,0.0,0.0
2026-09-04T16:25:00+12:00,Muriwai 5kW + Batteries,101.0,106.0,0.0,0.0,100.0,0.00842,0.00883,0.0,0.0
2026-09-04T16:30:00+12:00,Muriwai 5kW + Batteries,85.0,102.0,0.0,0.0,100.0,0.00708,0.0085,0.0,0.0
2026-09-04T16:35:00+12:00,Muriwai 5kW + Batteries,74.0,110.0,53.0,0.0,100.0,0.00617,0.00917,0.00442,0.0
2026-09-04T16:40:00+12:00,Muriwai 5kW + Batteries,74.0,108.0,0.0,0.0,100.0,0.00617,0.009,0.0,0.0
2026-09-04T16:45:00+12:00,Muriwai 5kW + Batteries,77.0,109.0,51.0,0.0,100.0,0.00642,0.00908,0.00425,0.0
2026-09-04T16:50:00+12:00,Muriwai 5kW + Batteries,56.0,114.0,81.0,0.0,100.0,0.00467,0.0095,0.00675,0.0
2026-09-04T16:55:00+12:00,Muriwai 5kW + Batteries,52.0,115.0,79.0,0.0,100.0,0.00433,0.00958,0.00658,0.0
2026-09-04T17:00:00+12:00,Muriwai 5kW + Batteries,41.0,113.0,91.0,0.0,100.0,0.00342,0.00942,0.00758,0.0
2026-09-04T17:05:00+12:00,Muriwai 5kW + Batteries,27.0,111.0,0.0,0.0,99.0,0.00225,0.00925,0.0,0.0
2026-09-04T17:10:00+12:00,Muriwai 5kW + Batteries,17.0,107.0,0.0,0.0,99.0,0.00142,0.00892,0.0,0.0
2026-09-04T17:15:00+12:00,Muriwai 5kW + Batteries,12.0,109.0,80.0,0.0,99.0,0.001,0.00908,0.00667,0.0
2026-09-04T17:25:00+12:00,Muriwai 5kW + Batteries,9.0,107.0,107.0,0.0,99.0,0.00075,0.00892,0.00892,0.0
2026-09-04T17:30:00+12:00,Muriwai 5kW + Batteries,3.0,110.0,120.0,0.0,99.0,0.00025,0.00917,0.01,0.0
2026-09-04T17:35:00+12:00,Muriwai 5kW + Batteries,0.0,109.0,143.0,0.0,99.0,0.0,0.00908,0.01192,0.0
2026-09-04T17:40:00+12:00,Muriwai 5kW + Batteries,0.0,109.0,145.0,0.0,99.0,0.0,0.00908,0.01208,0.0
2026-09-04T17:45:00+12:00,Muriwai 5kW + Batteries,0.0,111.0,147.0,0.0,99.0,0.0,0.00925,0.01225,0.0
2026-09-04T17:50:00+12:00,Muriwai 5kW + Batteries,0.0,114.0,155.0,0.0,99.0,0.0,0.0095,0.01292,0.0
2026-09-04T17:55:00+12:00,Muriwai 5kW + Batteries,0.0,117.0,160.0,0.0,99.0,0.0,0.00975,0.01333,0.0
2026-09-04T18:00:00+12:00,Muriwai 5kW + Batteries,0.0,115.0,158.0,0.0,99.0,0.0,0.00958,0.01317,0.0
2026-09-04T18:05:00+12:00,Muriwai 5kW + Batteries,0.0,119.0,163.0,0.0,99.0,0.0,0.00992,0.01358,0.0
2026-09-04T18:10:00+12:00,Muriwai 5kW + Batteries,0.0,119.0,163.0,0.0,99.0,0.0,0.00992,0.01358,0.0
2026-09-04T18:15:00+12:00,Muriwai 5kW + Batteries,0.0,128.0,172.0,0.0,99.0,0.0,0.01067,0.01433,0.0
2026-09-04T18:20:00+12:00,Muriwai 5kW + Batteries,0.0,129.0,175.0,0.0,99.0,0.0,0.01075,0.01458,0.0
2026-09-04T18:45:00+12:00,Muriwai 5kW + Batteries,0.0,148.0,193.0,0.0,99.0,0.0,0.01233,0.01608,0.0
2026-09-04T18:50:00+12:00,Muriwai 5kW + Batteries,0.0,150.0,196.0,0.0,100.0,0.0,0.0125,0.01633,0.0
2026-09-04T18:55:00+12:00,Muriwai 5kW + Batteries,0.0,153.0,199.0,0.0,100.0,0.0,0.01275,0.01658,0.0
2026-09-04T19:00:00+12:00,Muriwai 5kW + Batteries,0.0,155.0,201.0,0.0,100.0,0.0,0.01292,0.01675,0.0
2026-09-04T19:05:00+12:00,Muriwai 5kW + Batteries,0.0,153.0,199.0,0.0,100.0,0.0,0.01275,0.01658,0.0
2026-09-04T19:10:00+12:00,Muriwai 5kW + Batteries,0.0,154.0,200.0,0.0,100.0,0.0,0.01283,0.01667,0.0
2026-09-04T19:15:00+12:00,Muriwai 5kW + Batteries,0.0,157.0,203.0,0.0,100.0,0.0,0.01308,0.01692,0.0
2026-09-04T19:20:00+12:00,Muriwai 5kW + Batteries,0.0,155.0,201.0,0.0,100.0,0.0,0.01292,0.01675,0.0
2026-09-04T19:25:00+12:00,Muriwai 5kW + Batteries,0.0,158.0,204.0,0.0,100.0,0.0,0.01317,0.017,0.0
2026-09-04T19:30:00+12:00,Muriwai 5kW + Batteries,0.0,161.0,207.0,0.0,100.0,0.0,0.01342,0.01725,0.0
2026-09-04T19:35:00+12:00,Muriwai 5kW + Batteries,0.0,168.0,214.0,0.0,100.0,0.0,0.014,0.01783,0.0
2026-09-04T19:40:00+12:00,Muriwai 5kW + Batteries,0.0,172.0,218.0,0.0,100.0,0.0,0.01433,0.01817,0.0
2026-09-04T19:45:00+12:00,Muriwai 5kW + Batteries,0.0,173.0,219.0,0.0,100.0,0.0,0.01442,0.01825,0.0
2026-09-04T19:50:00+12:00,Muriwai 5kW + Batteries,0.0,175.0,221.0,0.0,100.0,0.0,0.01458,0.01842,0.0
2026-09-04T19:55:00+12:00,Muriwai 5kW + Batteries,0.0,178.0,223.0,0.0,100.0,0.0,0.01483,0.01858,0.0
2026-09-04T20:00:00+12:00,Muriwai 5kW + Batteries,0.0,178.0,223.0,0.0,100.0,0.0,0.01483,0.01858,0.0
2026-09-04T20:05:00+12:00,Muriwai 5kW + Batteries,0.0,177.0,223.0,0.0,100.0,0.0,0.01475,0.01858,0.0
2026-09-04T20:10:00+12:00,Muriwai 5kW + Batteries,0.0,175.0,221.0,0.0,100.0,0.0,0.01458,0.01842,0.0
2026-09-04T20:15:00+12:00,Muriwai 5kW + Batteries,0.0,177.0,223.0,0.0,100.0,0.0,0.01475,0.01858,0.0
2026-09-04T20:20:00+12:00,Muriwai 5kW + Batteries,0.0,179.0,225.0,0.0,100.0,0.0,0.01492,0.01875,0.0
2026-09-04T20:25:00+12:00,Muriwai 5kW + Batteries,0.0,182.0,228.0,0.0,100.0,0.0,0.01517,0.019,0.0
2026-09-04T20:30:00+12:00,Muriwai 5kW + Batteries,0.0,181.0,227.0,0.0,100.0,0.0,0.01508,0.01892,0.0
2026-09-04T20:35:00+12:00,Muriwai 5kW + Batteries,0.0,184.0,229.0,0.0,100.0,0.0,0.01533,0.01908,0.0
2026-09-04T20:40:00+12:00,Muriwai 5kW + Batteries,0.0,182.0,228.0,0.0,100.0,0.0,0.01517,0.019,0.0
2026-09-04T20:45:00+12:00,Muriwai 5kW + Batteries,0.0,182.0,228.0,0.0,100.0,0.0,0.01517,0.019,0.0
2026-09-04T20:50:00+12:00,Muriwai 5kW + Batteries,0.0,178.0,224.0,0.0,100.0,0.0,0.01483,0.01867,0.0
2026-09-04T20:55:00+12:00,Muriwai 5kW + Batteries,0.0,173.0,219.0,0.0,100.0,0.0,0.01442,0.01825,0.0
2026-09-04T21:00:00+12:00,Muriwai 5kW + Batteries,0.0,151.0,197.0,0.0,100.0,0.0,0.01258,0.01642,0.0
2026-09-04T21:05:00+12:00,Muriwai 5kW + Batteries,0.0,123.0,0.0,0.0,99.0,0.0,0.01025,0.0,0.0
2026-09-04T21:10:00+12:00,Muriwai 5kW + Batteries,0.0,111.0,0.0,0.0,99.0,0.0,0.00925,0.0,0.0
2026-09-04T21:15:00+12:00,Muriwai 5kW + Batteries,0.0,115.0,0.0,0.0,99.0,0.0,0.00958,0.0,0.0
2026-09-04T21:20:00+12:00,Muriwai 5kW + Batteries,0.0,138.0,0.0,0.0,99.0,0.0,0.0115,0.0,0.0
2026-09-04T21:25:00+12:00,Muriwai 5kW + Batteries,0.0,144.0,0.0,0.0,99.0,0.0,0.012,0.0,0.0
2026-09-04T21:30:00+12:00,Muriwai 5kW + Batteries,0.0,131.0,0.0,0.0,99.0,0.0,0.01092,0.0,0.0
2026-09-04T21:35:00+12:00,Muriwai 5kW + Batteries,0.0,118.0,0.0,0.0,99.0,0.0,0.00983,0.0,0.0
2026-09-04T21:40:00+12:00,Muriwai 5kW + Batteries,0.0,111.0,0.0,0.0,99.0,0.0,0.00925,0.0,0.0
2026-09-04T21:50:00+12:00,Muriwai 5kW + Batteries,0.0,112.0,0.0,0.0,99.0,0.0,0.00933,0.0,0.0
2026-09-04T21:55:00+12:00,Muriwai 5kW + Batteries,0.0,108.0,0.0,0.0,99.0,0.0,0.009,0.0,0.0
2026-09-04T22:00:00+12:00,Muriwai 5kW + Batteries,0.0,107.0,0.0,0.0,99.0,0.0,0.00892,0.0,0.0
2026-09-04T22:05:00+12:00,Muriwai 5kW + Batteries,0.0,108.0,0.0,0.0,99.0,0.0,0.009,0.0,0.0
2026-09-04T22:10:00+12:00,Muriwai 5kW + Batteries,0.0,109.0,0.0,0.0,98.0,0.0,0.00908,0.0,0.0
2026-09-04T22:15:00+12:00,Muriwai 5kW + Batteries,0.0,110.0,0.0,0.0,98.0,0.0,0.00917,0.0,0.0
2026-09-04T22:20:00+12:00,Muriwai 5kW + Batteries,0.0,108.0,0.0,0.0,98.0,0.0,0.009,0.0,0.0
2026-09-04T22:25:00+12:00,Muriwai 5kW + Batteries,0.0,111.0,0.0,0.0,98.0,0.0,0.00925,0.0,0.0
2026-09-04T22:30:00+12:00,Muriwai 5kW + Batteries,0.0,108.0,0.0,0.0,98.0,0.0,0.009,0.0,0.0
2026-09-04T22:35:00+12:00,Muriwai 5kW + Batteries,0.0,110.0,0.0,0.0,98.0,0.0,0.00917,0.0,0.0
2026-09-04T22:40:00+12:00,Muriwai 5kW + Batteries,0.0,111.0,0.0,0.0,98.0,0.0,0.00925,0.0,0.0
2026-09-04T22:45:00+12:00,Muriwai 5kW + Batteries,0.0,110.0,0.0,0.0,98.0,0.0,0.00917,0.0,0.0
2026-09-04T22:50:00+12:00,Muriwai 5kW + Batteries,0.0,110.0,0.0,0.0,98.0,0.0,0.00917,0.0,0.0
2026-09-04T22:55:00+12:00,Muriwai 5kW + Batteries,0.0,112.0,0.0,0.0,98.0,0.0,0.00933,0.0,0.0
2026-09-04T23:00:00+12:00,Muriwai 5kW + Batteries,0.0,112.0,0.0,0.0,98.0,0.0,0.00933,0.0,0.0
2026-09-04T23:05:00+12:00,Muriwai 5kW + Batteries,0.0,111.0,0.0,0.0,98.0,0.0,0.00925,0.0,0.0
2026-09-04T23:10:00+12:00,Muriwai 5kW + Batteries,0.0,113.0,0.0,0.0,98.0,0.0,0.00942,0.0,0.0
2026-09-04T23:15:00+12:00,Muriwai 5kW + Batteries,0.0,114.0,0.0,0.0,97.0,0.0,0.0095,0.0,0.0
2026-09-04T23:20:00+12:00,Muriwai 5kW + Batteries,0.0,113.0,0.0,0.0,97.0,0.0,0.00942,0.0,0.0
2026-09-04T23:25:00+12:00,Muriwai 5kW + Batteries,0.0,112.0,0.0,0.0,97.0,0.0,0.00933,0.0,0.0
2026-09-04T23:30:00+12:00,Muriwai 5kW + Batteries,0.0,114.0,0.0,0.0,97.0,0.0,0.0095,0.0,0.0
2026-09-04T23:35:00+12:00,Muriwai 5kW + Batteries,0.0,113.0,0.0,0.0,97.0,0.0,0.00942,0.0,0.0
2026-09-04T23:40:00+12:00,Muriwai 5kW + Batteries,0.0,110.0,0.0,0.0,97.0,0.0,0.00917,0.0,0.0
2026-09-04T23:45:00+12:00,Muriwai 5kW + Batteries,0.0,112.0,0.0,0.0,97.0,0.0,0.00933,0.0,0.0
2026-09-04T23:50:00+12:00,Muriwai 5kW + Batteries,0.0,112.0,0.0,0.0,97.0,0.0,0.00933,0.0,0.0
2026-09-04T23:55:00+12:00,Muriwai 5kW + Batteries,0.0,110.0,0.0,0.0,97.0,0.0,0.00917,0.0,0.0
2026-09-05T00:00:00+12:00,Muriwai 5kW + Batteries,0.0,108.0,0.0,0.0,97.0,0.0,0.009,0.0,0.0
2026-09-05T00:05:00+12:00,Muriwai 5kW + Batteries,0.0,107.0,0.0,0.0,97.0,0.0,0.00892,0.0,0.0
2026-09-05T00:10:00+12:00,Muriwai 5kW + Batteries,0.0,108.0,0.0,0.0,97.0,0.0,0.009,0.0,0.0
2026-09-05T00:15:00+12:00,Muriwai 5kW + Batteries,0.0,110.0,0.0,0.0,97.0,0.0,0.00917,0.0,0.0
2026-09-05T00:20:00+12:00,Muriwai 5kW + Batteries,0.0,111.0,0.0,0.0,96.0,0.0,0.00925,0.0,0.0
2026-09-05T00:25:00+12:00,Muriwai 5kW + Batteries,0.0,109.0,0.0,0.0,96.0,0.0,0.00908,0.0,0.0
2026-09-05T00:30:00+12:00,Muriwai 5kW + Batteries,0.0,107.0,0.0,0.0,96.0,0.0,0.00892,0.0,0.0
2026-09-05T00:40:00+12:00,Muriwai 5kW + Batteries,0.0,107.0,0.0,0.0,96.0,0.0,0.00892,0.0,0.0
2026-09-05T00:45:00+12:00,Muriwai 5kW + Batteries,0.0,107.0,0.0,0.0,96.0,0.0,0.00892,0.0,0.0
2026-09-05T00:50:00+12:00,Muriwai 5kW + Batteries,0.0,106.0,0.0,0.0,96.0,0.0,0.00883,0.0,0.0
2026-09-05T00:55:00+12:00,Muriwai 5kW + Batteries,0.0,105.0,0.0,0.0,96.0,0.0,0.00875,0.0,0.0
2026-09-05T01:00:00+12:00,Muriwai 5kW + Batteries,0.0,105.0,0.0,0.0,96.0,0.0,0.00875,0.0,0.0
2026-09-05T01:05:00+12:00,Muriwai 5kW + Batteries,0.0,106.0,0.0,0.0,96.0,0.0,0.00883,0.0,0.0
2026-09-05T01:10:00+12:00,Muriwai 5kW + Batteries,0.0,109.0,0.0,0.0,96.0,0.0,0.00908,0.0,0.0
2026-09-05T01:15:00+12:00,Muriwai 5kW + Batteries,0.0,107.0,0.0,0.0,96.0,0.0,0.00892,0.0,0.0
2026-09-05T01:20:00+12:00,Muriwai 5kW + Batteries,0.0,109.0,0.0,0.0,96.0,0.0,0.00908,0.0,0.0
2026-09-05T01:25:00+12:00,Muriwai 5kW + Batteries,0.0,106.0,0.0,0.0,95.0,0.0,0.00883,0.0,0.0
2026-09-05T01:30:00+12:00,Muriwai 5kW + Batteries,0.0,108.0,0.0,0.0,95.0,0.0,0.009,0.0,0.0
2026-09-05T01:35:00+12:00,Muriwai 5kW + Batteries,0.0,110.0,0.0,0.0,95.0,0.0,0.00917,0.0,0.0
2026-09-05T01:40:00+12:00,Muriwai 5kW + Batteries,0.0,109.0,0.0,0.0,95.0,0.0,0.00908,0.0,0.0
2026-09-05T01:45:00+12:00,Muriwai 5kW + Batteries,0.0,107.0,0.0,0.0,95.0,0.0,0.00892,0.0,0.0
2026-09-05T01:50:00+12:00,Muriwai 5kW + Batteries,0.0,107.0,0.0,0.0,95.0,0.0,0.00892,0.0,0.0
2026-09-05T01:55:00+12:00,Muriwai 5kW + Batteries,0.0,108.0,0.0,0.0,95.0,0.0,0.009,0.0,0.0
2026-09-05T02:00:00+12:00,Muriwai 5kW + Batteries,0.0,107.0,0.0,0.0,95.0,0.0,0.00892,0.0,0.0
2026-09-05T02:05:00+12:00,Muriwai 5kW + Batteries,0.0,108.0,0.0,0.0,95.0,0.0,0.009,0.0,0.0
2026-09-05T02:10:00+12:00,Muriwai 5kW + Batteries,0.0,107.0,0.0,0.0,95.0,0.0,0.00892,0.0,0.0
2026-09-05T02:15:00+12:00,Muriwai 5kW + Batteries,0.0,107.0,0.0,0.0,95.0,0.0,0.00892,0.0,0.0
2026-09-05T02:20:00+12:00,Muriwai 5kW + Batteries,0.0,107.0,0.0,0.0,95.0,0.0,0.00892,0.0,0.0
2026-09-05T02:25:00+12:00,Muriwai 5kW + Batteries,0.0,108.0,0.0,0.0,95.0,0.0,0.009,0.0,0.0
2026-09-05T02:30:00+12:00,Muriwai 5kW + Batteries,0.0,108.0,0.0,0.0,95.0,0.0,0.009,0.0,0.0
2026-09-05T02:35:00+12:00,Muriwai 5kW + Batteries,0.0,107.0,0.0,0.0,94.0,0.0,0.00892,0.0,0.0
2026-09-05T02:40:00+12:00,Muriwai 5kW + Batteries,0.0,108.0,0.0,0.0,94.0,0.0,0.009,0.0,0.0
2026-09-05T02:45:00+12:00,Muriwai 5kW + Batteries,0.0,108.0,0.0,0.0,94.0,0.0,0.009,0.0,0.0
2026-09-05T02:50:00+12:00,Muriwai 5kW + Batteries,0.0,109.0,0.0,0.0,94.0,0.0,0.00908,0.0,0.0
2026-09-05T02:55:00+12:00,Muriwai 5kW + Batteries,0.0,109.0,0.0,0.0,94.0,0.0,0.00908,0.0,0.0
2026-09-05T03:00:00+12:00,Muriwai 5kW + Batteries,0.0,112.0,0.0,0.0,94.0,0.0,0.00933,0.0,0.0
2026-09-05T03:05:00+12:00,Muriwai 5kW + Batteries,0.0,114.0,0.0,0.0,94.0,0.0,0.0095,0.0,0.0
2026-09-05T03:10:00+12:00,Muriwai 5kW + Batteries,0.0,113.0,0.0,0.0,94.0,0.0,0.00942,0.0,0.0
2026-09-05T03:15:00+12:00,Muriwai 5kW + Batteries,0.0,118.0,0.0,0.0,94.0,0.0,0.00983,0.0,0.0
2026-09-05T03:20:00+12:00,Muriwai 5kW + Batteries,0.0,123.0,0.0,0.0,94.0,0.0,0.01025,0.0,0.0
2026-09-05T03:25:00+12:00,Muriwai 5kW + Batteries,0.0,123.0,0.0,0.0,94.0,0.0,0.01025,0.0,0.0
2026-09-05T03:30:00+12:00,Muriwai 5kW + Batteries,0.0,130.0,0.0,0.0,94.0,0.0,0.01083,0.0,0.0
2026-09-05T03:35:00+12:00,Muriwai 5kW + Batteries,0.0,134.0,0.0,0.0,94.0,0.0,0.01117,0.0,0.0
2026-09-05T03:40:00+12:00,Muriwai 5kW + Batteries,0.0,138.0,0.0,0.0,93.0,0.0,0.0115,0.0,0.0
2026-09-05T03:45:00+12:00,Muriwai 5kW + Batteries,0.0,137.0,0.0,0.0,93.0,0.0,0.01142,0.0,0.0
2026-09-05T03:50:00+12:00,Muriwai 5kW + Batteries,0.0,137.0,0.0,0.0,93.0,0.0,0.01142,0.0,0.0
2026-09-05T03:55:00+12:00,Muriwai 5kW + Batteries,0.0,137.0,0.0,0.0,93.0,0.0,0.01142,0.0,0.0
2026-09-05T04:00:00+12:00,Muriwai 5kW + Batteries,0.0,137.0,0.0,0.0,93.0,0.0,0.01142,0.0,0.0
2026-09-05T04:05:00+12:00,Muriwai 5kW + Batteries,0.0,141.0,0.0,0.0,93.0,0.0,0.01175,0.0,0.0
2026-09-05T04:10:00+12:00,Muriwai 5kW + Batteries,0.0,139.0,0.0,0.0,93.0,0.0,0.01158,0.0,0.0
2026-09-05T04:15:00+12:00,Muriwai 5kW + Batteries,0.0,136.0,0.0,0.0,93.0,0.0,0.01133,0.0,0.0
2026-09-05T04:20:00+12:00,Muriwai 5kW + Batteries,0.0,132.0,0.0,0.0,93.0,0.0,0.011,0.0,0.0
2026-09-05T04:25:00+12:00,Muriwai 5kW + Batteries,0.0,129.0,0.0,0.0,93.0,0.0,0.01075,0.0,0.0
2026-09-05T04:30:00+12:00,Muriwai 5kW + Batteries,0.0,128.0,0.0,0.0,93.0,0.0,0.01067,0.0,0.0
2026-09-05T04:35:00+12:00,Muriwai 5kW + Batteries,0.0,127.0,0.0,0.0,92.0,0.0,0.01058,0.0,0.0
2026-09-05T04:40:00+12:00,Muriwai 5kW + Batteries,0.0,126.0,0.0,0.0,92.0,0.0,0.0105,0.0,0.0
2026-09-05T04:45:00+12:00,Muriwai 5kW + Batteries,0.0,128.0,0.0,0.0,92.0,0.0,0.01067,0.0,0.0
2026-09-05T04:50:00+12:00,Muriwai 5kW + Batteries,0.0,129.0,0.0,0.0,92.0,0.0,0.01075,0.0,0.0
2026-09-05T04:55:00+12:00,Muriwai 5kW + Batteries,0.0,135.0,0.0,0.0,92.0,0.0,0.01125,0.0,0.0
2026-09-05T05:00:00+12:00,Muriwai 5kW + Batteries,0.0,138.0,0.0,0.0,92.0,0.0,0.0115,0.0,0.0
2026-09-05T05:05:00+12:00,Muriwai 5kW + Batteries,0.0,136.0,0.0,0.0,92.0,0.0,0.01133,0.0,0.0
2026-09-05T05:10:00+12:00,Muriwai 5kW + Batteries,0.0,134.0,0.0,0.0,92.0,0.0,0.01117,0.0,0.0
2026-09-05T05:15:00+12:00,Muriwai 5kW + Batteries,0.0,130.0,0.0,0.0,92.0,0.0,0.01083,0.0,0.0
2026-09-05T05:20:00+12:00,Muriwai 5kW + Batteries,0.0,128.0,0.0,0.0,92.0,0.0,0.01067,0.0,0.0
2026-09-05T05:25:00+12:00,Muriwai 5kW + Batteries,0.0,129.0,0.0,0.0,92.0,0.0,0.01075,0.0,0.0
2026-09-05T05:30:00+12:00,Muriwai 5kW + Batteries,0.0,126.0,0.0,0.0,91.0,0.0,0.0105,0.0,0.0
2026-09-05T05:35:00+12:00,Muriwai 5kW + Batteries,0.0,127.0,0.0,0.0,91.0,0.0,0.01058,0.0,0.0
2026-09-05T05:40:00+12:00,Muriwai 5kW + Batteries,0.0,123.0,0.0,0.0,91.0,0.0,0.01025,0.0,0.0
2026-09-05T05:45:00+12:00,Muriwai 5kW + Batteries,0.0,125.0,0.0,0.0,91.0,0.0,0.01042,0.0,0.0
2026-09-05T05:50:00+12:00,Muriwai 5kW + Batteries,0.0,129.0,0.0,0.0,91.0,0.0,0.01075,0.0,0.0
2026-09-05T05:55:00+12:00,Muriwai 5kW + Batteries,0.0,127.0,0.0,0.0,91.0,0.0,0.01058,0.0,0.0
2026-09-05T06:00:00+12:00,Muriwai 5kW + Batteries,0.0,122.0,0.0,0.0,91.0,0.0,0.01017,0.0,0.0
2026-09-05T06:05:00+12:00,Muriwai 5kW + Batteries,0.0,124.0,0.0,0.0,91.0,0.0,0.01033,0.0,0.0
2026-09-05T06:10:00+12:00,Muriwai 5kW + Batteries,0.0,124.0,0.0,0.0,91.0,0.0,0.01033,0.0,0.0
2026-09-05T06:15:00+12:00,Muriwai 5kW + Batteries,0.0,127.0,0.0,0.0,91.0,0.0,0.01058,0.0,0.0
2026-09-05T06:20:00+12:00,Muriwai 5kW + Batteries,0.0,128.0,0.0,0.0,91.0,0.0,0.01067,0.0,0.0
2026-09-05T06:25:00+12:00,Muriwai 5kW + Batteries,0.0,128.0,0.0,0.0,91.0,0.0,0.01067,0.0,0.0
2026-09-05T06:30:00+12:00,Muriwai 5kW + Batteries,0.0,125.0,0.0,0.0,90.0,0.0,0.01042,0.0,0.0
2026-09-05T06:35:00+12:00,Muriwai 5kW + Batteries,28.0,120.0,0.0,0.0,90.0,0.00233,0.01,0.0,0.0
2026-09-05T06:40:00+12:00,Muriwai 5kW + Batteries,82.0,127.0,0.0,0.0,90.0,0.00683,0.01058,0.0,0.0
2026-09-05T06:45:00+12:00,Muriwai 5kW + Batteries,125.0,135.0,0.0,0.0,90.0,0.01042,0.01125,0.0,0.0
2026-09-05T06:50:00+12:00,Muriwai 5kW + Batteries,169.0,145.0,0.0,0.0,90.0,0.01408,0.01208,0.0,0.0
2026-09-05T06:55:00+12:00,Muriwai 5kW + Batteries,306.0,147.0,0.0,0.0,90.0,0.0255,0.01225,0.0,0.0
2026-09-05T07:00:00+12:00,Muriwai 5kW + Batteries,344.0,151.0,0.0,0.0,91.0,0.02867,0.01258,0.0,0.0
2026-09-05T07:05:00+12:00,Muriwai 5kW + Batteries,473.0,150.0,0.0,0.0,91.0,0.03942,0.0125,0.0,0.0
2026-09-05T07:10:00+12:00,Muriwai 5kW + Batteries,709.0,147.0,0.0,0.0,91.0,0.05908,0.01225,0.0,0.0
2026-09-05T07:15:00+12:00,Muriwai 5kW + Batteries,920.0,142.0,0.0,0.0,91.0,0.07667,0.01183,0.0,0.0
2026-09-05T07:20:00+12:00,Muriwai 5kW + Batteries,1304.0,134.0,0.0,0.0,92.0,0.10867,0.01117,0.0,0.0
2026-09-05T07:25:00+12:00,Muriwai 5kW + Batteries,1522.0,143.0,0.0,0.0,93.0,0.12683,0.01192,0.0,0.0
2026-09-05T07:30:00+12:00,Muriwai 5kW + Batteries,1668.0,160.0,0.0,0.0,93.0,0.139,0.01333,0.0,0.0
2026-09-05T07:35:00+12:00,Muriwai 5kW + Batteries,1743.0,158.0,0.0,0.0,94.0,0.14525,0.01317,0.0,0.0
2026-09-05T07:40:00+12:00,Muriwai 5kW + Batteries,1807.0,158.0,0.0,0.0,95.0,0.15058,0.01317,0.0,0.0
2026-09-05T07:45:00+12:00,Muriwai 5kW + Batteries,1901.0,151.0,0.0,0.0,96.0,0.15842,0.01258,0.0,0.0
2026-09-05T07:50:00+12:00,Muriwai 5kW + Batteries,1922.0,156.0,0.0,0.0,97.0,0.16017,0.013,0.0,0.0
2026-09-05T07:55:00+12:00,Muriwai 5kW + Batteries,2008.0,149.0,0.0,0.0,98.0,0.16733,0.01242,0.0,0.0
2026-09-05T08:00:00+12:00,Muriwai 5kW + Batteries,2074.0,153.0,0.0,0.0,99.0,0.17283,0.01275,0.0,0.0
2026-09-05T08:05:00+12:00,Muriwai 5kW + Batteries,2165.0,147.0,0.0,0.0,100.0,0.18042,0.01225,0.0,0.0
2026-09-05T08:10:00+12:00,Muriwai 5kW + Batteries,2207.0,144.0,0.0,0.0,100.0,0.18392,0.012,0.0,0.0
2026-09-05T08:15:00+12:00,Muriwai 5kW + Batteries,2301.0,132.0,0.0,2317.0,100.0,0.19175,0.011,0.0,0.19308
2026-09-05T08:20:00+12:00,Muriwai 5kW + Batteries,2337.0,135.0,0.0,2217.0,99.0,0.19475,0.01125,0.0,0.18475
2026-09-05T08:25:00+12:00,Muriwai 5kW + Batteries,2348.0,135.0,0.0,2194.0,99.0,0.19567,0.01125,0.0,0.18283
2026-09-05T08:30:00+12:00,Muriwai 5kW + Batteries,2197.0,133.0,0.0,2043.0,100.0,0.18308,0.01108,0.0,0.17025
2026-09-05T08:35:00+12:00,Muriwai 5kW + Batteries,2519.0,130.0,0.0,2362.0,100.0,0.20992,0.01083,0.0,0.19683
2026-09-05T08:40:00+12:00,Muriwai 5kW + Batteries,2630.0,130.0,0.0,2471.0,100.0,0.21917,0.01083,0.0,0.20592
2026-09-05T08:45:00+12:00,Muriwai 5kW + Batteries,2642.0,132.0,0.0,2479.0,100.0,0.22017,0.011,0.0,0.20658
2026-09-05T08:50:00+12:00,Muriwai 5kW + Batteries,2620.0,123.0,0.0,2459.0,100.0,0.21833,0.01025,0.0,0.20492
2026-09-05T08:55:00+12:00,Muriwai 5kW + Batteries,2680.0,119.0,0.0,2524.0,100.0,0.22333,0.00992,0.0,0.21033
2026-09-05T09:00:00+12:00,Muriwai 5kW + Batteries,2768.0,116.0,0.0,2610.0,100.0,0.23067,0.00967,0.0,0.2175
2026-09-05T09:05:00+12:00,Muriwai 5kW + Batteries,2807.0,109.0,0.0,2663.0,100.0,0.23392,0.00908,0.0,0.22192
2026-09-05T09:10:00+12:00,Muriwai 5kW + Batteries,2821.0,106.0,0.0,2678.0,100.0,0.23508,0.00883,0.0,0.22317
2026-09-05T09:15:00+12:00,Muriwai 5kW + Batteries,2715.0,759.0,0.0,1921.0,100.0,0.22625,0.06325,0.0,0.16008
2026-09-05T09:20:00+12:00,Muriwai 5kW + Batteries,2924.0,2423.0,0.0,465.0,100.0,0.24367,0.20192,0.0,0.03875
2026-09-05T09:25:00+12:00,Muriwai 5kW + Batteries,2756.0,2568.0,0.0,133.0,99.0,0.22967,0.214,0.0,0.01108
2026-09-05T09:30:00+12:00,Muriwai 5kW + Batteries,2740.0,1782.0,0.0,864.0,99.0,0.22833,0.1485,0.0,0.072
2026-09-05T09:35:00+12:00,Muriwai 5kW + Batteries,2793.0,2376.0,0.0,381.0,99.0,0.23275,0.198,0.0,0.03175
2026-09-05T09:40:00+12:00,Muriwai 5kW + Batteries,2832.0,2235.0,0.0,570.0,100.0,0.236,0.18625,0.0,0.0475
2026-09-05T09:45:00+12:00,Muriwai 5kW + Batteries,2890.0,2238.0,0.0,608.0,100.0,0.24083,0.1865,0.0,0.05067
2026-09-05T09:50:00+12:00,Muriwai 5kW + Batteries,2920.0,3459.0,0.0,0.0,99.0,0.24333,0.28825,0.0,0.0
2026-09-05T09:55:00+12:00,Muriwai 5kW + Batteries,2950.0,1677.0,0.0,1161.0,99.0,0.24583,0.13975,0.0,0.09675
2026-09-05T10:00:00+12:00,Muriwai 5kW + Batteries,2859.0,1568.0,0.0,1200.0,99.0,0.23825,0.13067,0.0,0.1
2026-09-05T10:05:00+12:00,Muriwai 5kW + Batteries,2967.0,1437.0,0.0,1463.0,99.0,0.24725,0.11975,0.0,0.12192
2026-09-05T10:10:00+12:00,Muriwai 5kW + Batteries,3008.0,1332.0,0.0,1649.0,99.0,0.25067,0.111,0.0,0.13742
2026-09-05T10:15:00+12:00,Muriwai 5kW + Batteries,3019.0,3061.0,0.0,0.0,99.0,0.25158,0.25508,0.0,0.0
2026-09-05T10:20:00+12:00,Muriwai 5kW + Batteries,3009.0,1336.0,0.0,1626.0,99.0,0.25075,0.11133,0.0,0.1355
2026-09-05T10:25:00+12:00,Muriwai 5kW + Batteries,3015.0,1338.0,0.0,1641.0,100.0,0.25125,0.1115,0.0,0.13675
2026-09-05T10:30:00+12:00,Muriwai 5kW + Batteries,3010.0,3074.0,0.0,0.0,99.0,0.25083,0.25617,0.0,0.0
2026-09-05T10:35:00+12:00,Muriwai 5kW + Batteries,3023.0,1346.0,0.0,1642.0,100.0,0.25192,0.11217,0.0,0.13683
2026-09-05T10:40:00+12:00,Muriwai 5kW + Batteries,3020.0,1355.0,0.0,1619.0,100.0,0.25167,0.11292,0.0,0.13492
2026-09-05T10:45:00+12:00,Muriwai 5kW + Batteries,3017.0,1359.0,0.0,1596.0,100.0,0.25142,0.11325,0.0,0.133
2026-09-05T10:50:00+12:00,Muriwai 5kW + Batteries,3013.0,1350.0,0.0,1625.0,100.0,0.25108,0.1125,0.0,0.13542
2026-09-05T10:55:00+12:00,Muriwai 5kW + Batteries,2983.0,1352.0,0.0,1605.0,100.0,0.24858,0.11267,0.0,0.13375
2026-09-05T11:00:00+12:00,Muriwai 5kW + Batteries,2980.0,1371.0,0.0,1579.0,100.0,0.24833,0.11425,0.0,0.13158
2026-09-05T11:05:00+12:00,Muriwai 5kW + Batteries,3007.0,1369.0,0.0,1566.0,100.0,0.25058,0.11408,0.0,0.1305
2026-09-05T11:10:00+12:00,Muriwai 5kW + Batteries,2985.0,1306.0,0.0,1634.0,100.0,0.24875,0.10883,0.0,0.13617
2026-09-05T11:15:00+12:00,Muriwai 5kW + Batteries,2962.0,2824.0,0.0,120.0,100.0,0.24683,0.23533,0.0,0.01
2026-09-05T11:20:00+12:00,Muriwai 5kW + Batteries,2936.0,1087.0,0.0,1804.0,100.0,0.24467,0.09058,0.0,0.15033
2026-09-05T11:25:00+12:00,Muriwai 5kW + Batteries,2926.0,1123.0,0.0,1751.0,100.0,0.24383,0.09358,0.0,0.14592
2026-09-05T11:30:00+12:00,Muriwai 5kW + Batteries,2900.0,591.0,0.0,2264.0,100.0,0.24167,0.04925,0.0,0.18867
2026-09-05T11:35:00+12:00,Muriwai 5kW + Batteries,2874.0,1498.0,0.0,1331.0,100.0,0.2395,0.12483,0.0,0.11092
2026-09-05T11:40:00+12:00,Muriwai 5kW + Batteries,2853.0,1209.0,0.0,1605.0,100.0,0.23775,0.10075,0.0,0.13375
2026-09-05T11:45:00+12:00,Muriwai 5kW + Batteries,2790.0,1600.0,0.0,58.0,99.0,0.2325,0.13333,0.0,0.00483
2026-09-05T11:50:00+12:00,Muriwai 5kW + Batteries,2748.0,393.0,0.0,2290.0,100.0,0.229,0.03275,0.0,0.19083
2026-09-05T11:55:00+12:00,Muriwai 5kW + Batteries,2759.0,393.0,0.0,2319.0,100.0,0.22992,0.03275,0.0,0.19325
2026-09-05T12:00:00+12:00,Muriwai 5kW + Batteries,2723.0,114.0,0.0,2524.0,100.0,0.22692,0.0095,0.0,0.21033
2026-09-05T12:05:00+12:00,Muriwai 5kW + Batteries,2708.0,115.0,0.0,2559.0,100.0,0.22567,0.00958,0.0,0.21325
2026-09-05T12:10:00+12:00,Muriwai 5kW + Batteries,2701.0,114.0,0.0,2531.0,100.0,0.22508,0.0095,0.0,0.21092
2026-09-05T12:15:00+12:00,Muriwai 5kW + Batteries,2613.0,113.0,0.0,2478.0,100.0,0.21775,0.00942,0.0,0.2065
2026-09-05T12:20:00+12:00,Muriwai 5kW + Batteries,2638.0,113.0,0.0,2490.0,100.0,0.21983,0.00942,0.0,0.2075
2026-09-05T12:25:00+12:00,Muriwai 5kW + Batteries,2639.0,115.0,0.0,2478.0,100.0,0.21992,0.00958,0.0,0.2065
2026-09-05T12:30:00+12:00,Muriwai 5kW + Batteries,2600.0,117.0,0.0,2483.0,100.0,0.21667,0.00975,0.0,0.20692
2026-09-05T12:35:00+12:00,Muriwai 5kW + Batteries,2646.0,114.0,0.0,2507.0,100.0,0.2205,0.0095,0.0,0.20892
2026-09-05T12:40:00+12:00,Muriwai 5kW + Batteries,2546.0,112.0,0.0,2403.0,100.0,0.21217,0.00933,0.0,0.20025
2026-09-05T12:45:00+12:00,Muriwai 5kW + Batteries,2565.0,114.0,0.0,2426.0,100.0,0.21375,0.0095,0.0,0.20217
2026-09-05T12:50:00+12:00,Muriwai 5kW + Batteries,2357.0,113.0,0.0,2235.0,100.0,0.19642,0.00942,0.0,0.18625
2026-09-05T12:55:00+12:00,Muriwai 5kW + Batteries,2393.0,112.0,0.0,2281.0,100.0,0.19942,0.00933,0.0,0.19008
2026-09-05T13:00:00+12:00,Muriwai 5kW + Batteries,2049.0,111.0,0.0,1928.0,100.0,0.17075,0.00925,0.0,0.16067
2026-09-05T13:05:00+12:00,Muriwai 5kW + Batteries,2020.0,110.0,0.0,1835.0,100.0,0.16833,0.00917,0.0,0.15292
2026-09-05T13:10:00+12:00,Muriwai 5kW + Batteries,2283.0,113.0,0.0,2129.0,100.0,0.19025,0.00942,0.0,0.17742
2026-09-05T13:15:00+12:00,Muriwai 5kW + Batteries,1940.0,112.0,0.0,1784.0,100.0,0.16167,0.00933,0.0,0.14867
2026-09-05T13:20:00+12:00,Muriwai 5kW + Batteries,1939.0,107.0,0.0,1792.0,100.0,0.16158,0.00892,0.0,0.14933
2026-09-05T13:25:00+12:00,Muriwai 5kW + Batteries,1853.0,108.0,0.0,1706.0,100.0,0.15442,0.009,0.0,0.14217
2026-09-05T13:30:00+12:00,Muriwai 5kW + Batteries,1904.0,109.0,0.0,1756.0,100.0,0.15867,0.00908,0.0,0.14633
2026-09-05T13:35:00+12:00,Muriwai 5kW + Batteries,1951.0,110.0,0.0,1786.0,100.0,0.16258,0.00917,0.0,0.14883
2026-09-05T13:40:00+12:00,Muriwai 5kW + Batteries,1879.0,110.0,0.0,1724.0,100.0,0.15658,0.00917,0.0,0.14367
2026-09-05T13:45:00+12:00,Muriwai 5kW + Batteries,1904.0,110.0,0.0,1755.0,100.0,0.15867,0.00917,0.0,0.14625
2026-09-05T13:50:00+12:00,Muriwai 5kW + Batteries,1817.0,110.0,0.0,1667.0,100.0,0.15142,0.00917,0.0,0.13892
2026-09-05T13:55:00+12:00,Muriwai 5kW + Batteries,1747.0,108.0,0.0,1584.0,100.0,0.14558,0.009,0.0,0.132
2026-09-05T14:00:00+12:00,Muriwai 5kW + Batteries,1597.0,106.0,0.0,1447.0,100.0,0.13308,0.00883,0.0,0.12058
2026-09-05T14:05:00+12:00,Muriwai 5kW + Batteries,1603.0,106.0,0.0,1456.0,100.0,0.13358,0.00883,0.0,0.12133
2026-09-05T14:10:00+12:00,Muriwai 5kW + Batteries,1532.0,106.0,0.0,1395.0,100.0,0.12767,0.00883,0.0,0.11625
2026-09-05T14:15:00+12:00,Muriwai 5kW + Batteries,1439.0,104.0,0.0,1309.0,100.0,0.11992,0.00867,0.0,0.10908
2026-09-05T14:20:00+12:00,Muriwai 5kW + Batteries,1229.0,102.0,0.0,1089.0,100.0,0.10242,0.0085,0.0,0.09075
2026-09-05T14:25:00+12:00,Muriwai 5kW + Batteries,1077.0,100.0,0.0,950.0,100.0,0.08975,0.00833,0.0,0.07917
2026-09-05T14:30:00+12:00,Muriwai 5kW + Batteries,1201.0,100.0,0.0,1079.0,100.0,0.10008,0.00833,0.0,0.08992
2026-09-05T14:35:00+12:00,Muriwai 5kW + Batteries,1026.0,101.0,0.0,876.0,100.0,0.0855,0.00842,0.0,0.073
2026-09-05T14:40:00+12:00,Muriwai 5kW + Batteries,760.0,98.0,0.0,639.0,100.0,0.06333,0.00817,0.0,0.05325
2026-09-05T14:45:00+12:00,Muriwai 5kW + Batteries,859.0,96.0,0.0,719.0,100.0,0.07158,0.008,0.0,0.05992
2026-09-05T14:50:00+12:00,Muriwai 5kW + Batteries,852.0,95.0,0.0,722.0,100.0,0.071,0.00792,0.0,0.06017
2026-09-05T14:55:00+12:00,Muriwai 5kW + Batteries,1194.0,102.0,0.0,1056.0,100.0,0.0995,0.0085,0.0,0.088
2026-09-05T15:00:00+12:00,Muriwai 5kW + Batteries,1003.0,100.0,0.0,866.0,100.0,0.08358,0.00833,0.0,0.07217
2026-09-05T15:05:00+12:00,Muriwai 5kW + Batteries,1002.0,99.0,0.0,877.0,100.0,0.0835,0.00825,0.0,0.07308
2026-09-05T15:10:00+12:00,Muriwai 5kW + Batteries,941.0,99.0,0.0,810.0,100.0,0.07842,0.00825,0.0,0.0675
2026-09-05T15:15:00+12:00,Muriwai 5kW + Batteries,873.0,98.0,0.0,747.0,100.0,0.07275,0.00817,0.0,0.06225
2026-09-05T15:20:00+12:00,Muriwai 5kW + Batteries,807.0,99.0,0.0,682.0,100.0,0.06725,0.00825,0.0,0.05683
2026-09-05T15:25:00+12:00,Muriwai 5kW + Batteries,745.0,99.0,0.0,612.0,100.0,0.06208,0.00825,0.0,0.051
2026-09-05T15:30:00+12:00,Muriwai 5kW + Batteries,674.0,98.0,0.0,542.0,100.0,0.05617,0.00817,0.0,0.04517
2026-09-05T15:35:00+12:00,Muriwai 5kW + Batteries,578.0,101.0,0.0,452.0,100.0,0.04817,0.00842,0.0,0.03767
2026-09-05T15:40:00+12:00,Muriwai 5kW + Batteries,498.0,105.0,0.0,375.0,100.0,0.0415,0.00875,0.0,0.03125
2026-09-05T15:45:00+12:00,Muriwai 5kW + Batteries,506.0,106.0,0.0,372.0,100.0,0.04217,0.00883,0.0,0.031
2026-09-05T15:50:00+12:00,Muriwai 5kW + Batteries,423.0,111.0,0.0,290.0,100.0,0.03525,0.00925,0.0,0.02417
2026-09-05T15:55:00+12:00,Muriwai 5kW + Batteries,422.0,112.0,0.0,275.0,100.0,0.03517,0.00933,0.0,0.02292
2026-09-05T16:00:00+12:00,Muriwai 5kW + Batteries,404.0,109.0,0.0,274.0,100.0,0.03367,0.00908,0.0,0.02283
2026-09-05T16:05:00+12:00,Muriwai 5kW + Batteries,348.0,111.0,0.0,223.0,100.0,0.029,0.00925,0.0,0.01858
2026-09-05T16:10:00+12:00,Muriwai 5kW + Batteries,285.0,116.0,0.0,140.0,100.0,0.02375,0.00967,0.0,0.01167
2026-09-05T16:15:00+12:00,Muriwai 5kW + Batteries,278.0,114.0,0.0,140.0,100.0,0.02317,0.0095,0.0,0.01167
2026-09-05T16:20:00+12:00,Muriwai 5kW + Batteries,283.0,115.0,0.0,146.0,100.0,0.02358,0.00958,0.0,0.01217
2026-09-05T16:25:00+12:00,Muriwai 5kW + Batteries,281.0,113.0,0.0,137.0,100.0,0.02342,0.00942,0.0,0.01142
2026-09-05T16:30:00+12:00,Muriwai 5kW + Batteries,246.0,116.0,0.0,110.0,100.0,0.0205,0.00967,0.0,0.00917
2026-09-05T16:35:00+12:00,Muriwai 5kW + Batteries,244.0,115.0,0.0,107.0,100.0,0.02033,0.00958,0.0,0.00892
2026-09-05T16:40:00+12:00,Muriwai 5kW + Batteries,225.0,117.0,0.0,77.0,100.0,0.01875,0.00975,0.0,0.00642
2026-09-05T16:45:00+12:00,Muriwai 5kW + Batteries,203.0,116.0,0.0,61.0,100.0,0.01692,0.00967,0.0,0.00508
2026-09-05T16:50:00+12:00,Muriwai 5kW + Batteries,168.0,116.0,0.0,0.0,100.0,0.014,0.00967,0.0,0.0
2026-09-05T16:55:00+12:00,Muriwai 5kW + Batteries,151.0,115.0,0.0,0.0,100.0,0.01258,0.00958,0.0,0.0
2026-09-05T17:00:00+12:00,Muriwai 5kW + Batteries,131.0,117.0,0.0,0.0,100.0,0.01092,0.00975,0.0,0.0
2026-09-05T17:05:00+12:00,Muriwai 5kW + Batteries,109.0,121.0,0.0,0.0,99.0,0.00908,0.01008,0.0,0.0
2026-09-05T17:10:00+12:00,Muriwai 5kW + Batteries,82.0,111.0,0.0,0.0,99.0,0.00683,0.00925,0.0,0.0
2026-09-05T17:15:00+12:00,Muriwai 5kW + Batteries,75.0,118.0,0.0,0.0,99.0,0.00625,0.00983,0.0,0.0
2026-09-05T17:20:00+12:00,Muriwai 5kW + Batteries,59.0,115.0,0.0,0.0,99.0,0.00492,0.00958,0.0,0.0
2026-09-05T17:25:00+12:00,Muriwai 5kW + Batteries,33.0,114.0,0.0,0.0,99.0,0.00275,0.0095,0.0,0.0
2026-09-05T17:30:00+12:00,Muriwai 5kW + Batteries,19.0,112.0,0.0,0.0,99.0,0.00158,0.00933,0.0,0.0
2026-09-05T17:35:00+12:00,Muriwai 5kW + Batteries,6.0,116.0,95.0,0.0,99.0,0.0005,0.00967,0.00792,0.0
2026-09-05T17:40:00+12:00,Muriwai 5kW + Batteries,6.0,116.0,138.0,0.0,99.0,0.0005,0.00967,0.0115,0.0
2026-09-05T17:45:00+12:00,Muriwai 5kW + Batteries,0.0,114.0,149.0,0.0,99.0,0.0,0.0095,0.01242,0.0
2026-09-05T17:50:00+12:00,Muriwai 5kW + Batteries,0.0,114.0,155.0,0.0,99.0,0.0,0.0095,0.01292,0.0
2026-09-05T17:55:00+12:00,Muriwai 5kW + Batteries,0.0,116.0,150.0,0.0,99.0,0.0,0.00967,0.0125,0.0
2026-09-05T18:00:00+12:00,Muriwai 5kW + Batteries,0.0,116.0,158.0,0.0,99.0,0.0,0.00967,0.01317,0.0
2026-09-05T18:05:00+12:00,Muriwai 5kW + Batteries,0.0,118.0,158.0,0.0,99.0,0.0,0.00983,0.01317,0.0
2026-09-05T18:10:00+12:00,Muriwai 5kW + Batteries,0.0,117.0,163.0,0.0,99.0,0.0,0.00975,0.01358,0.0
2026-09-05T18:15:00+12:00,Muriwai 5kW + Batteries,0.0,117.0,163.0,0.0,99.0,0.0,0.00975,0.01358,0.0
2026-09-05T18:20:00+12:00,Muriwai 5kW + Batteries,0.0,114.0,160.0,0.0,99.0,0.0,0.0095,0.01333,0.0
2026-09-05T18:25:00+12:00,Muriwai 5kW + Batteries,0.0,117.0,154.0,0.0,99.0,0.0,0.00975,0.01283,0.0
2026-09-05T18:30:00+12:00,Muriwai 5kW + Batteries,0.0,118.0,161.0,0.0,99.0,0.0,0.00983,0.01342,0.0
2026-09-05T18:35:00+12:00,Muriwai 5kW + Batteries,0.0,118.0,167.0,0.0,99.0,0.0,0.00983,0.01392,0.0
2026-09-05T18:40:00+12:00,Muriwai 5kW + Batteries,0.0,118.0,166.0,0.0,99.0,0.0,0.00983,0.01383,0.0
2026-09-05T18:45:00+12:00,Muriwai 5kW + Batteries,0.0,117.0,167.0,0.0,99.0,0.0,0.00975,0.01392,0.0
2026-09-05T18:50:00+12:00,Muriwai 5kW + Batteries,0.0,117.0,163.0,0.0,99.0,0.0,0.00975,0.01358,0.0
2026-09-05T18:55:00+12:00,Muriwai 5kW + Batteries,0.0,120.0,169.0,0.0,99.0,0.0,0.01,0.01408,0.0
2026-09-05T19:00:00+12:00,Muriwai 5kW + Batteries,0.0,121.0,173.0,0.0,99.0,0.0,0.01008,0.01442,0.0
2026-09-05T19:05:00+12:00,Muriwai 5kW + Batteries,0.0,121.0,170.0,0.0,99.0,0.0,0.01008,0.01417,0.0
2026-09-05T19:10:00+12:00,Muriwai 5kW + Batteries,0.0,121.0,165.0,0.0,99.0,0.0,0.01008,0.01375,0.0
2026-09-05T19:15:00+12:00,Muriwai 5kW + Batteries,0.0,121.0,159.0,0.0,100.0,0.0,0.01008,0.01325,0.0
2026-09-05T19:20:00+12:00,Muriwai 5kW + Batteries,0.0,123.0,172.0,0.0,100.0,0.0,0.01025,0.01433,0.0
2026-09-05T19:25:00+12:00,Muriwai 5kW + Batteries,0.0,123.0,168.0,0.0,100.0,0.0,0.01025,0.014,0.0
2026-09-05T19:30:00+12:00,Muriwai 5kW + Batteries,0.0,124.0,163.0,0.0,100.0,0.0,0.01033,0.01358,0.0
2026-09-05T19:35:00+12:00,Muriwai 5kW + Batteries,0.0,124.0,169.0,0.0,100.0,0.0,0.01033,0.01408,0.0
2026-09-05T19:40:00+12:00,Muriwai 5kW + Batteries,0.0,125.0,176.0,0.0,100.0,0.0,0.01042,0.01467,0.0
2026-09-05T19:45:00+12:00,Muriwai 5kW + Batteries,0.0,127.0,177.0,0.0,100.0,0.0,0.01058,0.01475,0.0
2026-09-05T19:50:00+12:00,Muriwai 5kW + Batteries,0.0,130.0,171.0,0.0,100.0,0.0,0.01083,0.01425,0.0
2026-09-05T19:55:00+12:00,Muriwai 5kW + Batteries,0.0,135.0,183.0,0.0,100.0,0.0,0.01125,0.01525,0.0
2026-09-05T20:00:00+12:00,Muriwai 5kW + Batteries,0.0,141.0,192.0,0.0,100.0,0.0,0.01175,0.016,0.0
2026-09-05T20:05:00+12:00,Muriwai 5kW + Batteries,0.0,143.0,184.0,0.0,100.0,0.0,0.01192,0.01533,0.0
2026-09-05T20:10:00+12:00,Muriwai 5kW + Batteries,0.0,143.0,191.0,0.0,100.0,0.0,0.01192,0.01592,0.0
2026-09-05T20:15:00+12:00,Muriwai 5kW + Batteries,0.0,146.0,196.0,0.0,100.0,0.0,0.01217,0.01633,0.0
2026-09-05T20:20:00+12:00,Muriwai 5kW + Batteries,0.0,145.0,194.0,0.0,100.0,0.0,0.01208,0.01617,0.0
2026-09-05T20:25:00+12:00,Muriwai 5kW + Batteries,0.0,146.0,196.0,0.0,100.0,0.0,0.01217,0.01633,0.0
2026-09-05T20:30:00+12:00,Muriwai 5kW + Batteries,0.0,150.0,192.0,0.0,100.0,0.0,0.0125,0.016,0.0
2026-09-05T20:35:00+12:00,Muriwai 5kW + Batteries,0.0,149.0,197.0,0.0,100.0,0.0,0.01242,0.01642,0.0
2026-09-05T20:40:00+12:00,Muriwai 5kW + Batteries,0.0,148.0,195.0,0.0,100.0,0.0,0.01233,0.01625,0.0
2026-09-05T20:45:00+12:00,Muriwai 5kW + Batteries,0.0,147.0,197.0,0.0,100.0,0.0,0.01225,0.01642,0.0
2026-09-05T20:50:00+12:00,Muriwai 5kW + Batteries,0.0,147.0,192.0,0.0,100.0,0.0,0.01225,0.016,0.0
2026-09-05T20:55:00+12:00,Muriwai 5kW + Batteries,0.0,149.0,194.0,0.0,100.0,0.0,0.01242,0.01617,0.0
2026-09-05T21:00:00+12:00,Muriwai 5kW + Batteries,0.0,145.0,192.0,0.0,100.0,0.0,0.01208,0.016,0.0
2026-09-05T21:05:00+12:00,Muriwai 5kW + Batteries,0.0,139.0,0.0,0.0,99.0,0.0,0.01158,0.0,0.0
2026-09-05T21:10:00+12:00,Muriwai 5kW + Batteries,0.0,135.0,0.0,0.0,99.0,0.0,0.01125,0.0,0.0
2026-09-05T21:15:00+12:00,Muriwai 5kW + Batteries,0.0,136.0,0.0,0.0,99.0,0.0,0.01133,0.0,0.0
2026-09-05T21:20:00+12:00,Muriwai 5kW + Batteries,0.0,140.0,0.0,0.0,99.0,0.0,0.01167,0.0,0.0
2026-09-05T21:25:00+12:00,Muriwai 5kW + Batteries,0.0,135.0,0.0,0.0,99.0,0.0,0.01125,0.0,0.0
2026-09-05T21:30:00+12:00,Muriwai 5kW + Batteries,0.0,135.0,0.0,0.0,99.0,0.0,0.01125,0.0,0.0
2026-09-05T21:35:00+12:00,Muriwai 5kW + Batteries,0.0,134.0,0.0,0.0,99.0,0.0,0.01117,0.0,0.0
2026-09-05T21:40:00+12:00,Muriwai 5kW + Batteries,0.0,133.0,0.0,0.0,99.0,0.0,0.01108,0.0,0.0
2026-09-05T21:45:00+12:00,Muriwai 5kW + Batteries,0.0,128.0,0.0,0.0,99.0,0.0,0.01067,0.0,0.0
2026-09-05T21:50:00+12:00,Muriwai 5kW + Batteries,0.0,117.0,0.0,0.0,99.0,0.0,0.00975,0.0,0.0
2026-09-05T21:55:00+12:00,Muriwai 5kW + Batteries,0.0,112.0,0.0,0.0,99.0,0.0,0.00933,0.0,0.0
2026-09-05T22:00:00+12:00,Muriwai 5kW + Batteries,0.0,112.0,0.0,0.0,99.0,0.0,0.00933,0.0,0.0
2026-09-05T22:05:00+12:00,Muriwai 5kW + Batteries,0.0,114.0,0.0,0.0,98.0,0.0,0.0095,0.0,0.0
2026-09-05T22:10:00+12:00,Muriwai 5kW + Batteries,0.0,113.0,0.0,0.0,98.0,0.0,0.00942,0.0,0.0
2026-09-05T22:15:00+12:00,Muriwai 5kW + Batteries,0.0,112.0,0.0,0.0,98.0,0.0,0.00933,0.0,0.0
2026-09-05T22:20:00+12:00,Muriwai 5kW + Batteries,0.0,110.0,0.0,0.0,98.0,0.0,0.00917,0.0,0.0
2026-09-05T22:25:00+12:00,Muriwai 5kW + Batteries,0.0,110.0,0.0,0.0,98.0,0.0,0.00917,0.0,0.0
2026-09-05T22:30:00+12:00,Muriwai 5kW + Batteries,0.0,111.0,0.0,0.0,98.0,0.0,0.00925,0.0,0.0
2026-09-05T22:35:00+12:00,Muriwai 5kW + Batteries,0.0,110.0,0.0,0.0,98.0,0.0,0.00917,0.0,0.0
2026-09-05T22:40:00+12:00,Muriwai 5kW + Batteries,0.0,114.0,0.0,0.0,98.0,0.0,0.0095,0.0,0.0
2026-09-05T22:45:00+12:00,Muriwai 5kW + Batteries,0.0,116.0,0.0,0.0,98.0,0.0,0.00967,0.0,0.0
2026-09-05T22:50:00+12:00,Muriwai 5kW + Batteries,0.0,117.0,0.0,0.0,98.0,0.0,0.00975,0.0,0.0
2026-09-05T22:55:00+12:00,Muriwai 5kW + Batteries,0.0,116.0,0.0,0.0,98.0,0.0,0.00967,0.0,0.0
2026-09-05T23:00:00+12:00,Muriwai 5kW + Batteries,0.0,116.0,0.0,0.0,98.0,0.0,0.00967,0.0,0.0
2026-09-05T23:05:00+12:00,Muriwai 5kW + Batteries,0.0,118.0,0.0,0.0,97.0,0.0,0.00983,0.0,0.0
2026-09-05T23:10:00+12:00,Muriwai 5kW + Batteries,0.0,118.0,0.0,0.0,97.0,0.0,0.00983,0.0,0.0
2026-09-05T23:15:00+12:00,Muriwai 5kW + Batteries,0.0,116.0,0.0,0.0,97.0,0.0,0.00967,0.0,0.0
2026-09-05T23:20:00+12:00,Muriwai 5kW + Batteries,0.0,116.0,0.0,0.0,97.0,0.0,0.00967,0.0,0.0
2026-09-05T23:25:00+12:00,Muriwai 5kW + Batteries,0.0,117.0,0.0,0.0,97.0,0.0,0.00975,0.0,0.0
2026-09-05T23:30:00+12:00,Muriwai 5kW + Batteries,0.0,116.0,0.0,0.0,97.0,0.0,0.00967,0.0,0.0
2026-09-05T23:35:00+12:00,Muriwai 5kW + Batteries,0.0,118.0,0.0,0.0,97.0,0.0,0.00983,0.0,0.0
2026-09-05T23:40:00+12:00,Muriwai 5kW + Batteries,0.0,118.0,0.0,0.0,97.0,0.0,0.00983,0.0,0.0
2026-09-05T23:45:00+12:00,Muriwai 5kW + Batteries,0.0,118.0,0.0,0.0,97.0,0.0,0.00983,0.0,0.0
2026-09-05T23:50:00+12:00,Muriwai 5kW + Batteries,0.0,120.0,0.0,0.0,97.0,0.0,0.01,0.0,0.0
2026-09-05T23:55:00+12:00,Muriwai 5kW + Batteries,0.0,119.0,0.0,0.0,97.0,0.0,0.00992,0.0,0.0
2026-09-06T00:00:00+12:00,Muriwai 5kW + Batteries,0.0,120.0,0.0,0.0,97.0,0.0,0.01,0.0,0.0
2026-09-06T00:05:00+12:00,Muriwai 5kW + Batteries,0.0,118.0,0.0,0.0,97.0,0.0,0.00983,0.0,0.0
2026-09-06T00:10:00+12:00,Muriwai 5kW + Batteries,0.0,116.0,0.0,0.0,96.0,0.0,0.00967,0.0,0.0
2026-09-06T00:15:00+12:00,Muriwai 5kW + Batteries,0.0,115.0,0.0,0.0,96.0,0.0,0.00958,0.0,0.0
2026-09-06T00:20:00+12:00,Muriwai 5kW + Batteries,0.0,117.0,0.0,0.0,96.0,0.0,0.00975,0.0,0.0
2026-09-06T00:25:00+12:00,Muriwai 5kW + Batteries,0.0,115.0,0.0,0.0,96.0,0.0,0.00958,0.0,0.0
2026-09-06T00:30:00+12:00,Muriwai 5kW + Batteries,0.0,116.0,0.0,0.0,96.0,0.0,0.00967,0.0,0.0
2026-09-06T00:35:00+12:00,Muriwai 5kW + Batteries,0.0,114.0,0.0,0.0,96.0,0.0,0.0095,0.0,0.0
2026-09-06T00:40:00+12:00,Muriwai 5kW + Batteries,0.0,116.0,0.0,0.0,96.0,0.0,0.00967,0.0,0.0
2026-09-06T00:45:00+12:00,Muriwai 5kW + Batteries,0.0,116.0,0.0,0.0,96.0,0.0,0.00967,0.0,0.0
2026-09-06T00:50:00+12:00,Muriwai 5kW + Batteries,0.0,110.0,0.0,0.0,96.0,0.0,0.00917,0.0,0.0
2026-09-06T00:55:00+12:00,Muriwai 5kW + Batteries,0.0,109.0,0.0,0.0,96.0,0.0,0.00908,0.0,0.0
2026-09-06T01:00:00+12:00,Muriwai 5kW + Batteries,0.0,114.0,0.0,0.0,96.0,0.0,0.0095,0.0,0.0
2026-09-06T01:05:00+12:00,Muriwai 5kW + Batteries,0.0,112.0,0.0,0.0,96.0,0.0,0.00933,0.0,0.0
2026-09-06T01:10:00+12:00,Muriwai 5kW + Batteries,0.0,114.0,0.0,0.0,96.0,0.0,0.0095,0.0,0.0
2026-09-06T01:15:00+12:00,Muriwai 5kW + Batteries,0.0,115.0,0.0,0.0,95.0,0.0,0.00958,0.0,0.0
2026-09-06T01:20:00+12:00,Muriwai 5kW + Batteries,0.0,116.0,0.0,0.0,95.0,0.0,0.00967,0.0,0.0
2026-09-06T01:25:00+12:00,Muriwai 5kW + Batteries,0.0,114.0,0.0,0.0,95.0,0.0,0.0095,0.0,0.0
2026-09-06T01:30:00+12:00,Muriwai 5kW + Batteries,0.0,117.0,0.0,0.0,95.0,0.0,0.00975,0.0,0.0
2026-09-06T01:35:00+12:00,Muriwai 5kW + Batteries,0.0,114.0,0.0,0.0,95.0,0.0,0.0095,0.0,0.0
2026-09-06T01:40:00+12:00,Muriwai 5kW + Batteries,0.0,114.0,0.0,0.0,95.0,0.0,0.0095,0.0,0.0
2026-09-06T01:45:00+12:00,Muriwai 5kW + Batteries,0.0,115.0,0.0,0.0,95.0,0.0,0.00958,0.0,0.0
2026-09-06T01:50:00+12:00,Muriwai 5kW + Batteries,0.0,111.0,0.0,0.0,95.0,0.0,0.00925,0.0,0.0
2026-09-06T01:55:00+12:00,Muriwai 5kW + Batteries,0.0,113.0,0.0,0.0,95.0,0.0,0.00942,0.0,0.0
2026-09-06T02:00:00+12:00,Muriwai 5kW + Batteries,0.0,114.0,0.0,0.0,95.0,0.0,0.0095,0.0,0.0
2026-09-06T02:05:00+12:00,Muriwai 5kW + Batteries,0.0,128.0,0.0,0.0,95.0,0.0,0.01067,0.0,0.0
2026-09-06T02:10:00+12:00,Muriwai 5kW + Batteries,0.0,120.0,0.0,0.0,95.0,0.0,0.01,0.0,0.0
2026-09-06T02:15:00+12:00,Muriwai 5kW + Batteries,0.0,119.0,0.0,0.0,94.0,0.0,0.00992,0.0,0.0
2026-09-06T02:20:00+12:00,Muriwai 5kW + Batteries,0.0,122.0,0.0,0.0,94.0,0.0,0.01017,0.0,0.0
2026-09-06T02:25:00+12:00,Muriwai 5kW + Batteries,0.0,116.0,0.0,0.0,94.0,0.0,0.00967,0.0,0.0
2026-09-06T02:30:00+12:00,Muriwai 5kW + Batteries,0.0,119.0,0.0,0.0,94.0,0.0,0.00992,0.0,0.0
2026-09-06T02:35:00+12:00,Muriwai 5kW + Batteries,0.0,126.0,0.0,0.0,94.0,0.0,0.0105,0.0,0.0
2026-09-06T02:40:00+12:00,Muriwai 5kW + Batteries,0.0,128.0,0.0,0.0,94.0,0.0,0.01067,0.0,0.0
2026-09-06T02:45:00+12:00,Muriwai 5kW + Batteries,0.0,124.0,0.0,0.0,94.0,0.0,0.01033,0.0,0.0
2026-09-06T02:50:00+12:00,Muriwai 5kW + Batteries,0.0,122.0,0.0,0.0,94.0,0.0,0.01017,0.0,0.0
2026-09-06T02:55:00+12:00,Muriwai 5kW + Batteries,0.0,126.0,0.0,0.0,94.0,0.0,0.0105,0.0,0.0
2026-09-06T03:00:00+12:00,Muriwai 5kW + Batteries,0.0,124.0,0.0,0.0,94.0,0.0,0.01033,0.0,0.0
2026-09-06T03:05:00+12:00,Muriwai 5kW + Batteries,0.0,126.0,0.0,0.0,94.0,0.0,0.0105,0.0,0.0
2026-09-06T03:10:00+12:00,Muriwai 5kW + Batteries,0.0,133.0,0.0,0.0,94.0,0.0,0.01108,0.0,0.0
2026-09-06T03:15:00+12:00,Muriwai 5kW + Batteries,0.0,132.0,0.0,0.0,93.0,0.0,0.011,0.0,0.0
2026-09-06T03:20:00+12:00,Muriwai 5kW + Batteries,0.0,136.0,0.0,0.0,93.0,0.0,0.01133,0.0,0.0
2026-09-06T03:25:00+12:00,Muriwai 5kW + Batteries,0.0,137.0,0.0,0.0,93.0,0.0,0.01142,0.0,0.0
2026-09-06T03:30:00+12:00,Muriwai 5kW + Batteries,0.0,135.0,0.0,0.0,93.0,0.0,0.01125,0.0,0.0
2026-09-06T03:35:00+12:00,Muriwai 5kW + Batteries,0.0,134.0,0.0,0.0,93.0,0.0,0.01117,0.0,0.0
2026-09-06T03:40:00+12:00,Muriwai 5kW + Batteries,0.0,139.0,0.0,0.0,93.0,0.0,0.01158,0.0,0.0
2026-09-06T03:45:00+12:00,Muriwai 5kW + Batteries,0.0,139.0,0.0,0.0,93.0,0.0,0.01158,0.0,0.0
2026-09-06T03:50:00+12:00,Muriwai 5kW + Batteries,0.0,146.0,0.0,0.0,93.0,0.0,0.01217,0.0,0.0
2026-09-06T03:55:00+12:00,Muriwai 5kW + Batteries,0.0,146.0,0.0,0.0,93.0,0.0,0.01217,0.0,0.0
2026-09-06T04:00:00+12:00,Muriwai 5kW + Batteries,0.0,146.0,0.0,0.0,93.0,0.0,0.01217,0.0,0.0
2026-09-06T04:05:00+12:00,Muriwai 5kW + Batteries,0.0,142.0,0.0,0.0,93.0,0.0,0.01183,0.0,0.0
2026-09-06T04:10:00+12:00,Muriwai 5kW + Batteries,0.0,144.0,0.0,0.0,92.0,0.0,0.012,0.0,0.0
2026-09-06T04:15:00+12:00,Muriwai 5kW + Batteries,0.0,145.0,0.0,0.0,92.0,0.0,0.01208,0.0,0.0
2026-09-06T04:20:00+12:00,Muriwai 5kW + Batteries,0.0,144.0,0.0,0.0,92.0,0.0,0.012,0.0,0.0
2026-09-06T04:25:00+12:00,Muriwai 5kW + Batteries,0.0,148.0,0.0,0.0,92.0,0.0,0.01233,0.0,0.0
2026-09-06T04:30:00+12:00,Muriwai 5kW + Batteries,0.0,149.0,0.0,0.0,92.0,0.0,0.01242,0.0,0.0
2026-09-06T04:35:00+12:00,Muriwai 5kW + Batteries,0.0,155.0,0.0,0.0,92.0,0.0,0.01292,0.0,0.0
2026-09-06T04:40:00+12:00,Muriwai 5kW + Batteries,0.0,155.0,0.0,0.0,92.0,0.0,0.01292,0.0,0.0
2026-09-06T04:45:00+12:00,Muriwai 5kW + Batteries,0.0,156.0,0.0,0.0,92.0,0.0,0.013,0.0,0.0
2026-09-06T04:50:00+12:00,Muriwai 5kW + Batteries,0.0,158.0,0.0,0.0,92.0,0.0,0.01317,0.0,0.0
2026-09-06T04:55:00+12:00,Muriwai 5kW + Batteries,0.0,154.0,0.0,0.0,92.0,0.0,0.01283,0.0,0.0
2026-09-06T05:00:00+12:00,Muriwai 5kW + Batteries,0.0,158.0,0.0,0.0,91.0,0.0,0.01317,0.0,0.0
2026-09-06T05:05:00+12:00,Muriwai 5kW + Batteries,0.0,161.0,0.0,0.0,91.0,0.0,0.01342,0.0,0.0
2026-09-06T05:10:00+12:00,Muriwai 5kW + Batteries,0.0,159.0,0.0,0.0,91.0,0.0,0.01325,0.0,0.0
2026-09-06T05:15:00+12:00,Muriwai 5kW + Batteries,0.0,161.0,0.0,0.0,91.0,0.0,0.01342,0.0,0.0
2026-09-06T05:20:00+12:00,Muriwai 5kW + Batteries,0.0,159.0,0.0,0.0,91.0,0.0,0.01325,0.0,0.0
2026-09-06T05:25:00+12:00,Muriwai 5kW + Batteries,0.0,164.0,0.0,0.0,91.0,0.0,0.01367,0.0,0.0
2026-09-06T05:30:00+12:00,Muriwai 5kW + Batteries,0.0,165.0,0.0,0.0,91.0,0.0,0.01375,0.0,0.0
2026-09-06T05:35:00+12:00,Muriwai 5kW + Batteries,0.0,164.0,0.0,0.0,91.0,0.0,0.01367,0.0,0.0
2026-09-06T05:40:00+12:00,Muriwai 5kW + Batteries,0.0,164.0,0.0,0.0,91.0,0.0,0.01367,0.0,0.0
2026-09-06T05:45:00+12:00,Muriwai 5kW + Batteries,0.0,161.0,0.0,0.0,90.0,0.0,0.01342,0.0,0.0
2026-09-06T05:50:00+12:00,Muriwai 5kW + Batteries,0.0,162.0,0.0,0.0,90.0,0.0,0.0135,0.0,0.0
2026-09-06T05:55:00+12:00,Muriwai 5kW + Batteries,0.0,164.0,0.0,0.0,90.0,0.0,0.01367,0.0,0.0
2026-09-06T06:00:00+12:00,Muriwai 5kW + Batteries,0.0,165.0,0.0,0.0,90.0,0.0,0.01375,0.0,0.0
2026-09-06T06:05:00+12:00,Muriwai 5kW + Batteries,0.0,167.0,0.0,0.0,90.0,0.0,0.01392,0.0,0.0
2026-09-06T06:10:00+12:00,Muriwai 5kW + Batteries,0.0,165.0,0.0,0.0,90.0,0.0,0.01375,0.0,0.0
2026-09-06T06:15:00+12:00,Muriwai 5kW + Batteries,0.0,167.0,0.0,0.0,90.0,0.0,0.01392,0.0,0.0
2026-09-06T06:20:00+12:00,Muriwai 5kW + Batteries,0.0,167.0,0.0,0.0,90.0,0.0,0.01392,0.0,0.0
2026-09-06T06:25:00+12:00,Muriwai 5kW + Batteries,1.0,169.0,0.0,0.0,90.0,8e-05,0.01408,0.0,0.0
2026-09-06T06:30:00+12:00,Muriwai 5kW + Batteries,19.0,167.0,0.0,0.0,90.0,0.00158,0.01392,0.0,0.0
2026-09-06T06:35:00+12:00,Muriwai 5kW + Batteries,48.0,168.0,0.0,0.0,90.0,0.004,0.014,0.0,0.0
2026-09-06T06:40:00+12:00,Muriwai 5kW + Batteries,84.0,169.0,0.0,0.0,89.0,0.007,0.01408,0.0,0.0
2026-09-06T06:45:00+12:00,Muriwai 5kW + Batteries,59.0,165.0,0.0,0.0,89.0,0.00492,0.01375,0.0,0.0
2026-09-06T06:50:00+12:00,Muriwai 5kW + Batteries,155.0,162.0,0.0,0.0,89.0,0.01292,0.0135,0.0,0.0
2026-09-06T06:55:00+12:00,Muriwai 5kW + Batteries,133.0,158.0,0.0,0.0,89.0,0.01108,0.01317,0.0,0.0
2026-09-06T07:00:00+12:00,Muriwai 5kW + Batteries,159.0,154.0,0.0,0.0,89.0,0.01325,0.01283,0.0,0.0
2026-09-06T07:05:00+12:00,Muriwai 5kW + Batteries,153.0,157.0,0.0,0.0,89.0,0.01275,0.01308,0.0,0.0
2026-09-06T07:10:00+12:00,Muriwai 5kW + Batteries,171.0,152.0,0.0,0.0,89.0,0.01425,0.01267,0.0,0.0
2026-09-06T07:15:00+12:00,Muriwai 5kW + Batteries,235.0,155.0,0.0,0.0,89.0,0.01958,0.01292,0.0,0.0
2026-09-06T07:20:00+12:00,Muriwai 5kW + Batteries,350.0,156.0,0.0,0.0,90.0,0.02917,0.013,0.0,0.0
2026-09-06T07:25:00+12:00,Muriwai 5kW + Batteries,516.0,153.0,0.0,0.0,90.0,0.043,0.01275,0.0,0.0
2026-09-06T07:30:00+12:00,Muriwai 5kW + Batteries,951.0,154.0,0.0,0.0,90.0,0.07925,0.01283,0.0,0.0
2026-09-06T07:35:00+12:00,Muriwai 5kW + Batteries,526.0,153.0,0.0,0.0,90.0,0.04383,0.01275,0.0,0.0
2026-09-06T07:40:00+12:00,Muriwai 5kW + Batteries,314.0,153.0,0.0,0.0,91.0,0.02617,0.01275,0.0,0.0
2026-09-06T07:45:00+12:00,Muriwai 5kW + Batteries,392.0,156.0,0.0,0.0,91.0,0.03267,0.013,0.0,0.0
2026-09-06T07:50:00+12:00,Muriwai 5kW + Batteries,617.0,150.0,0.0,0.0,91.0,0.05142,0.0125,0.0,0.0
2026-09-06T07:55:00+12:00,Muriwai 5kW + Batteries,1826.0,154.0,0.0,0.0,92.0,0.15217,0.01283,0.0,0.0
2026-09-06T08:00:00+12:00,Muriwai 5kW + Batteries,2030.0,154.0,0.0,0.0,93.0,0.16917,0.01283,0.0,0.0
2026-09-06T08:05:00+12:00,Muriwai 5kW + Batteries,2292.0,151.0,0.0,0.0,94.0,0.191,0.01258,0.0,0.0
2026-09-06T08:10:00+12:00,Muriwai 5kW + Batteries,2065.0,153.0,0.0,0.0,95.0,0.17208,0.01275,0.0,0.0
2026-09-06T08:15:00+12:00,Muriwai 5kW + Batteries,1617.0,148.0,0.0,0.0,96.0,0.13475,0.01233,0.0,0.0
2026-09-06T08:20:00+12:00,Muriwai 5kW + Batteries,2000.0,149.0,0.0,0.0,97.0,0.16667,0.01242,0.0,0.0
2026-09-06T08:25:00+12:00,Muriwai 5kW + Batteries,2354.0,146.0,0.0,0.0,98.0,0.19617,0.01217,0.0,0.0
2026-09-06T08:30:00+12:00,Muriwai 5kW + Batteries,2465.0,144.0,0.0,0.0,99.0,0.20542,0.012,0.0,0.0
2026-09-06T08:35:00+12:00,Muriwai 5kW + Batteries,2244.0,140.0,0.0,0.0,100.0,0.187,0.01167,0.0,0.0
2026-09-06T08:40:00+12:00,Muriwai 5kW + Batteries,2384.0,132.0,0.0,0.0,100.0,0.19867,0.011,0.0,0.0
2026-09-06T08:45:00+12:00,Muriwai 5kW + Batteries,1263.0,107.0,0.0,825.0,100.0,0.10525,0.00892,0.0,0.06875
2026-09-06T08:50:00+12:00,Muriwai 5kW + Batteries,1015.0,106.0,0.0,908.0,99.0,0.08458,0.00883,0.0,0.07567
2026-09-06T08:55:00+12:00,Muriwai 5kW + Batteries,934.0,111.0,0.0,803.0,99.0,0.07783,0.00925,0.0,0.06692
2026-09-06T09:00:00+12:00,Muriwai 5kW + Batteries,1499.0,112.0,0.0,1380.0,99.0,0.12492,0.00933,0.0,0.115
2026-09-06T09:05:00+12:00,Muriwai 5kW + Batteries,2284.0,114.0,0.0,2161.0,99.0,0.19033,0.0095,0.0,0.18008
2026-09-06T09:10:00+12:00,Muriwai 5kW + Batteries,2519.0,112.0,0.0,2394.0,100.0,0.20992,0.00933,0.0,0.1995
2026-09-06T09:15:00+12:00,Muriwai 5kW + Batteries,1715.0,102.0,0.0,1583.0,100.0,0.14292,0.0085,0.0,0.13192
2026-09-06T09:20:00+12:00,Muriwai 5kW + Batteries,2068.0,102.0,0.0,1937.0,100.0,0.17233,0.0085,0.0,0.16142
2026-09-06T09:25:00+12:00,Muriwai 5kW + Batteries,1571.0,96.0,0.0,1445.0,100.0,0.13092,0.008,0.0,0.12042
2026-09-06T09:30:00+12:00,Muriwai 5kW + Batteries,2042.0,97.0,0.0,1922.0,100.0,0.17017,0.00808,0.0,0.16017
2026-09-06T09:35:00+12:00,Muriwai 5kW + Batteries,1768.0,96.0,0.0,1649.0,100.0,0.14733,0.008,0.0,0.13742
2026-09-06T09:40:00+12:00,Muriwai 5kW + Batteries,1115.0,90.0,0.0,1000.0,100.0,0.09292,0.0075,0.0,0.08333
2026-09-06T09:45:00+12:00,Muriwai 5kW + Batteries,1254.0,91.0,0.0,1144.0,100.0,0.1045,0.00758,0.0,0.09533
2026-09-06T09:50:00+12:00,Muriwai 5kW + Batteries,1278.0,93.0,0.0,1161.0,100.0,0.1065,0.00775,0.0,0.09675
2026-09-06T09:55:00+12:00,Muriwai 5kW + Batteries,1753.0,95.0,0.0,1629.0,100.0,0.14608,0.00792,0.0,0.13575
2026-09-06T10:00:00+12:00,Muriwai 5kW + Batteries,2695.0,100.0,0.0,2571.0,100.0,0.22458,0.00833,0.0,0.21425
2026-09-06T10:05:00+12:00,Muriwai 5kW + Batteries,2360.0,101.0,0.0,2228.0,100.0,0.19667,0.00842,0.0,0.18567
2026-09-06T10:10:00+12:00,Muriwai 5kW + Batteries,2307.0,105.0,0.0,2165.0,100.0,0.19225,0.00875,0.0,0.18042
2026-09-06T10:15:00+12:00,Muriwai 5kW + Batteries,2662.0,103.0,0.0,2522.0,100.0,0.22183,0.00858,0.0,0.21017
2026-09-06T10:20:00+12:00,Muriwai 5kW + Batteries,2571.0,102.0,0.0,2431.0,100.0,0.21425,0.0085,0.0,0.20258
2026-09-06T10:25:00+12:00,Muriwai 5kW + Batteries,2904.0,107.0,0.0,2753.0,100.0,0.242,0.00892,0.0,0.22942
2026-09-06T10:30:00+12:00,Muriwai 5kW + Batteries,2629.0,108.0,0.0,2479.0,100.0,0.21908,0.009,0.0,0.20658
2026-09-06T10:35:00+12:00,Muriwai 5kW + Batteries,2672.0,110.0,0.0,2516.0,100.0,0.22267,0.00917,0.0,0.20967
2026-09-06T10:40:00+12:00,Muriwai 5kW + Batteries,2219.0,109.0,0.0,2073.0,100.0,0.18492,0.00908,0.0,0.17275
2026-09-06T10:45:00+12:00,Muriwai 5kW + Batteries,2200.0,111.0,0.0,2052.0,100.0,0.18333,0.00925,0.0,0.171
2026-09-06T10:50:00+12:00,Muriwai 5kW + Batteries,1910.0,110.0,0.0,1763.0,100.0,0.15917,0.00917,0.0,0.14692
2026-09-06T10:55:00+12:00,Muriwai 5kW + Batteries,1539.0,107.0,0.0,1394.0,100.0,0.12825,0.00892,0.0,0.11617
2026-09-06T11:00:00+12:00,Muriwai 5kW + Batteries,2576.0,113.0,0.0,2427.0,100.0,0.21467,0.00942,0.0,0.20225
2026-09-06T11:05:00+12:00,Muriwai 5kW + Batteries,2595.0,116.0,0.0,2441.0,100.0,0.21625,0.00967,0.0,0.20342
2026-09-06T11:10:00+12:00,Muriwai 5kW + Batteries,1897.0,110.0,0.0,1756.0,100.0,0.15808,0.00917,0.0,0.14633
2026-09-06T11:15:00+12:00,Muriwai 5kW + Batteries,2946.0,117.0,0.0,2793.0,100.0,0.2455,0.00975,0.0,0.23275
2026-09-06T11:20:00+12:00,Muriwai 5kW + Batteries,2605.0,112.0,0.0,2456.0,100.0,0.21708,0.00933,0.0,0.20467
2026-09-06T11:25:00+12:00,Muriwai 5kW + Batteries,2802.0,113.0,0.0,2656.0,100.0,0.2335,0.00942,0.0,0.22133
2026-09-06T11:30:00+12:00,Muriwai 5kW + Batteries,2707.0,113.0,0.0,2559.0,100.0,0.22558,0.00942,0.0,0.21325
2026-09-06T11:35:00+12:00,Muriwai 5kW + Batteries,2681.0,117.0,0.0,2539.0,100.0,0.22342,0.00975,0.0,0.21158
2026-09-06T11:40:00+12:00,Muriwai 5kW + Batteries,3021.0,122.0,0.0,2872.0,100.0,0.25175,0.01017,0.0,0.23933
2026-09-06T11:45:00+12:00,Muriwai 5kW + Batteries,2127.0,114.0,0.0,1995.0,100.0,0.17725,0.0095,0.0,0.16625
2026-09-06T11:50:00+12:00,Muriwai 5kW + Batteries,2465.0,115.0,0.0,2322.0,100.0,0.20542,0.00958,0.0,0.1935
2026-09-06T11:55:00+12:00,Muriwai 5kW + Batteries,1999.0,114.0,0.0,1857.0,100.0,0.16658,0.0095,0.0,0.15475
2026-09-06T12:00:00+12:00,Muriwai 5kW + Batteries,1879.0,113.0,0.0,1738.0,100.0,0.15658,0.00942,0.0,0.14483
2026-09-06T12:05:00+12:00,Muriwai 5kW + Batteries,1095.0,104.0,0.0,953.0,100.0,0.09125,0.00867,0.0,0.07942
2026-09-06T12:10:00+12:00,Muriwai 5kW + Batteries,1887.0,112.0,0.0,1740.0,100.0,0.15725,0.00933,0.0,0.145
2026-09-06T12:15:00+12:00,Muriwai 5kW + Batteries,2765.0,116.0,0.0,2605.0,100.0,0.23042,0.00967,0.0,0.21708
2026-09-06T12:25:00+12:00,Muriwai 5kW + Batteries,1277.0,106.0,0.0,1135.0,100.0,0.10642,0.00883,0.0,0.09458
2026-09-06T12:30:00+12:00,Muriwai 5kW + Batteries,2786.0,116.0,0.0,2626.0,100.0,0.23217,0.00967,0.0,0.21883
2026-09-06T12:35:00+12:00,Muriwai 5kW + Batteries,2689.0,117.0,0.0,2533.0,100.0,0.22408,0.00975,0.0,0.21108
2026-09-06T12:40:00+12:00,Muriwai 5kW + Batteries,2662.0,117.0,0.0,2507.0,100.0,0.22183,0.00975,0.0,0.20892
2026-09-06T12:45:00+12:00,Muriwai 5kW + Batteries,1783.0,111.0,0.0,1637.0,100.0,0.14858,0.00925,0.0,0.13642
2026-09-06T12:50:00+12:00,Muriwai 5kW + Batteries,1076.0,103.0,0.0,931.0,100.0,0.08967,0.00858,0.0,0.07758
2026-09-06T12:55:00+12:00,Muriwai 5kW + Batteries,936.0,100.0,0.0,804.0,100.0,0.078,0.00833,0.0,0.067
2026-09-06T13:00:00+12:00,Muriwai 5kW + Batteries,837.0,97.0,0.0,698.0,100.0,0.06975,0.00808,0.0,0.05817
2026-09-06T13:05:00+12:00,Muriwai 5kW + Batteries,817.0,99.0,0.0,682.0,100.0,0.06808,0.00825,0.0,0.05683
2026-09-06T13:10:00+12:00,Muriwai 5kW + Batteries,891.0,98.0,0.0,765.0,100.0,0.07425,0.00817,0.0,0.06375
2026-09-06T13:15:00+12:00,Muriwai 5kW + Batteries,880.0,100.0,0.0,753.0,100.0,0.07333,0.00833,0.0,0.06275
2026-09-06T13:20:00+12:00,Muriwai 5kW + Batteries,899.0,105.0,0.0,764.0,100.0,0.07492,0.00875,0.0,0.06367
2026-09-06T13:25:00+12:00,Muriwai 5kW + Batteries,914.0,98.0,0.0,793.0,100.0,0.07617,0.00817,0.0,0.06608
2026-09-06T13:30:00+12:00,Muriwai 5kW + Batteries,914.0,98.0,0.0,789.0,100.0,0.07617,0.00817,0.0,0.06575
2026-09-06T13:35:00+12:00,Muriwai 5kW + Batteries,863.0,100.0,0.0,735.0,100.0,0.07192,0.00833,0.0,0.06125
2026-09-06T13:40:00+12:00,Muriwai 5kW + Batteries,974.0,99.0,0.0,851.0,100.0,0.08117,0.00825,0.0,0.07092
2026-09-06T13:45:00+12:00,Muriwai 5kW + Batteries,790.0,95.0,0.0,670.0,100.0,0.06583,0.00792,0.0,0.05583
2026-09-06T13:50:00+12:00,Muriwai 5kW + Batteries,720.0,99.0,0.0,592.0,100.0,0.06,0.00825,0.0,0.04933
2026-09-06T13:55:00+12:00,Muriwai 5kW + Batteries,689.0,98.0,0.0,567.0,100.0,0.05742,0.00817,0.0,0.04725
2026-09-06T14:00:00+12:00,Muriwai 5kW + Batteries,824.0,97.0,0.0,707.0,100.0,0.06867,0.00808,0.0,0.05892
2026-09-06T14:05:00+12:00,Muriwai 5kW + Batteries,991.0,98.0,0.0,867.0,100.0,0.08258,0.00817,0.0,0.07225
2026-09-06T14:10:00+12:00,Muriwai 5kW + Batteries,873.0,98.0,0.0,751.0,100.0,0.07275,0.00817,0.0,0.06258
2026-09-06T14:15:00+12:00,Muriwai 5kW + Batteries,863.0,91.0,0.0,749.0,100.0,0.07192,0.00758,0.0,0.06242
2026-09-06T14:20:00+12:00,Muriwai 5kW + Batteries,784.0,98.0,0.0,665.0,100.0,0.06533,0.00817,0.0,0.05542
2026-09-06T14:25:00+12:00,Muriwai 5kW + Batteries,791.0,97.0,0.0,675.0,100.0,0.06592,0.00808,0.0,0.05625
2026-09-06T14:30:00+12:00,Muriwai 5kW + Batteries,769.0,91.0,0.0,647.0,100.0,0.06408,0.00758,0.0,0.05392
2026-09-06T14:35:00+12:00,Muriwai 5kW + Batteries,634.0,98.0,0.0,515.0,100.0,0.05283,0.00817,0.0,0.04292
2026-09-06T14:40:00+12:00,Muriwai 5kW + Batteries,573.0,105.0,0.0,440.0,100.0,0.04775,0.00875,0.0,0.03667
2026-09-06T14:45:00+12:00,Muriwai 5kW + Batteries,552.0,97.0,0.0,434.0,100.0,0.046,0.00808,0.0,0.03617
2026-09-06T14:50:00+12:00,Muriwai 5kW + Batteries,555.0,105.0,0.0,424.0,100.0,0.04625,0.00875,0.0,0.03533
2026-09-06T14:55:00+12:00,Muriwai 5kW + Batteries,547.0,109.0,0.0,416.0,100.0,0.04558,0.00908,0.0,0.03467
2026-09-06T15:00:00+12:00,Muriwai 5kW + Batteries,536.0,101.0,0.0,408.0,100.0,0.04467,0.00842,0.0,0.034
2026-09-06T15:05:00+12:00,Muriwai 5kW + Batteries,428.0,109.0,0.0,300.0,100.0,0.03567,0.00908,0.0,0.025
2026-09-06T15:15:00+12:00,Muriwai 5kW + Batteries,325.0,111.0,0.0,194.0,100.0,0.02708,0.00925,0.0,0.01617
2026-09-06T15:20:00+12:00,Muriwai 5kW + Batteries,321.0,110.0,0.0,191.0,100.0,0.02675,0.00917,0.0,0.01592
2026-09-06T15:25:00+12:00,Muriwai 5kW + Batteries,318.0,110.0,0.0,199.0,100.0,0.0265,0.00917,0.0,0.01658
2026-09-06T15:30:00+12:00,Muriwai 5kW + Batteries,257.0,106.0,0.0,139.0,100.0,0.02142,0.00883,0.0,0.01158
2026-09-06T15:35:00+12:00,Muriwai 5kW + Batteries,226.0,112.0,0.0,96.0,100.0,0.01883,0.00933,0.0,0.008
2026-09-06T15:40:00+12:00,Muriwai 5kW + Batteries,330.0,101.0,0.0,212.0,100.0,0.0275,0.00842,0.0,0.01767
2026-09-06T15:45:00+12:00,Muriwai 5kW + Batteries,445.0,100.0,0.0,323.0,100.0,0.03708,0.00833,0.0,0.02692
2026-09-06T15:50:00+12:00,Muriwai 5kW + Batteries,369.0,99.0,0.0,248.0,100.0,0.03075,0.00825,0.0,0.02067
2026-09-06T15:55:00+12:00,Muriwai 5kW + Batteries,218.0,105.0,0.0,94.0,100.0,0.01817,0.00875,0.0,0.00783
2026-09-06T16:00:00+12:00,Muriwai 5kW + Batteries,187.0,103.0,0.0,58.0,100.0,0.01558,0.00858,0.0,0.00483
2026-09-06T16:05:00+12:00,Muriwai 5kW + Batteries,187.0,109.0,0.0,60.0,100.0,0.01558,0.00908,0.0,0.005
2026-09-06T16:10:00+12:00,Muriwai 5kW + Batteries,149.0,108.0,0.0,0.0,100.0,0.01242,0.009,0.0,0.0
2026-09-06T16:15:00+12:00,Muriwai 5kW + Batteries,168.0,105.0,0.0,0.0,100.0,0.014,0.00875,0.0,0.0
2026-09-06T16:20:00+12:00,Muriwai 5kW + Batteries,199.0,104.0,0.0,75.0,100.0,0.01658,0.00867,0.0,0.00625
2026-09-06T16:25:00+12:00,Muriwai 5kW + Batteries,190.0,103.0,0.0,70.0,100.0,0.01583,0.00858,0.0,0.00583
2026-09-06T16:30:00+12:00,Muriwai 5kW + Batteries,154.0,105.0,0.0,0.0,100.0,0.01283,0.00875,0.0,0.0
2026-09-06T16:35:00+12:00,Muriwai 5kW + Batteries,165.0,104.0,0.0,0.0,100.0,0.01375,0.00867,0.0,0.0
2026-09-06T16:40:00+12:00,Muriwai 5kW + Batteries,139.0,113.0,0.0,0.0,100.0,0.01158,0.00942,0.0,0.0
2026-09-06T16:45:00+12:00,Muriwai 5kW + Batteries,92.0,109.0,0.0,0.0,100.0,0.00767,0.00908,0.0,0.0
2026-09-06T16:50:00+12:00,Muriwai 5kW + Batteries,75.0,109.0,0.0,0.0,100.0,0.00625,0.00908,0.0,0.0
2026-09-06T16:55:00+12:00,Muriwai 5kW + Batteries,102.0,109.0,0.0,0.0,100.0,0.0085,0.00908,0.0,0.0
2026-09-06T17:00:00+12:00,Muriwai 5kW + Batteries,109.0,106.0,0.0,0.0,100.0,0.00908,0.00883,0.0,0.0
2026-09-06T17:05:00+12:00,Muriwai 5kW + Batteries,65.0,107.0,0.0,0.0,99.0,0.00542,0.00892,0.0,0.0
2026-09-06T17:10:00+12:00,Muriwai 5kW + Batteries,21.0,104.0,0.0,0.0,99.0,0.00175,0.00867,0.0,0.0
2026-09-06T17:15:00+12:00,Muriwai 5kW + Batteries,8.0,105.0,0.0,0.0,99.0,0.00067,0.00875,0.0,0.0
2026-09-06T17:20:00+12:00,Muriwai 5kW + Batteries,3.0,108.0,66.0,0.0,99.0,0.00025,0.009,0.0055,0.0
2026-09-06T17:25:00+12:00,Muriwai 5kW + Batteries,4.0,116.0,116.0,0.0,99.0,0.00033,0.00967,0.00967,0.0
2026-09-06T17:30:00+12:00,Muriwai 5kW + Batteries,0.0,108.0,138.0,0.0,99.0,0.0,0.009,0.0115,0.0
2026-09-06T17:35:00+12:00,Muriwai 5kW + Batteries,0.0,111.0,139.0,0.0,99.0,0.0,0.00925,0.01158,0.0
2026-09-06T17:40:00+12:00,Muriwai 5kW + Batteries,0.0,110.0,145.0,0.0,99.0,0.0,0.00917,0.01208,0.0
2026-09-06T17:45:00+12:00,Muriwai 5kW + Batteries,0.0,111.0,152.0,0.0,99.0,0.0,0.00925,0.01267,0.0
2026-09-06T17:50:00+12:00,Muriwai 5kW + Batteries,0.0,113.0,154.0,0.0,99.0,0.0,0.00942,0.01283,0.0
2026-09-06T17:55:00+12:00,Muriwai 5kW + Batteries,0.0,117.0,160.0,0.0,99.0,0.0,0.00975,0.01333,0.0
2026-09-06T18:05:00+12:00,Muriwai 5kW + Batteries,0.0,117.0,159.0,0.0,99.0,0.0,0.00975,0.01325,0.0
2026-09-06T18:10:00+12:00,Muriwai 5kW + Batteries,0.0,117.0,161.0,0.0,99.0,0.0,0.00975,0.01342,0.0
2026-09-06T18:15:00+12:00,Muriwai 5kW + Batteries,0.0,117.0,160.0,0.0,99.0,0.0,0.00975,0.01333,0.0
2026-09-06T18:20:00+12:00,Muriwai 5kW + Batteries,0.0,117.0,161.0,0.0,99.0,0.0,0.00975,0.01342,0.0
2026-09-06T18:25:00+12:00,Muriwai 5kW + Batteries,0.0,117.0,161.0,0.0,99.0,0.0,0.00975,0.01342,0.0
2026-09-06T18:30:00+12:00,Muriwai 5kW + Batteries,0.0,116.0,162.0,0.0,99.0,0.0,0.00967,0.0135,0.0
2026-09-06T18:35:00+12:00,Muriwai 5kW + Batteries,0.0,117.0,162.0,0.0,99.0,0.0,0.00975,0.0135,0.0
2026-09-06T18:40:00+12:00,Muriwai 5kW + Batteries,0.0,118.0,163.0,0.0,99.0,0.0,0.00983,0.01358,0.0
2026-09-06T18:45:00+12:00,Muriwai 5kW + Batteries,0.0,119.0,165.0,0.0,99.0,0.0,0.00992,0.01375,0.0
2026-09-06T18:50:00+12:00,Muriwai 5kW + Batteries,0.0,121.0,166.0,0.0,99.0,0.0,0.01008,0.01383,0.0
2026-09-06T18:55:00+12:00,Muriwai 5kW + Batteries,0.0,119.0,164.0,0.0,99.0,0.0,0.00992,0.01367,0.0
2026-09-06T19:00:00+12:00,Muriwai 5kW + Batteries,0.0,121.0,166.0,0.0,99.0,0.0,0.01008,0.01383,0.0
2026-09-06T19:05:00+12:00,Muriwai 5kW + Batteries,0.0,117.0,163.0,0.0,100.0,0.0,0.00975,0.01358,0.0
2026-09-06T19:10:00+12:00,Muriwai 5kW + Batteries,0.0,118.0,164.0,0.0,100.0,0.0,0.00983,0.01367,0.0
2026-09-06T19:15:00+12:00,Muriwai 5kW + Batteries,0.0,117.0,163.0,0.0,100.0,0.0,0.00975,0.01358,0.0
2026-09-06T19:20:00+12:00,Muriwai 5kW + Batteries,0.0,117.0,163.0,0.0,100.0,0.0,0.00975,0.01358,0.0
2026-09-06T19:25:00+12:00,Muriwai 5kW + Batteries,0.0,118.0,164.0,0.0,100.0,0.0,0.00983,0.01367,0.0
2026-09-06T19:30:00+12:00,Muriwai 5kW + Batteries,0.0,116.0,162.0,0.0,100.0,0.0,0.00967,0.0135,0.0
2026-09-06T19:35:00+12:00,Muriwai 5kW + Batteries,0.0,114.0,160.0,0.0,100.0,0.0,0.0095,0.01333,0.0
2026-09-06T19:40:00+12:00,Muriwai 5kW + Batteries,0.0,112.0,158.0,0.0,100.0,0.0,0.00933,0.01317,0.0
2026-09-06T19:45:00+12:00,Muriwai 5kW + Batteries,0.0,114.0,159.0,0.0,100.0,0.0,0.0095,0.01325,0.0
2026-09-06T19:50:00+12:00,Muriwai 5kW + Batteries,0.0,112.0,157.0,0.0,100.0,0.0,0.00933,0.01308,0.0
2026-09-06T19:55:00+12:00,Muriwai 5kW + Batteries,0.0,115.0,160.0,0.0,100.0,0.0,0.00958,0.01333,0.0
2026-09-06T20:00:00+12:00,Muriwai 5kW + Batteries,0.0,112.0,157.0,0.0,100.0,0.0,0.00933,0.01308,0.0
2026-09-06T20:05:00+12:00,Muriwai 5kW + Batteries,0.0,113.0,158.0,0.0,100.0,0.0,0.00942,0.01317,0.0
2026-09-06T20:10:00+12:00,Muriwai 5kW + Batteries,0.0,114.0,159.0,0.0,100.0,0.0,0.0095,0.01325,0.0
2026-09-06T20:15:00+12:00,Muriwai 5kW + Batteries,0.0,112.0,158.0,0.0,100.0,0.0,0.00933,0.01317,0.0
2026-09-06T20:25:00+12:00,Muriwai 5kW + Batteries,0.0,114.0,159.0,0.0,100.0,0.0,0.0095,0.01325,0.0
2026-09-06T20:30:00+12:00,Muriwai 5kW + Batteries,0.0,114.0,160.0,0.0,100.0,0.0,0.0095,0.01333,0.0
2026-09-06T20:35:00+12:00,Muriwai 5kW + Batteries,0.0,112.0,158.0,0.0,100.0,0.0,0.00933,0.01317,0.0
2026-09-06T20:40:00+12:00,Muriwai 5kW + Batteries,0.0,111.0,157.0,0.0,100.0,0.0,0.00925,0.01308,0.0
2026-09-06T20:45:00+12:00,Muriwai 5kW + Batteries,0.0,109.0,155.0,0.0,100.0,0.0,0.00908,0.01292,0.0
2026-09-06T20:50:00+12:00,Muriwai 5kW + Batteries,0.0,111.0,157.0,0.0,100.0,0.0,0.00925,0.01308,0.0
2026-09-06T20:55:00+12:00,Muriwai 5kW + Batteries,0.0,112.0,157.0,0.0,100.0,0.0,0.00933,0.01308,0.0
2026-09-06T21:00:00+12:00,Muriwai 5kW + Batteries,0.0,111.0,157.0,0.0,100.0,0.0,0.00925,0.01308,0.0
2026-09-06T21:05:00+12:00,Muriwai 5kW + Batteries,0.0,108.0,0.0,0.0,99.0,0.0,0.009,0.0,0.0
2026-09-06T21:10:00+12:00,Muriwai 5kW + Batteries,0.0,108.0,0.0,0.0,99.0,0.0,0.009,0.0,0.0
2026-09-06T21:15:00+12:00,Muriwai 5kW + Batteries,0.0,107.0,0.0,0.0,99.0,0.0,0.00892,0.0,0.0
2026-09-06T21:20:00+12:00,Muriwai 5kW + Batteries,0.0,107.0,0.0,0.0,99.0,0.0,0.00892,0.0,0.0
2026-09-06T21:25:00+12:00,Muriwai 5kW + Batteries,0.0,106.0,0.0,0.0,99.0,0.0,0.00883,0.0,0.0
2026-09-06T21:30:00+12:00,Muriwai 5kW + Batteries,0.0,111.0,0.0,0.0,99.0,0.0,0.00925,0.0,0.0
2026-09-06T21:35:00+12:00,Muriwai 5kW + Batteries,0.0,111.0,0.0,0.0,99.0,0.0,0.00925,0.0,0.0
2026-09-06T21:40:00+12:00,Muriwai 5kW + Batteries,0.0,110.0,0.0,0.0,99.0,0.0,0.00917,0.0,0.0
2026-09-06T21:45:00+12:00,Muriwai 5kW + Batteries,0.0,109.0,0.0,0.0,99.0,0.0,0.00908,0.0,0.0
2026-09-06T21:50:00+12:00,Muriwai 5kW + Batteries,0.0,111.0,0.0,0.0,99.0,0.0,0.00925,0.0,0.0
2026-09-06T21:55:00+12:00,Muriwai 5kW + Batteries,0.0,111.0,0.0,0.0,99.0,0.0,0.00925,0.0,0.0
2026-09-06T22:00:00+12:00,Muriwai 5kW + Batteries,0.0,120.0,0.0,0.0,99.0,0.0,0.01,0.0,0.0
2026-09-06T22:05:00+12:00,Muriwai 5kW + Batteries,0.0,123.0,0.0,0.0,99.0,0.0,0.01025,0.0,0.0
2026-09-06T22:10:00+12:00,Muriwai 5kW + Batteries,0.0,121.0,0.0,0.0,98.0,0.0,0.01008,0.0,0.0
2026-09-06T22:15:00+12:00,Muriwai 5kW + Batteries,0.0,126.0,0.0,0.0,98.0,0.0,0.0105,0.0,0.0
2026-09-06T22:20:00+12:00,Muriwai 5kW + Batteries,0.0,125.0,0.0,0.0,98.0,0.0,0.01042,0.0,0.0
2026-09-06T22:25:00+12:00,Muriwai 5kW + Batteries,0.0,121.0,0.0,0.0,98.0,0.0,0.01008,0.0,0.0
2026-09-06T22:30:00+12:00,Muriwai 5kW + Batteries,0.0,118.0,0.0,0.0,98.0,0.0,0.00983,0.0,0.0
2026-09-06T22:35:00+12:00,Muriwai 5kW + Batteries,0.0,108.0,0.0,0.0,98.0,0.0,0.009,0.0,0.0
2026-09-06T22:40:00+12:00,Muriwai 5kW + Batteries,0.0,108.0,0.0,0.0,98.0,0.0,0.009,0.0,0.0
2026-09-06T22:45:00+12:00,Muriwai 5kW + Batteries,0.0,110.0,0.0,0.0,98.0,0.0,0.00917,0.0,0.0
2026-09-06T22:50:00+12:00,Muriwai 5kW + Batteries,0.0,110.0,0.0,0.0,98.0,0.0,0.00917,0.0,0.0
2026-09-06T22:55:00+12:00,Muriwai 5kW + Batteries,0.0,114.0,0.0,0.0,98.0,0.0,0.0095,0.0,0.0
2026-09-06T23:00:00+12:00,Muriwai 5kW + Batteries,0.0,118.0,0.0,0.0,98.0,0.0,0.00983,0.0,0.0
2026-09-06T23:05:00+12:00,Muriwai 5kW + Batteries,0.0,119.0,0.0,0.0,98.0,0.0,0.00992,0.0,0.0
2026-09-06T23:10:00+12:00,Muriwai 5kW + Batteries,0.0,124.0,0.0,0.0,98.0,0.0,0.01033,0.0,0.0
2026-09-06T23:15:00+12:00,Muriwai 5kW + Batteries,0.0,122.0,0.0,0.0,97.0,0.0,0.01017,0.0,0.0
2026-09-06T23:20:00+12:00,Muriwai 5kW + Batteries,0.0,122.0,0.0,0.0,97.0,0.0,0.01017,0.0,0.0
2026-09-06T23:25:00+12:00,Muriwai 5kW + Batteries,0.0,125.0,0.0,0.0,97.0,0.0,0.01042,0.0,0.0
2026-09-06T23:35:00+12:00,Muriwai 5kW + Batteries,0.0,124.0,0.0,0.0,97.0,0.0,0.01033,0.0,0.0
2026-09-06T23:40:00+12:00,Muriwai 5kW + Batteries,0.0,127.0,0.0,0.0,97.0,0.0,0.01058,0.0,0.0
2026-09-06T23:45:00+12:00,Muriwai 5kW + Batteries,0.0,125.0,0.0,0.0,97.0,0.0,0.01042,0.0,0.0
2026-09-06T23:50:00+12:00,Muriwai 5kW + Batteries,0.0,120.0,0.0,0.0,97.0,0.0,0.01,0.0,0.0
2026-09-06T23:55:00+12:00,Muriwai 5kW + Batteries,0.0,120.0,0.0,0.0,97.0,0.0,0.01,0.0,0.0
2026-09-07T00:00:00+12:00,Muriwai 5kW + Batteries,0.0,116.0,0.0,0.0,97.0,0.0,0.00967,0.0,0.0
2026-09-07T00:05:00+12:00,Muriwai 5kW + Batteries,0.0,122.0,0.0,0.0,97.0,0.0,0.01017,0.0,0.0
2026-09-07T00:10:00+12:00,Muriwai 5kW + Batteries,0.0,123.0,0.0,0.0,97.0,0.0,0.01025,0.0,0.0
2026-09-07T00:15:00+12:00,Muriwai 5kW + Batteries,0.0,129.0,0.0,0.0,97.0,0.0,0.01075,0.0,0.0
2026-09-07T00:20:00+12:00,Muriwai 5kW + Batteries,0.0,125.0,0.0,0.0,96.0,0.0,0.01042,0.0,0.0
2026-09-07T00:25:00+12:00,Muriwai 5kW + Batteries,0.0,127.0,0.0,0.0,96.0,0.0,0.01058,0.0,0.0
2026-09-07T00:30:00+12:00,Muriwai 5kW + Batteries,0.0,122.0,0.0,0.0,96.0,0.0,0.01017,0.0,0.0
2026-09-07T00:35:00+12:00,Muriwai 5kW + Batteries,0.0,122.0,0.0,0.0,96.0,0.0,0.01017,0.0,0.0
2026-09-07T00:40:00+12:00,Muriwai 5kW + Batteries,0.0,117.0,0.0,0.0,96.0,0.0,0.00975,0.0,0.0
2026-09-07T00:45:00+12:00,Muriwai 5kW + Batteries,0.0,116.0,0.0,0.0,96.0,0.0,0.00967,0.0,0.0
2026-09-07T00:50:00+12:00,Muriwai 5kW + Batteries,0.0,121.0,0.0,0.0,96.0,0.0,0.01008,0.0,0.0
2026-09-07T00:55:00+12:00,Muriwai 5kW + Batteries,0.0,119.0,0.0,0.0,96.0,0.0,0.00992,0.0,0.0
2026-09-07T01:00:00+12:00,Muriwai 5kW + Batteries,0.0,121.0,0.0,0.0,96.0,0.0,0.01008,0.0,0.0
2026-09-07T01:05:00+12:00,Muriwai 5kW + Batteries,0.0,121.0,0.0,0.0,96.0,0.0,0.01008,0.0,0.0
2026-09-07T01:10:00+12:00,Muriwai 5kW + Batteries,0.0,125.0,0.0,0.0,96.0,0.0,0.01042,0.0,0.0
2026-09-07T01:15:00+12:00,Muriwai 5kW + Batteries,0.0,132.0,0.0,0.0,95.0,0.0,0.011,0.0,0.0
2026-09-07T01:20:00+12:00,Muriwai 5kW + Batteries,0.0,138.0,0.0,0.0,95.0,0.0,0.0115,0.0,0.0
2026-09-07T01:25:00+12:00,Muriwai 5kW + Batteries,0.0,144.0,0.0,0.0,95.0,0.0,0.012,0.0,0.0
2026-09-07T01:30:00+12:00,Muriwai 5kW + Batteries,0.0,149.0,0.0,0.0,95.0,0.0,0.01242,0.0,0.0
2026-09-07T01:35:00+12:00,Muriwai 5kW + Batteries,0.0,152.0,0.0,0.0,95.0,0.0,0.01267,0.0,0.0
2026-09-07T01:40:00+12:00,Muriwai 5kW + Batteries,0.0,153.0,0.0,0.0,95.0,0.0,0.01275,0.0,0.0
2026-09-07T01:45:00+12:00,Muriwai 5kW + Batteries,0.0,157.0,0.0,0.0,95.0,0.0,0.01308,0.0,0.0
2026-09-07T01:50:00+12:00,Muriwai 5kW + Batteries,0.0,155.0,0.0,0.0,95.0,0.0,0.01292,0.0,0.0
2026-09-07T01:55:00+12:00,Muriwai 5kW + Batteries,0.0,159.0,0.0,0.0,95.0,0.0,0.01325,0.0,0.0
2026-09-07T02:00:00+12:00,Muriwai 5kW + Batteries,0.0,164.0,0.0,0.0,95.0,0.0,0.01367,0.0,0.0
2026-09-07T02:10:00+12:00,Muriwai 5kW + Batteries,0.0,168.0,0.0,0.0,95.0,0.0,0.014,0.0,0.0
2026-09-07T02:15:00+12:00,Muriwai 5kW + Batteries,0.0,166.0,0.0,0.0,94.0,0.0,0.01383,0.0,0.0
2026-09-07T02:20:00+12:00,Muriwai 5kW + Batteries,0.0,166.0,0.0,0.0,94.0,0.0,0.01383,0.0,0.0
2026-09-07T02:25:00+12:00,Muriwai 5kW + Batteries,0.0,169.0,0.0,0.0,94.0,0.0,0.01408,0.0,0.0
2026-09-07T02:30:00+12:00,Muriwai 5kW + Batteries,0.0,170.0,0.0,0.0,94.0,0.0,0.01417,0.0,0.0
2026-09-07T02:35:00+12:00,Muriwai 5kW + Batteries,0.0,168.0,0.0,0.0,94.0,0.0,0.014,0.0,0.0
2026-09-07T02:40:00+12:00,Muriwai 5kW + Batteries,0.0,169.0,0.0,0.0,94.0,0.0,0.01408,0.0,0.0
2026-09-07T02:45:00+12:00,Muriwai 5kW + Batteries,0.0,170.0,0.0,0.0,94.0,0.0,0.01417,0.0,0.0
2026-09-07T02:50:00+12:00,Muriwai 5kW + Batteries,0.0,172.0,0.0,0.0,94.0,0.0,0.01433,0.0,0.0
2026-09-07T02:55:00+12:00,Muriwai 5kW + Batteries,0.0,172.0,0.0,0.0,93.0,0.0,0.01433,0.0,0.0
2026-09-07T03:00:00+12:00,Muriwai 5kW + Batteries,0.0,173.0,0.0,0.0,93.0,0.0,0.01442,0.0,0.0
2026-09-07T03:05:00+12:00,Muriwai 5kW + Batteries,0.0,171.0,0.0,0.0,93.0,0.0,0.01425,0.0,0.0
2026-09-07T03:10:00+12:00,Muriwai 5kW + Batteries,0.0,170.0,0.0,0.0,93.0,0.0,0.01417,0.0,0.0
2026-09-07T03:15:00+12:00,Muriwai 5kW + Batteries,0.0,170.0,0.0,0.0,93.0,0.0,0.01417,0.0,0.0
2026-09-07T03:20:00+12:00,Muriwai 5kW + Batteries,0.0,166.0,0.0,0.0,93.0,0.0,0.01383,0.0,0.0
2026-09-07T03:25:00+12:00,Muriwai 5kW + Batteries,0.0,164.0,0.0,0.0,93.0,0.0,0.01367,0.0,0.0
2026-09-07T03:30:00+12:00,Muriwai 5kW + Batteries,0.0,163.0,0.0,0.0,93.0,0.0,0.01358,0.0,0.0
2026-09-07T03:35:00+12:00,Muriwai 5kW + Batteries,0.0,163.0,0.0,0.0,93.0,0.0,0.01358,0.0,0.0
2026-09-07T03:40:00+12:00,Muriwai 5kW + Batteries,0.0,166.0,0.0,0.0,92.0,0.0,0.01383,0.0,0.0
2026-09-07T03:45:00+12:00,Muriwai 5kW + Batteries,0.0,166.0,0.0,0.0,92.0,0.0,0.01383,0.0,0.0
2026-09-07T03:50:00+12:00,Muriwai 5kW + Batteries,0.0,166.0,0.0,0.0,92.0,0.0,0.01383,0.0,0.0
2026-09-07T03:55:00+12:00,Muriwai 5kW + Batteries,0.0,168.0,0.0,0.0,92.0,0.0,0.014,0.0,0.0
2026-09-07T04:00:00+12:00,Muriwai 5kW + Batteries,0.0,172.0,0.0,0.0,92.0,0.0,0.01433,0.0,0.0
2026-09-07T04:05:00+12:00,Muriwai 5kW + Batteries,0.0,173.0,0.0,0.0,92.0,0.0,0.01442,0.0,0.0
2026-09-07T04:10:00+12:00,Muriwai 5kW + Batteries,0.0,179.0,0.0,0.0,92.0,0.0,0.01492,0.0,0.0
2026-09-07T04:15:00+12:00,Muriwai 5kW + Batteries,0.0,180.0,0.0,0.0,92.0,0.0,0.015,0.0,0.0
2026-09-07T04:20:00+12:00,Muriwai 5kW + Batteries,0.0,179.0,0.0,0.0,92.0,0.0,0.01492,0.0,0.0
2026-09-07T04:25:00+12:00,Muriwai 5kW + Batteries,0.0,179.0,0.0,0.0,91.0,0.0,0.01492,0.0,0.0
2026-09-07T04:30:00+12:00,Muriwai 5kW + Batteries,0.0,180.0,0.0,0.0,91.0,0.0,0.015,0.0,0.0
2026-09-07T04:35:00+12:00,Muriwai 5kW + Batteries,0.0,183.0,0.0,0.0,91.0,0.0,0.01525,0.0,0.0
2026-09-07T04:40:00+12:00,Muriwai 5kW + Batteries,0.0,182.0,0.0,0.0,91.0,0.0,0.01517,0.0,0.0
2026-09-07T04:45:00+12:00,Muriwai 5kW + Batteries,0.0,182.0,0.0,0.0,91.0,0.0,0.01517,0.0,0.0
2026-09-07T04:55:00+12:00,Muriwai 5kW + Batteries,0.0,184.0,0.0,0.0,91.0,0.0,0.01533,0.0,0.0
2026-09-07T05:00:00+12:00,Muriwai 5kW + Batteries,0.0,183.0,0.0,0.0,91.0,0.0,0.01525,0.0,0.0
2026-09-07T05:05:00+12:00,Muriwai 5kW + Batteries,0.0,183.0,0.0,0.0,91.0,0.0,0.01525,0.0,0.0
2026-09-07T05:10:00+12:00,Muriwai 5kW + Batteries,0.0,180.0,0.0,0.0,91.0,0.0,0.015,0.0,0.0
2026-09-07T05:15:00+12:00,Muriwai 5kW + Batteries,0.0,182.0,0.0,0.0,90.0,0.0,0.01517,0.0,0.0
2026-09-07T05:20:00+12:00,Muriwai 5kW + Batteries,0.0,177.0,0.0,0.0,90.0,0.0,0.01475,0.0,0.0
2026-09-07T05:25:00+12:00,Muriwai 5kW + Batteries,0.0,175.0,0.0,0.0,90.0,0.0,0.01458,0.0,0.0
2026-09-07T05:30:00+12:00,Muriwai 5kW + Batteries,0.0,175.0,0.0,0.0,90.0,0.0,0.01458,0.0,0.0
2026-09-07T05:35:00+12:00,Muriwai 5kW + Batteries,0.0,175.0,0.0,0.0,90.0,0.0,0.01458,0.0,0.0
2026-09-07T05:40:00+12:00,Muriwai 5kW + Batteries,0.0,175.0,0.0,0.0,90.0,0.0,0.01458,0.0,0.0
2026-09-07T05:45:00+12:00,Muriwai 5kW + Batteries,0.0,172.0,0.0,0.0,90.0,0.0,0.01433,0.0,0.0
2026-09-07T05:50:00+12:00,Muriwai 5kW + Batteries,0.0,174.0,0.0,0.0,90.0,0.0,0.0145,0.0,0.0
2026-09-07T05:55:00+12:00,Muriwai 5kW + Batteries,0.0,174.0,0.0,0.0,89.0,0.0,0.0145,0.0,0.0
2026-09-07T06:00:00+12:00,Muriwai 5kW + Batteries,0.0,178.0,0.0,0.0,89.0,0.0,0.01483,0.0,0.0
2026-09-07T06:05:00+12:00,Muriwai 5kW + Batteries,0.0,175.0,0.0,0.0,89.0,0.0,0.01458,0.0,0.0
2026-09-07T06:10:00+12:00,Muriwai 5kW + Batteries,0.0,176.0,0.0,0.0,89.0,0.0,0.01467,0.0,0.0
2026-09-07T06:15:00+12:00,Muriwai 5kW + Batteries,0.0,179.0,0.0,0.0,89.0,0.0,0.01492,0.0,0.0
2026-09-07T06:20:00+12:00,Muriwai 5kW + Batteries,0.0,179.0,0.0,0.0,89.0,0.0,0.01492,0.0,0.0
2026-09-07T06:25:00+12:00,Muriwai 5kW + Batteries,0.0,173.0,0.0,0.0,89.0,0.0,0.01442,0.0,0.0
2026-09-07T06:30:00+12:00,Muriwai 5kW + Batteries,0.0,172.0,0.0,0.0,89.0,0.0,0.01433,0.0,0.0
2026-09-07T06:35:00+12:00,Muriwai 5kW + Batteries,0.0,175.0,0.0,0.0,89.0,0.0,0.01458,0.0,0.0
2026-09-07T06:40:00+12:00,Muriwai 5kW + Batteries,0.0,172.0,0.0,0.0,88.0,0.0,0.01433,0.0,0.0
2026-09-07T06:45:00+12:00,Muriwai 5kW + Batteries,11.0,173.0,0.0,0.0,88.0,0.00092,0.01442,0.0,0.0
2026-09-07T06:50:00+12:00,Muriwai 5kW + Batteries,25.0,175.0,0.0,0.0,88.0,0.00208,0.01458,0.0,0.0
2026-09-07T06:55:00+12:00,Muriwai 5kW + Batteries,39.0,173.0,0.0,0.0,88.0,0.00325,0.01442,0.0,0.0
2026-09-07T07:00:00+12:00,Muriwai 5kW + Batteries,58.0,174.0,0.0,0.0,88.0,0.00483,0.0145,0.0,0.0
2026-09-07T07:05:00+12:00,Muriwai 5kW + Batteries,81.0,172.0,0.0,0.0,88.0,0.00675,0.01433,0.0,0.0
2026-09-07T07:10:00+12:00,Muriwai 5kW + Batteries,106.0,173.0,0.0,0.0,88.0,0.00883,0.01442,0.0,0.0
2026-09-07T07:15:00+12:00,Muriwai 5kW + Batteries,136.0,172.0,0.0,0.0,88.0,0.01133,0.01433,0.0,0.0
2026-09-07T07:20:00+12:00,Muriwai 5kW + Batteries,146.0,177.0,0.0,0.0,88.0,0.01217,0.01475,0.0,0.0
2026-09-07T07:25:00+12:00,Muriwai 5kW + Batteries,150.0,173.0,0.0,0.0,88.0,0.0125,0.01442,0.0,0.0
2026-09-07T07:30:00+12:00,Muriwai 5kW + Batteries,186.0,173.0,0.0,0.0,88.0,0.0155,0.01442,0.0,0.0
2026-09-07T07:40:00+12:00,Muriwai 5kW + Batteries,225.0,172.0,0.0,0.0,88.0,0.01875,0.01433,0.0,0.0
2026-09-07T07:45:00+12:00,Muriwai 5kW + Batteries,252.0,173.0,0.0,0.0,88.0,0.021,0.01442,0.0,0.0
2026-09-07T07:50:00+12:00,Muriwai 5kW + Batteries,273.0,174.0,0.0,0.0,88.0,0.02275,0.0145,0.0,0.0
2026-09-07T07:55:00+12:00,Muriwai 5kW + Batteries,285.0,174.0,0.0,0.0,88.0,0.02375,0.0145,0.0,0.0
2026-09-07T08:00:00+12:00,Muriwai 5kW + Batteries,301.0,175.0,0.0,0.0,88.0,0.02508,0.01458,0.0,0.0
2026-09-07T08:05:00+12:00,Muriwai 5kW + Batteries,274.0,170.0,0.0,0.0,88.0,0.02283,0.01417,0.0,0.0
2026-09-07T08:10:00+12:00,Muriwai 5kW + Batteries,293.0,169.0,0.0,0.0,88.0,0.02442,0.01408,0.0,0.0
2026-09-07T08:15:00+12:00,Muriwai 5kW + Batteries,153.0,171.0,0.0,0.0,89.0,0.01275,0.01425,0.0,0.0
2026-09-07T08:20:00+12:00,Muriwai 5kW + Batteries,138.0,170.0,0.0,0.0,89.0,0.0115,0.01417,0.0,0.0
2026-09-07T08:25:00+12:00,Muriwai 5kW + Batteries,347.0,168.0,0.0,0.0,89.0,0.02892,0.014,0.0,0.0
2026-09-07T08:30:00+12:00,Muriwai 5kW + Batteries,292.0,172.0,0.0,0.0,89.0,0.02433,0.01433,0.0,0.0
2026-09-07T08:35:00+12:00,Muriwai 5kW + Batteries,239.0,172.0,0.0,0.0,89.0,0.01992,0.01433,0.0,0.0
2026-09-07T08:40:00+12:00,Muriwai 5kW + Batteries,260.0,169.0,0.0,0.0,89.0,0.02167,0.01408,0.0,0.0
2026-09-07T08:45:00+12:00,Muriwai 5kW + Batteries,329.0,167.0,0.0,0.0,89.0,0.02742,0.01392,0.0,0.0
2026-09-07T08:50:00+12:00,Muriwai 5kW + Batteries,326.0,167.0,0.0,0.0,89.0,0.02717,0.01392,0.0,0.0
2026-09-07T08:55:00+12:00,Muriwai 5kW + Batteries,266.0,171.0,0.0,0.0,89.0,0.02217,0.01425,0.0,0.0
2026-09-07T09:00:00+12:00,Muriwai 5kW + Batteries,138.0,170.0,0.0,0.0,89.0,0.0115,0.01417,0.0,0.0
2026-09-07T09:05:00+12:00,Muriwai 5kW + Batteries,240.0,175.0,226.0,0.0,89.0,0.02,0.01458,0.01883,0.0
2026-09-07T09:10:00+12:00,Muriwai 5kW + Batteries,148.0,177.0,227.0,0.0,89.0,0.01233,0.01475,0.01892,0.0
2026-09-07T09:15:00+12:00,Muriwai 5kW + Batteries,106.0,181.0,233.0,0.0,89.0,0.00883,0.01508,0.01942,0.0
2026-09-07T09:20:00+12:00,Muriwai 5kW + Batteries,147.0,183.0,235.0,0.0,89.0,0.01225,0.01525,0.01958,0.0
2026-09-07T09:25:00+12:00,Muriwai 5kW + Batteries,199.0,186.0,236.0,0.0,90.0,0.01658,0.0155,0.01967,0.0
2026-09-07T09:30:00+12:00,Muriwai 5kW + Batteries,257.0,186.0,238.0,0.0,90.0,0.02142,0.0155,0.01983,0.0
2026-09-07T09:35:00+12:00,Muriwai 5kW + Batteries,179.0,187.0,237.0,0.0,90.0,0.01492,0.01558,0.01975,0.0
2026-09-07T09:40:00+12:00,Muriwai 5kW + Batteries,400.0,183.0,183.0,0.0,90.0,0.03333,0.01525,0.01525,0.0
2026-09-07T09:45:00+12:00,Muriwai 5kW + Batteries,408.0,183.0,0.0,0.0,90.0,0.034,0.01525,0.0,0.0
2026-09-07T09:50:00+12:00,Muriwai 5kW + Batteries,222.0,181.0,232.0,0.0,90.0,0.0185,0.01508,0.01933,0.0
2026-09-07T09:55:00+12:00,Muriwai 5kW + Batteries,232.0,185.0,227.0,0.0,91.0,0.01933,0.01542,0.01892,0.0
2026-09-07T10:00:00+12:00,Muriwai 5kW + Batteries,313.0,182.0,159.0,0.0,91.0,0.02608,0.01517,0.01325,0.0
2026-09-07T10:05:00+12:00,Muriwai 5kW + Batteries,305.0,181.0,149.0,0.0,91.0,0.02542,0.01508,0.01242,0.0
2026-09-07T10:10:00+12:00,Muriwai 5kW + Batteries,232.0,182.0,226.0,0.0,91.0,0.01933,0.01517,0.01883,0.0
2026-09-07T10:15:00+12:00,Muriwai 5kW + Batteries,312.0,186.0,142.0,0.0,91.0,0.026,0.0155,0.01183,0.0
2026-09-07T10:20:00+12:00,Muriwai 5kW + Batteries,363.0,183.0,138.0,0.0,91.0,0.03025,0.01525,0.0115,0.0
2026-09-07T10:25:00+12:00,Muriwai 5kW + Batteries,388.0,183.0,79.0,0.0,92.0,0.03233,0.01525,0.00658,0.0
2026-09-07T10:35:00+12:00,Muriwai 5kW + Batteries,689.0,183.0,0.0,0.0,92.0,0.05742,0.01525,0.0,0.0
2026-09-07T10:40:00+12:00,Muriwai 5kW + Batteries,763.0,187.0,0.0,0.0,92.0,0.06358,0.01558,0.0,0.0
2026-09-07T10:45:00+12:00,Muriwai 5kW + Batteries,341.0,184.0,0.0,0.0,92.0,0.02842,0.01533,0.0,0.0
2026-09-07T10:50:00+12:00,Muriwai 5kW + Batteries,234.0,185.0,196.0,0.0,92.0,0.0195,0.01542,0.01633,0.0
2026-09-07T10:55:00+12:00,Muriwai 5kW + Batteries,1028.0,180.0,0.0,0.0,93.0,0.08567,0.015,0.0,0.0
2026-09-07T11:00:00+12:00,Muriwai 5kW + Batteries,803.0,181.0,0.0,0.0,93.0,0.06692,0.01508,0.0,0.0
2026-09-07T11:05:00+12:00,Muriwai 5kW + Batteries,761.0,178.0,0.0,0.0,93.0,0.06342,0.01483,0.0,0.0
2026-09-07T11:10:00+12:00,Muriwai 5kW + Batteries,625.0,176.0,0.0,0.0,94.0,0.05208,0.01467,0.0,0.0
2026-09-07T11:15:00+12:00,Muriwai 5kW + Batteries,845.0,173.0,0.0,0.0,94.0,0.07042,0.01442,0.0,0.0
2026-09-07T11:20:00+12:00,Muriwai 5kW + Batteries,401.0,174.0,0.0,0.0,94.0,0.03342,0.0145,0.0,0.0
2026-09-07T11:25:00+12:00,Muriwai 5kW + Batteries,342.0,173.0,0.0,0.0,94.0,0.0285,0.01442,0.0,0.0
2026-09-07T11:30:00+12:00,Muriwai 5kW + Batteries,424.0,174.0,0.0,0.0,95.0,0.03533,0.0145,0.0,0.0
2026-09-07T11:35:00+12:00,Muriwai 5kW + Batteries,781.0,182.0,0.0,0.0,95.0,0.06508,0.01517,0.0,0.0
2026-09-07T11:40:00+12:00,Muriwai 5kW + Batteries,813.0,180.0,0.0,0.0,95.0,0.06775,0.015,0.0,0.0
2026-09-07T11:45:00+12:00,Muriwai 5kW + Batteries,641.0,178.0,0.0,0.0,95.0,0.05342,0.01483,0.0,0.0
2026-09-07T11:50:00+12:00,Muriwai 5kW + Batteries,336.0,179.0,0.0,0.0,96.0,0.028,0.01492,0.0,0.0
2026-09-07T11:55:00+12:00,Muriwai 5kW + Batteries,340.0,176.0,0.0,0.0,96.0,0.02833,0.01467,0.0,0.0
2026-09-07T12:00:00+12:00,Muriwai 5kW + Batteries,620.0,175.0,0.0,0.0,96.0,0.05167,0.01458,0.0,0.0
2026-09-07T12:05:00+12:00,Muriwai 5kW + Batteries,427.0,177.0,0.0,0.0,96.0,0.03558,0.01475,0.0,0.0
2026-09-07T12:10:00+12:00,Muriwai 5kW + Batteries,298.0,172.0,120.0,0.0,96.0,0.02483,0.01433,0.01,0.0
2026-09-07T12:15:00+12:00,Muriwai 5kW + Batteries,518.0,170.0,0.0,0.0,96.0,0.04317,0.01417,0.0,0.0
2026-09-07T12:20:00+12:00,Muriwai 5kW + Batteries,359.0,171.0,0.0,0.0,97.0,0.02992,0.01425,0.0,0.0
2026-09-07T12:25:00+12:00,Muriwai 5kW + Batteries,248.0,177.0,161.0,0.0,97.0,0.02067,0.01475,0.01342,0.0
2026-09-07T12:30:00+12:00,Muriwai 5kW + Batteries,186.0,178.0,178.0,0.0,97.0,0.0155,0.01483,0.01483,0.0
2026-09-07T12:35:00+12:00,Muriwai 5kW + Batteries,217.0,186.0,141.0,0.0,97.0,0.01808,0.0155,0.01175,0.0
2026-09-07T12:40:00+12:00,Muriwai 5kW + Batteries,268.0,187.0,162.0,0.0,97.0,0.02233,0.01558,0.0135,0.0
2026-09-07T12:45:00+12:00,Muriwai 5kW + Batteries,227.0,184.0,174.0,0.0,97.0,0.01892,0.01533,0.0145,0.0
2026-09-07T12:50:00+12:00,Muriwai 5kW + Batteries,337.0,185.0,68.0,0.0,97.0,0.02808,0.01542,0.00567,0.0
2026-09-07T12:55:00+12:00,Muriwai 5kW + Batteries,376.0,188.0,73.0,0.0,97.0,0.03133,0.01567,0.00608,0.0
2026-09-07T13:00:00+12:00,Muriwai 5kW + Batteries,443.0,191.0,240.0,0.0,98.0,0.03692,0.01592,0.02,0.0
2026-09-07T13:05:00+12:00,Muriwai 5kW + Batteries,418.0,186.0,235.0,0.0,98.0,0.03483,0.0155,0.01958,0.0
2026-09-07T13:15:00+12:00,Muriwai 5kW + Batteries,525.0,190.0,241.0,0.0,98.0,0.04375,0.01583,0.02008,0.0
2026-09-07T13:20:00+12:00,Muriwai 5kW + Batteries,594.0,183.0,232.0,0.0,98.0,0.0495,0.01525,0.01933,0.0
2026-09-07T13:25:00+12:00,Muriwai 5kW + Batteries,403.0,183.0,234.0,0.0,99.0,0.03358,0.01525,0.0195,0.0
2026-09-07T13:30:00+12:00,Muriwai 5kW + Batteries,452.0,180.0,229.0,0.0,99.0,0.03767,0.015,0.01908,0.0
2026-09-07T13:35:00+12:00,Muriwai 5kW + Batteries,396.0,175.0,227.0,0.0,99.0,0.033,0.01458,0.01892,0.0
2026-09-07T13:40:00+12:00,Muriwai 5kW + Batteries,330.0,180.0,231.0,0.0,100.0,0.0275,0.015,0.01925,0.0
2026-09-07T13:45:00+12:00,Muriwai 5kW + Batteries,312.0,179.0,229.0,0.0,100.0,0.026,0.01492,0.01908,0.0
2026-09-07T13:50:00+12:00,Muriwai 5kW + Batteries,308.0,187.0,238.0,0.0,100.0,0.02567,0.01558,0.01983,0.0
2026-09-07T13:55:00+12:00,Muriwai 5kW + Batteries,390.0,188.0,239.0,0.0,100.0,0.0325,0.01567,0.01992,0.0
2026-09-07T14:00:00+12:00,Muriwai 5kW + Batteries,406.0,187.0,238.0,0.0,100.0,0.03383,0.01558,0.01983,0.0
2026-09-07T14:05:00+12:00,Muriwai 5kW + Batteries,413.0,186.0,236.0,0.0,100.0,0.03442,0.0155,0.01967,0.0
2026-09-07T14:10:00+12:00,Muriwai 5kW + Batteries,417.0,189.0,241.0,0.0,100.0,0.03475,0.01575,0.02008,0.0
2026-09-07T14:15:00+12:00,Muriwai 5kW + Batteries,438.0,178.0,230.0,0.0,100.0,0.0365,0.01483,0.01917,0.0
2026-09-07T14:20:00+12:00,Muriwai 5kW + Batteries,559.0,179.0,230.0,0.0,100.0,0.04658,0.01492,0.01917,0.0
2026-09-07T14:25:00+12:00,Muriwai 5kW + Batteries,474.0,178.0,228.0,0.0,100.0,0.0395,0.01483,0.019,0.0
2026-09-07T14:30:00+12:00,Muriwai 5kW + Batteries,527.0,173.0,223.0,0.0,100.0,0.04392,0.01442,0.01858,0.0
2026-09-07T14:35:00+12:00,Muriwai 5kW + Batteries,721.0,177.0,227.0,0.0,100.0,0.06008,0.01475,0.01892,0.0
2026-09-07T14:40:00+12:00,Muriwai 5kW + Batteries,704.0,168.0,0.0,100.0,100.0,0.05867,0.014,0.0,0.00833
2026-09-07T14:45:00+12:00,Muriwai 5kW + Batteries,753.0,140.0,0.0,591.0,100.0,0.06275,0.01167,0.0,0.04925
2026-09-07T14:50:00+12:00,Muriwai 5kW + Batteries,813.0,140.0,0.0,654.0,100.0,0.06775,0.01167,0.0,0.0545
2026-09-07T14:55:00+12:00,Muriwai 5kW + Batteries,959.0,143.0,0.0,795.0,100.0,0.07992,0.01192,0.0,0.06625
2026-09-07T15:00:00+12:00,Muriwai 5kW + Batteries,868.0,147.0,0.0,706.0,100.0,0.07233,0.01225,0.0,0.05883
2026-09-07T15:05:00+12:00,Muriwai 5kW + Batteries,712.0,150.0,0.0,539.0,100.0,0.05933,0.0125,0.0,0.04492
2026-09-07T15:10:00+12:00,Muriwai 5kW + Batteries,637.0,145.0,0.0,469.0,100.0,0.05308,0.01208,0.0,0.03908
2026-09-07T15:15:00+12:00,Muriwai 5kW + Batteries,759.0,146.0,0.0,589.0,100.0,0.06325,0.01217,0.0,0.04908
2026-09-07T15:20:00+12:00,Muriwai 5kW + Batteries,754.0,142.0,0.0,590.0,100.0,0.06283,0.01183,0.0,0.04917
2026-09-07T15:25:00+12:00,Muriwai 5kW + Batteries,741.0,144.0,0.0,570.0,100.0,0.06175,0.012,0.0,0.0475
2026-09-07T15:30:00+12:00,Muriwai 5kW + Batteries,583.0,143.0,0.0,421.0,100.0,0.04858,0.01192,0.0,0.03508
2026-09-07T15:35:00+12:00,Muriwai 5kW + Batteries,604.0,142.0,0.0,447.0,100.0,0.05033,0.01183,0.0,0.03725
2026-09-07T15:45:00+12:00,Muriwai 5kW + Batteries,494.0,148.0,0.0,333.0,100.0,0.04117,0.01233,0.0,0.02775
2026-09-07T15:50:00+12:00,Muriwai 5kW + Batteries,525.0,145.0,0.0,370.0,100.0,0.04375,0.01208,0.0,0.03083
2026-09-07T15:55:00+12:00,Muriwai 5kW + Batteries,583.0,141.0,0.0,422.0,100.0,0.04858,0.01175,0.0,0.03517
2026-09-07T16:00:00+12:00,Muriwai 5kW + Batteries,543.0,141.0,0.0,380.0,100.0,0.04525,0.01175,0.0,0.03167
2026-09-07T16:05:00+12:00,Muriwai 5kW + Batteries,452.0,145.0,0.0,291.0,100.0,0.03767,0.01208,0.0,0.02425
2026-09-07T16:10:00+12:00,Muriwai 5kW + Batteries,373.0,150.0,0.0,205.0,100.0,0.03108,0.0125,0.0,0.01708
2026-09-07T16:15:00+12:00,Muriwai 5kW + Batteries,322.0,146.0,0.0,162.0,100.0,0.02683,0.01217,0.0,0.0135
2026-09-07T16:20:00+12:00,Muriwai 5kW + Batteries,311.0,144.0,0.0,151.0,100.0,0.02592,0.012,0.0,0.01258
2026-09-07T16:25:00+12:00,Muriwai 5kW + Batteries,281.0,154.0,0.0,118.0,100.0,0.02342,0.01283,0.0,0.00983
2026-09-07T16:30:00+12:00,Muriwai 5kW + Batteries,201.0,153.0,0.0,0.0,100.0,0.01675,0.01275,0.0,0.0
2026-09-07T16:35:00+12:00,Muriwai 5kW + Batteries,221.0,156.0,0.0,0.0,100.0,0.01842,0.013,0.0,0.0
2026-09-07T16:40:00+12:00,Muriwai 5kW + Batteries,208.0,161.0,0.0,0.0,100.0,0.01733,0.01342,0.0,0.0
2026-09-07T16:45:00+12:00,Muriwai 5kW + Batteries,173.0,157.0,0.0,0.0,100.0,0.01442,0.01308,0.0,0.0
2026-09-07T16:50:00+12:00,Muriwai 5kW + Batteries,150.0,156.0,0.0,0.0,100.0,0.0125,0.013,0.0,0.0
2026-09-07T16:55:00+12:00,Muriwai 5kW + Batteries,121.0,163.0,57.0,0.0,100.0,0.01008,0.01358,0.00475,0.0
2026-09-07T17:00:00+12:00,Muriwai 5kW + Batteries,140.0,160.0,0.0,0.0,100.0,0.01167,0.01333,0.0,0.0
2026-09-07T17:05:00+12:00,Muriwai 5kW + Batteries,119.0,157.0,0.0,0.0,99.0,0.00992,0.01308,0.0,0.0
2026-09-07T17:10:00+12:00,Muriwai 5kW + Batteries,95.0,159.0,0.0,0.0,99.0,0.00792,0.01325,0.0,0.0
2026-09-07T17:15:00+12:00,Muriwai 5kW + Batteries,70.0,159.0,0.0,0.0,99.0,0.00583,0.01325,0.0,0.0
2026-09-07T17:20:00+12:00,Muriwai 5kW + Batteries,56.0,159.0,0.0,0.0,99.0,0.00467,0.01325,0.0,0.0
2026-09-07T17:25:00+12:00,Muriwai 5kW + Batteries,34.0,161.0,0.0,0.0,99.0,0.00283,0.01342,0.0,0.0
2026-09-07T17:30:00+12:00,Muriwai 5kW + Batteries,16.0,163.0,0.0,0.0,99.0,0.00133,0.01358,0.0,0.0
2026-09-07T17:35:00+12:00,Muriwai 5kW + Batteries,1.0,162.0,139.0,0.0,99.0,8e-05,0.0135,0.01158,0.0
2026-09-07T17:40:00+12:00,Muriwai 5kW + Batteries,0.0,166.0,189.0,0.0,99.0,0.0,0.01383,0.01575,0.0
2026-09-07T17:45:00+12:00,Muriwai 5kW + Batteries,0.0,162.0,183.0,0.0,99.0,0.0,0.0135,0.01525,0.0
2026-09-07T17:50:00+12:00,Muriwai 5kW + Batteries,0.0,166.0,200.0,0.0,99.0,0.0,0.01383,0.01667,0.0
2026-09-07T17:55:00+12:00,Muriwai 5kW + Batteries,0.0,167.0,205.0,0.0,99.0,0.0,0.01392,0.01708,0.0
2026-09-07T18:00:00+12:00,Muriwai 5kW + Batteries,0.0,164.0,206.0,0.0,99.0,0.0,0.01367,0.01717,0.0
2026-09-07T18:05:00+12:00,Muriwai 5kW + Batteries,0.0,164.0,207.0,0.0,99.0,0.0,0.01367,0.01725,0.0
2026-09-07T18:10:00+12:00,Muriwai 5kW + Batteries,0.0,165.0,208.0,0.0,99.0,0.0,0.01375,0.01733,0.0
2026-09-07T18:15:00+12:00,Muriwai 5kW + Batteries,0.0,167.0,210.0,0.0,99.0,0.0,0.01392,0.0175,0.0
2026-09-07T18:20:00+12:00,Muriwai 5kW + Batteries,0.0,167.0,210.0,0.0,99.0,0.0,0.01392,0.0175,0.0
2026-09-07T18:25:00+12:00,Muriwai 5kW + Batteries,0.0,169.0,214.0,0.0,99.0,0.0,0.01408,0.01783,0.0
2026-09-07T18:30:00+12:00,Muriwai 5kW + Batteries,0.0,169.0,213.0,0.0,99.0,0.0,0.01408,0.01775,0.0
2026-09-07T18:35:00+12:00,Muriwai 5kW + Batteries,0.0,169.0,214.0,0.0,99.0,0.0,0.01408,0.01783,0.0
2026-09-07T18:45:00+12:00,Muriwai 5kW + Batteries,0.0,172.0,216.0,0.0,99.0,0.0,0.01433,0.018,0.0
2026-09-07T18:50:00+12:00,Muriwai 5kW + Batteries,0.0,171.0,215.0,0.0,99.0,0.0,0.01425,0.01792,0.0
2026-09-07T18:55:00+12:00,Muriwai 5kW + Batteries,0.0,169.0,214.0,0.0,99.0,0.0,0.01408,0.01783,0.0
2026-09-07T19:00:00+12:00,Muriwai 5kW + Batteries,0.0,167.0,212.0,0.0,99.0,0.0,0.01392,0.01767,0.0
2026-09-07T19:05:00+12:00,Muriwai 5kW + Batteries,0.0,168.0,213.0,0.0,99.0,0.0,0.014,0.01775,0.0
2026-09-07T19:10:00+12:00,Muriwai 5kW + Batteries,0.0,169.0,214.0,0.0,99.0,0.0,0.01408,0.01783,0.0
2026-09-07T19:15:00+12:00,Muriwai 5kW + Batteries,0.0,170.0,215.0,0.0,99.0,0.0,0.01417,0.01792,0.0
2026-09-07T19:20:00+12:00,Muriwai 5kW + Batteries,0.0,171.0,216.0,0.0,99.0,0.0,0.01425,0.018,0.0
2026-09-07T19:25:00+12:00,Muriwai 5kW + Batteries,0.0,172.0,217.0,0.0,99.0,0.0,0.01433,0.01808,0.0
2026-09-07T19:30:00+12:00,Muriwai 5kW + Batteries,0.0,169.0,215.0,0.0,99.0,0.0,0.01408,0.01792,0.0
2026-09-07T19:35:00+12:00,Muriwai 5kW + Batteries,0.0,172.0,217.0,0.0,99.0,0.0,0.01433,0.01808,0.0
2026-09-07T19:40:00+12:00,Muriwai 5kW + Batteries,0.0,171.0,216.0,0.0,99.0,0.0,0.01425,0.018,0.0
2026-09-07T19:45:00+12:00,Muriwai 5kW + Batteries,0.0,170.0,215.0,0.0,99.0,0.0,0.01417,0.01792,0.0
2026-09-07T19:50:00+12:00,Muriwai 5kW + Batteries,0.0,170.0,215.0,0.0,99.0,0.0,0.01417,0.01792,0.0
2026-09-07T19:55:00+12:00,Muriwai 5kW + Batteries,0.0,171.0,217.0,0.0,99.0,0.0,0.01425,0.01808,0.0
2026-09-07T20:00:00+12:00,Muriwai 5kW + Batteries,0.0,171.0,216.0,0.0,99.0,0.0,0.01425,0.018,0.0
2026-09-07T20:05:00+12:00,Muriwai 5kW + Batteries,0.0,172.0,218.0,0.0,99.0,0.0,0.01433,0.01817,0.0
2026-09-07T20:10:00+12:00,Muriwai 5kW + Batteries,0.0,174.0,219.0,0.0,99.0,0.0,0.0145,0.01825,0.0
2026-09-07T20:15:00+12:00,Muriwai 5kW + Batteries,0.0,172.0,218.0,0.0,99.0,0.0,0.01433,0.01817,0.0
2026-09-07T20:20:00+12:00,Muriwai 5kW + Batteries,0.0,174.0,220.0,0.0,99.0,0.0,0.0145,0.01833,0.0
2026-09-07T20:25:00+12:00,Muriwai 5kW + Batteries,0.0,176.0,221.0,0.0,99.0,0.0,0.01467,0.01842,0.0
2026-09-07T20:30:00+12:00,Muriwai 5kW + Batteries,0.0,174.0,220.0,0.0,99.0,0.0,0.0145,0.01833,0.0
2026-09-07T20:35:00+12:00,Muriwai 5kW + Batteries,0.0,175.0,221.0,0.0,99.0,0.0,0.01458,0.01842,0.0
2026-09-07T20:40:00+12:00,Muriwai 5kW + Batteries,0.0,176.0,222.0,0.0,99.0,0.0,0.01467,0.0185,0.0
2026-09-07T20:45:00+12:00,Muriwai 5kW + Batteries,0.0,176.0,222.0,0.0,99.0,0.0,0.01467,0.0185,0.0
2026-09-07T20:50:00+12:00,Muriwai 5kW + Batteries,0.0,175.0,221.0,0.0,100.0,0.0,0.01458,0.01842,0.0
2026-09-07T20:55:00+12:00,Muriwai 5kW + Batteries,0.0,176.0,221.0,0.0,100.0,0.0,0.01467,0.01842,0.0
2026-09-07T21:00:00+12:00,Muriwai 5kW + Batteries,0.0,177.0,222.0,0.0,100.0,0.0,0.01475,0.0185,0.0
2026-09-07T21:05:00+12:00,Muriwai 5kW + Batteries,0.0,173.0,0.0,0.0,99.0,0.0,0.01442,0.0,0.0
2026-09-07T21:10:00+12:00,Muriwai 5kW + Batteries,0.0,165.0,0.0,0.0,99.0,0.0,0.01375,0.0,0.0
2026-09-07T21:15:00+12:00,Muriwai 5kW + Batteries,0.0,167.0,0.0,0.0,99.0,0.0,0.01392,0.0,0.0
2026-09-07T21:20:00+12:00,Muriwai 5kW + Batteries,0.0,166.0,0.0,0.0,99.0,0.0,0.01383,0.0,0.0
2026-09-07T21:25:00+12:00,Muriwai 5kW + Batteries,0.0,166.0,0.0,0.0,99.0,0.0,0.01383,0.0,0.0
2026-09-07T21:30:00+12:00,Muriwai 5kW + Batteries,0.0,168.0,0.0,0.0,99.0,0.0,0.014,0.0,0.0
2026-09-07T21:35:00+12:00,Muriwai 5kW + Batteries,0.0,170.0,0.0,0.0,99.0,0.0,0.01417,0.0,0.0
2026-09-07T21:40:00+12:00,Muriwai 5kW + Batteries,0.0,167.0,0.0,0.0,99.0,0.0,0.01392,0.0,0.0
2026-09-07T21:45:00+12:00,Muriwai 5kW + Batteries,0.0,166.0,0.0,0.0,99.0,0.0,0.01383,0.0,0.0
2026-09-07T21:50:00+12:00,Muriwai 5kW + Batteries,0.0,167.0,0.0,0.0,99.0,0.0,0.01392,0.0,0.0
2026-09-07T21:55:00+12:00,Muriwai 5kW + Batteries,0.0,166.0,0.0,0.0,98.0,0.0,0.01383,0.0,0.0
2026-09-07T22:00:00+12:00,Muriwai 5kW + Batteries,0.0,168.0,0.0,0.0,98.0,0.0,0.014,0.0,0.0
2026-09-07T22:05:00+12:00,Muriwai 5kW + Batteries,0.0,168.0,0.0,0.0,98.0,0.0,0.014,0.0,0.0
2026-09-07T22:10:00+12:00,Muriwai 5kW + Batteries,0.0,167.0,0.0,0.0,98.0,0.0,0.01392,0.0,0.0
2026-09-07T22:15:00+12:00,Muriwai 5kW + Batteries,0.0,169.0,0.0,0.0,98.0,0.0,0.01408,0.0,0.0
2026-09-07T22:20:00+12:00,Muriwai 5kW + Batteries,0.0,170.0,0.0,0.0,98.0,0.0,0.01417,0.0,0.0
2026-09-07T22:25:00+12:00,Muriwai 5kW + Batteries,0.0,173.0,0.0,0.0,98.0,0.0,0.01442,0.0,0.0
2026-09-07T22:30:00+12:00,Muriwai 5kW + Batteries,0.0,172.0,0.0,0.0,98.0,0.0,0.01433,0.0,0.0
2026-09-07T22:35:00+12:00,Muriwai 5kW + Batteries,0.0,170.0,0.0,0.0,98.0,0.0,0.01417,0.0,0.0
2026-09-07T22:40:00+12:00,Muriwai 5kW + Batteries,0.0,169.0,0.0,0.0,97.0,0.0,0.01408,0.0,0.0
2026-09-07T22:45:00+12:00,Muriwai 5kW + Batteries,0.0,170.0,0.0,0.0,97.0,0.0,0.01417,0.0,0.0
2026-09-07T22:50:00+12:00,Muriwai 5kW + Batteries,0.0,167.0,0.0,0.0,97.0,0.0,0.01392,0.0,0.0
2026-09-07T22:55:00+12:00,Muriwai 5kW + Batteries,0.0,166.0,0.0,0.0,97.0,0.0,0.01383,0.0,0.0
2026-09-07T23:00:00+12:00,Muriwai 5kW + Batteries,0.0,167.0,0.0,0.0,97.0,0.0,0.01392,0.0,0.0
2026-09-07T23:05:00+12:00,Muriwai 5kW + Batteries,0.0,162.0,0.0,0.0,97.0,0.0,0.0135,0.0,0.0
2026-09-07T23:10:00+12:00,Muriwai 5kW + Batteries,0.0,164.0,0.0,0.0,97.0,0.0,0.01367,0.0,0.0
2026-09-07T23:15:00+12:00,Muriwai 5kW + Batteries,0.0,165.0,0.0,0.0,97.0,0.0,0.01375,0.0,0.0
2026-09-07T23:20:00+12:00,Muriwai 5kW + Batteries,0.0,161.0,0.0,0.0,97.0,0.0,0.01342,0.0,0.0
2026-09-07T23:25:00+12:00,Muriwai 5kW + Batteries,0.0,162.0,0.0,0.0,96.0,0.0,0.0135,0.0,0.0
2026-09-07T23:30:00+12:00,Muriwai 5kW + Batteries,0.0,161.0,0.0,0.0,96.0,0.0,0.01342,0.0,0.0
2026-09-07T23:35:00+12:00,Muriwai 5kW + Batteries,0.0,159.0,0.0,0.0,96.0,0.0,0.01325,0.0,0.0
2026-09-07T23:40:00+12:00,Muriwai 5kW + Batteries,0.0,159.0,0.0,0.0,96.0,0.0,0.01325,0.0,0.0
2026-09-07T23:45:00+12:00,Muriwai 5kW + Batteries,0.0,160.0,0.0,0.0,96.0,0.0,0.01333,0.0,0.0
2026-09-07T23:50:00+12:00,Muriwai 5kW + Batteries,0.0,157.0,0.0,0.0,96.0,0.0,0.01308,0.0,0.0
2026-09-07T23:55:00+12:00,Muriwai 5kW + Batteries,0.0,159.0,0.0,0.0,96.0,0.0,0.01325,0.0,0.0
2026-09-08T00:00:00+12:00,Muriwai 5kW + Batteries,0.0,159.0,0.0,0.0,96.0,0.0,0.01325,0.0,0.0
2026-09-08T00:05:00+12:00,Muriwai 5kW + Batteries,0.0,159.0,0.0,0.0,96.0,0.0,0.01325,0.0,0.0
2026-09-08T00:10:00+12:00,Muriwai 5kW + Batteries,0.0,160.0,0.0,0.0,96.0,0.0,0.01333,0.0,0.0
2026-09-08T00:15:00+12:00,Muriwai 5kW + Batteries,0.0,161.0,0.0,0.0,95.0,0.0,0.01342,0.0,0.0
2026-09-08T00:20:00+12:00,Muriwai 5kW + Batteries,0.0,160.0,0.0,0.0,95.0,0.0,0.01333,0.0,0.0
2026-09-08T00:25:00+12:00,Muriwai 5kW + Batteries,0.0,163.0,0.0,0.0,95.0,0.0,0.01358,0.0,0.0
2026-09-08T00:30:00+12:00,Muriwai 5kW + Batteries,0.0,164.0,0.0,0.0,95.0,0.0,0.01367,0.0,0.0
2026-09-08T00:35:00+12:00,Muriwai 5kW + Batteries,0.0,164.0,0.0,0.0,95.0,0.0,0.01367,0.0,0.0
2026-09-08T00:40:00+12:00,Muriwai 5kW + Batteries,0.0,162.0,0.0,0.0,95.0,0.0,0.0135,0.0,0.0
2026-09-08T00:45:00+12:00,Muriwai 5kW + Batteries,0.0,161.0,0.0,0.0,95.0,0.0,0.01342,0.0,0.0
2026-09-08T00:50:00+12:00,Muriwai 5kW + Batteries,0.0,161.0,0.0,0.0,95.0,0.0,0.01342,0.0,0.0
2026-09-08T00:55:00+12:00,Muriwai 5kW + Batteries,0.0,162.0,0.0,0.0,95.0,0.0,0.0135,0.0,0.0
2026-09-08T01:00:00+12:00,Muriwai 5kW + Batteries,0.0,163.0,0.0,0.0,95.0,0.0,0.01358,0.0,0.0
2026-09-08T01:05:00+12:00,Muriwai 5kW + Batteries,0.0,162.0,0.0,0.0,94.0,0.0,0.0135,0.0,0.0
2026-09-08T01:10:00+12:00,Muriwai 5kW + Batteries,0.0,160.0,0.0,0.0,94.0,0.0,0.01333,0.0,0.0
2026-09-08T01:15:00+12:00,Muriwai 5kW + Batteries,0.0,161.0,0.0,0.0,94.0,0.0,0.01342,0.0,0.0
2026-09-08T01:20:00+12:00,Muriwai 5kW + Batteries,0.0,161.0,0.0,0.0,94.0,0.0,0.01342,0.0,0.0
2026-09-08T01:25:00+12:00,Muriwai 5kW + Batteries,0.0,160.0,0.0,0.0,94.0,0.0,0.01333,0.0,0.0
2026-09-08T01:30:00+12:00,Muriwai 5kW + Batteries,0.0,162.0,0.0,0.0,94.0,0.0,0.0135,0.0,0.0
2026-09-08T01:35:00+12:00,Muriwai 5kW + Batteries,0.0,160.0,0.0,0.0,94.0,0.0,0.01333,0.0,0.0
2026-09-08T01:40:00+12:00,Muriwai 5kW + Batteries,0.0,161.0,0.0,0.0,94.0,0.0,0.01342,0.0,0.0
2026-09-08T01:45:00+12:00,Muriwai 5kW + Batteries,0.0,162.0,0.0,0.0,94.0,0.0,0.0135,0.0,0.0
2026-09-08T01:50:00+12:00,Muriwai 5kW + Batteries,0.0,164.0,0.0,0.0,94.0,0.0,0.01367,0.0,0.0
2026-09-08T01:55:00+12:00,Muriwai 5kW + Batteries,0.0,162.0,0.0,0.0,93.0,0.0,0.0135,0.0,0.0
2026-09-08T02:00:00+12:00,Muriwai 5kW + Batteries,0.0,159.0,0.0,0.0,93.0,0.0,0.01325,0.0,0.0
2026-09-08T02:05:00+12:00,Muriwai 5kW + Batteries,0.0,159.0,0.0,0.0,93.0,0.0,0.01325,0.0,0.0
2026-09-08T02:10:00+12:00,Muriwai 5kW + Batteries,0.0,159.0,0.0,0.0,93.0,0.0,0.01325,0.0,0.0
2026-09-08T02:15:00+12:00,Muriwai 5kW + Batteries,0.0,155.0,0.0,0.0,93.0,0.0,0.01292,0.0,0.0
2026-09-08T02:20:00+12:00,Muriwai 5kW + Batteries,0.0,159.0,0.0,0.0,93.0,0.0,0.01325,0.0,0.0
2026-09-08T02:25:00+12:00,Muriwai 5kW + Batteries,0.0,159.0,0.0,0.0,93.0,0.0,0.01325,0.0,0.0
2026-09-08T02:30:00+12:00,Muriwai 5kW + Batteries,0.0,161.0,0.0,0.0,93.0,0.0,0.01342,0.0,0.0
2026-09-08T02:35:00+12:00,Muriwai 5kW + Batteries,0.0,162.0,0.0,0.0,93.0,0.0,0.0135,0.0,0.0
2026-09-08T02:40:00+12:00,Muriwai 5kW + Batteries,0.0,162.0,0.0,0.0,92.0,0.0,0.0135,0.0,0.0
2026-09-08T02:45:00+12:00,Muriwai 5kW + Batteries,0.0,163.0,0.0,0.0,92.0,0.0,0.01358,0.0,0.0
2026-09-08T02:50:00+12:00,Muriwai 5kW + Batteries,0.0,158.0,0.0,0.0,92.0,0.0,0.01317,0.0,0.0
2026-09-08T02:55:00+12:00,Muriwai 5kW + Batteries,0.0,160.0,0.0,0.0,92.0,0.0,0.01333,0.0,0.0
2026-09-08T03:00:00+12:00,Muriwai 5kW + Batteries,0.0,160.0,0.0,0.0,92.0,0.0,0.01333,0.0,0.0
2026-09-08T03:05:00+12:00,Muriwai 5kW + Batteries,0.0,160.0,0.0,0.0,92.0,0.0,0.01333,0.0,0.0
2026-09-08T03:10:00+12:00,Muriwai 5kW + Batteries,0.0,160.0,0.0,0.0,92.0,0.0,0.01333,0.0,0.0
2026-09-08T03:15:00+12:00,Muriwai 5kW + Batteries,0.0,160.0,0.0,0.0,92.0,0.0,0.01333,0.0,0.0
2026-09-08T03:20:00+12:00,Muriwai 5kW + Batteries,0.0,159.0,0.0,0.0,92.0,0.0,0.01325,0.0,0.0
2026-09-08T03:25:00+12:00,Muriwai 5kW + Batteries,0.0,161.0,0.0,0.0,92.0,0.0,0.01342,0.0,0.0
2026-09-08T03:30:00+12:00,Muriwai 5kW + Batteries,0.0,161.0,0.0,0.0,91.0,0.0,0.01342,0.0,0.0
2026-09-08T03:35:00+12:00,Muriwai 5kW + Batteries,0.0,162.0,0.0,0.0,91.0,0.0,0.0135,0.0,0.0
2026-09-08T03:40:00+12:00,Muriwai 5kW + Batteries,0.0,161.0,0.0,0.0,91.0,0.0,0.01342,0.0,0.0
2026-09-08T03:45:00+12:00,Muriwai 5kW + Batteries,0.0,161.0,0.0,0.0,91.0,0.0,0.01342,0.0,0.0
2026-09-08T03:50:00+12:00,Muriwai 5kW + Batteries,0.0,161.0,0.0,0.0,91.0,0.0,0.01342,0.0,0.0
2026-09-08T03:55:00+12:00,Muriwai 5kW + Batteries,0.0,161.0,0.0,0.0,91.0,0.0,0.01342,0.0,0.0
2026-09-08T04:00:00+12:00,Muriwai 5kW + Batteries,0.0,162.0,0.0,0.0,91.0,0.0,0.0135,0.0,0.0
2026-09-08T04:05:00+12:00,Muriwai 5kW + Batteries,0.0,164.0,0.0,0.0,91.0,0.0,0.01367,0.0,0.0
2026-09-08T04:10:00+12:00,Muriwai 5kW + Batteries,0.0,163.0,0.0,0.0,91.0,0.0,0.01358,0.0,0.0
2026-09-08T04:15:00+12:00,Muriwai 5kW + Batteries,0.0,163.0,0.0,0.0,91.0,0.0,0.01358,0.0,0.0
2026-09-08T04:20:00+12:00,Muriwai 5kW + Batteries,0.0,166.0,0.0,0.0,90.0,0.0,0.01383,0.0,0.0
2026-09-08T04:25:00+12:00,Muriwai 5kW + Batteries,0.0,165.0,0.0,0.0,90.0,0.0,0.01375,0.0,0.0
2026-09-08T04:30:00+12:00,Muriwai 5kW + Batteries,0.0,163.0,0.0,0.0,90.0,0.0,0.01358,0.0,0.0
2026-09-08T04:35:00+12:00,Muriwai 5kW + Batteries,0.0,165.0,0.0,0.0,90.0,0.0,0.01375,0.0,0.0
2026-09-08T04:40:00+12:00,Muriwai 5kW + Batteries,0.0,165.0,0.0,0.0,90.0,0.0,0.01375,0.0,0.0
2026-09-08T04:45:00+12:00,Muriwai 5kW + Batteries,0.0,166.0,0.0,0.0,90.0,0.0,0.01383,0.0,0.0
2026-09-08T04:50:00+12:00,Muriwai 5kW + Batteries,0.0,164.0,0.0,0.0,90.0,0.0,0.01367,0.0,0.0
2026-09-08T04:55:00+12:00,Muriwai 5kW + Batteries,0.0,165.0,0.0,0.0,90.0,0.0,0.01375,0.0,0.0
2026-09-08T05:00:00+12:00,Muriwai 5kW + Batteries,0.0,166.0,0.0,0.0,90.0,0.0,0.01383,0.0,0.0
2026-09-08T05:05:00+12:00,Muriwai 5kW + Batteries,0.0,167.0,0.0,0.0,90.0,0.0,0.01392,0.0,0.0
2026-09-08T05:10:00+12:00,Muriwai 5kW + Batteries,0.0,168.0,0.0,0.0,89.0,0.0,0.014,0.0,0.0
2026-09-08T05:15:00+12:00,Muriwai 5kW + Batteries,0.0,168.0,0.0,0.0,89.0,0.0,0.014,0.0,0.0
2026-09-08T05:20:00+12:00,Muriwai 5kW + Batteries,0.0,166.0,0.0,0.0,89.0,0.0,0.01383,0.0,0.0
2026-09-08T05:25:00+12:00,Muriwai 5kW + Batteries,0.0,167.0,0.0,0.0,89.0,0.0,0.01392,0.0,0.0
2026-09-08T05:30:00+12:00,Muriwai 5kW + Batteries,0.0,165.0,0.0,0.0,89.0,0.0,0.01375,0.0,0.0
2026-09-08T05:35:00+12:00,Muriwai 5kW + Batteries,0.0,164.0,0.0,0.0,89.0,0.0,0.01367,0.0,0.0
2026-09-08T05:40:00+12:00,Muriwai 5kW + Batteries,0.0,166.0,0.0,0.0,89.0,0.0,0.01383,0.0,0.0
2026-09-08T05:45:00+12:00,Muriwai 5kW + Batteries,0.0,167.0,0.0,0.0,89.0,0.0,0.01392,0.0,0.0
2026-09-08T05:50:00+12:00,Muriwai 5kW + Batteries,0.0,169.0,0.0,0.0,89.0,0.0,0.01408,0.0,0.0
2026-09-08T05:55:00+12:00,Muriwai 5kW + Batteries,0.0,169.0,0.0,0.0,88.0,0.0,0.01408,0.0,0.0
2026-09-08T06:00:00+12:00,Muriwai 5kW + Batteries,0.0,169.0,0.0,0.0,88.0,0.0,0.01408,0.0,0.0
2026-09-08T06:05:00+12:00,Muriwai 5kW + Batteries,0.0,165.0,0.0,0.0,88.0,0.0,0.01375,0.0,0.0
2026-09-08T06:10:00+12:00,Muriwai 5kW + Batteries,0.0,170.0,0.0,0.0,88.0,0.0,0.01417,0.0,0.0
2026-09-08T06:15:00+12:00,Muriwai 5kW + Batteries,0.0,174.0,0.0,0.0,88.0,0.0,0.0145,0.0,0.0
2026-09-08T06:20:00+12:00,Muriwai 5kW + Batteries,0.0,174.0,0.0,0.0,88.0,0.0,0.0145,0.0,0.0
2026-09-08T06:25:00+12:00,Muriwai 5kW + Batteries,0.0,174.0,0.0,0.0,88.0,0.0,0.0145,0.0,0.0
2026-09-08T06:30:00+12:00,Muriwai 5kW + Batteries,0.0,173.0,0.0,0.0,88.0,0.0,0.01442,0.0,0.0
2026-09-08T06:35:00+12:00,Muriwai 5kW + Batteries,2.0,173.0,0.0,0.0,88.0,0.00017,0.01442,0.0,0.0
2026-09-08T06:40:00+12:00,Muriwai 5kW + Batteries,31.0,171.0,0.0,0.0,88.0,0.00258,0.01425,0.0,0.0
2026-09-08T06:45:00+12:00,Muriwai 5kW + Batteries,43.0,171.0,0.0,0.0,87.0,0.00358,0.01425,0.0,0.0
2026-09-08T06:50:00+12:00,Muriwai 5kW + Batteries,65.0,173.0,0.0,0.0,87.0,0.00542,0.01442,0.0,0.0
2026-09-08T06:55:00+12:00,Muriwai 5kW + Batteries,82.0,173.0,0.0,0.0,87.0,0.00683,0.01442,0.0,0.0
2026-09-08T07:00:00+12:00,Muriwai 5kW + Batteries,102.0,173.0,0.0,0.0,87.0,0.0085,0.01442,0.0,0.0
2026-09-08T07:05:00+12:00,Muriwai 5kW + Batteries,118.0,172.0,0.0,0.0,87.0,0.00983,0.01433,0.0,0.0
2026-09-08T07:10:00+12:00,Muriwai 5kW + Batteries,138.0,170.0,0.0,0.0,87.0,0.0115,0.01417,0.0,0.0
2026-09-08T07:15:00+12:00,Muriwai 5kW + Batteries,182.0,169.0,0.0,0.0,87.0,0.01517,0.01408,0.0,0.0
2026-09-08T07:20:00+12:00,Muriwai 5kW + Batteries,228.0,170.0,0.0,0.0,87.0,0.019,0.01417,0.0,0.0
2026-09-08T07:25:00+12:00,Muriwai 5kW + Batteries,225.0,168.0,0.0,0.0,87.0,0.01875,0.014,0.0,0.0
2026-09-08T07:30:00+12:00,Muriwai 5kW + Batteries,185.0,171.0,0.0,0.0,87.0,0.01542,0.01425,0.0,0.0
2026-09-08T07:35:00+12:00,Muriwai 5kW + Batteries,231.0,168.0,0.0,0.0,87.0,0.01925,0.014,0.0,0.0
2026-09-08T07:40:00+12:00,Muriwai 5kW + Batteries,273.0,170.0,0.0,0.0,88.0,0.02275,0.01417,0.0,0.0
2026-09-08T07:45:00+12:00,Muriwai 5kW + Batteries,441.0,170.0,0.0,0.0,88.0,0.03675,0.01417,0.0,0.0
2026-09-08T07:50:00+12:00,Muriwai 5kW + Batteries,709.0,166.0,0.0,0.0,88.0,0.05908,0.01383,0.0,0.0
2026-09-08T07:55:00+12:00,Muriwai 5kW + Batteries,810.0,165.0,0.0,0.0,88.0,0.0675,0.01375,0.0,0.0
2026-09-08T08:00:00+12:00,Muriwai 5kW + Batteries,912.0,166.0,0.0,0.0,89.0,0.076,0.01383,0.0,0.0
2026-09-08T08:05:00+12:00,Muriwai 5kW + Batteries,677.0,166.0,0.0,0.0,89.0,0.05642,0.01383,0.0,0.0
2026-09-08T08:10:00+12:00,Muriwai 5kW + Batteries,831.0,166.0,0.0,0.0,89.0,0.06925,0.01383,0.0,0.0
2026-09-08T08:15:00+12:00,Muriwai 5kW + Batteries,859.0,164.0,0.0,0.0,90.0,0.07158,0.01367,0.0,0.0
2026-09-08T08:20:00+12:00,Muriwai 5kW + Batteries,780.0,165.0,0.0,0.0,90.0,0.065,0.01375,0.0,0.0
2026-09-08T08:25:00+12:00,Muriwai 5kW + Batteries,895.0,165.0,0.0,0.0,91.0,0.07458,0.01375,0.0,0.0
2026-09-08T08:30:00+12:00,Muriwai 5kW + Batteries,998.0,166.0,0.0,0.0,91.0,0.08317,0.01383,0.0,0.0
2026-09-08T08:35:00+12:00,Muriwai 5kW + Batteries,541.0,168.0,0.0,0.0,91.0,0.04508,0.014,0.0,0.0
2026-09-08T08:40:00+12:00,Muriwai 5kW + Batteries,377.0,167.0,0.0,0.0,91.0,0.03142,0.01392,0.0,0.0
2026-09-08T08:45:00+12:00,Muriwai 5kW + Batteries,469.0,171.0,0.0,0.0,92.0,0.03908,0.01425,0.0,0.0
2026-09-08T08:50:00+12:00,Muriwai 5kW + Batteries,704.0,168.0,0.0,0.0,92.0,0.05867,0.014,0.0,0.0
2026-09-08T08:55:00+12:00,Muriwai 5kW + Batteries,1014.0,167.0,0.0,0.0,92.0,0.0845,0.01392,0.0,0.0
2026-09-08T09:00:00+12:00,Muriwai 5kW + Batteries,784.0,166.0,0.0,0.0,92.0,0.06533,0.01383,0.0,0.0
2026-09-08T09:05:00+12:00,Muriwai 5kW + Batteries,901.0,164.0,0.0,0.0,93.0,0.07508,0.01367,0.0,0.0
2026-09-08T09:10:00+12:00,Muriwai 5kW + Batteries,1048.0,165.0,0.0,0.0,93.0,0.08733,0.01375,0.0,0.0
2026-09-08T09:15:00+12:00,Muriwai 5kW + Batteries,3516.0,161.0,0.0,0.0,94.0,0.293,0.01342,0.0,0.0
2026-09-08T09:20:00+12:00,Muriwai 5kW + Batteries,2606.0,166.0,0.0,0.0,96.0,0.21717,0.01383,0.0,0.0
2026-09-08T09:25:00+12:00,Muriwai 5kW + Batteries,1685.0,162.0,0.0,0.0,97.0,0.14042,0.0135,0.0,0.0
2026-09-08T09:30:00+12:00,Muriwai 5kW + Batteries,2258.0,162.0,0.0,0.0,97.0,0.18817,0.0135,0.0,0.0
2026-09-08T09:35:00+12:00,Muriwai 5kW + Batteries,3554.0,163.0,0.0,0.0,98.0,0.29617,0.01358,0.0,0.0
2026-09-08T09:40:00+12:00,Muriwai 5kW + Batteries,1451.0,160.0,0.0,0.0,100.0,0.12092,0.01333,0.0,0.0
2026-09-08T09:45:00+12:00,Muriwai 5kW + Batteries,1650.0,134.0,0.0,608.0,100.0,0.1375,0.01117,0.0,0.05067
2026-09-08T09:50:00+12:00,Muriwai 5kW + Batteries,3229.0,158.0,0.0,3206.0,100.0,0.26908,0.01317,0.0,0.26717
2026-09-08T09:55:00+12:00,Muriwai 5kW + Batteries,1520.0,144.0,0.0,1332.0,99.0,0.12667,0.012,0.0,0.111
2026-09-08T10:00:00+12:00,Muriwai 5kW + Batteries,2135.0,148.0,0.0,2121.0,100.0,0.17792,0.01233,0.0,0.17675
2026-09-08T10:05:00+12:00,Muriwai 5kW + Batteries,3333.0,159.0,0.0,3323.0,100.0,0.27775,0.01325,0.0,0.27692
2026-09-08T10:10:00+12:00,Muriwai 5kW + Batteries,1521.0,134.0,0.0,1333.0,99.0,0.12675,0.01117,0.0,0.11108
2026-09-08T10:15:00+12:00,Muriwai 5kW + Batteries,1500.0,132.0,0.0,1357.0,99.0,0.125,0.011,0.0,0.11308
2026-09-08T10:20:00+12:00,Muriwai 5kW + Batteries,1391.0,126.0,0.0,1267.0,99.0,0.11592,0.0105,0.0,0.10558
2026-09-08T10:25:00+12:00,Muriwai 5kW + Batteries,1005.0,121.0,0.0,842.0,100.0,0.08375,0.01008,0.0,0.07017
2026-09-08T10:30:00+12:00,Muriwai 5kW + Batteries,1368.0,126.0,0.0,1222.0,100.0,0.114,0.0105,0.0,0.10183
2026-09-08T10:35:00+12:00,Muriwai 5kW + Batteries,1632.0,130.0,0.0,1519.0,100.0,0.136,0.01083,0.0,0.12658
2026-09-08T10:40:00+12:00,Muriwai 5kW + Batteries,1952.0,129.0,0.0,1968.0,100.0,0.16267,0.01075,0.0,0.164
2026-09-08T10:45:00+12:00,Muriwai 5kW + Batteries,2587.0,132.0,0.0,2462.0,99.0,0.21558,0.011,0.0,0.20517
2026-09-08T10:50:00+12:00,Muriwai 5kW + Batteries,1947.0,128.0,0.0,1867.0,99.0,0.16225,0.01067,0.0,0.15558
2026-09-08T10:55:00+12:00,Muriwai 5kW + Batteries,1673.0,121.0,0.0,1571.0,99.0,0.13942,0.01008,0.0,0.13092
2026-09-08T11:00:00+12:00,Muriwai 5kW + Batteries,1805.0,125.0,0.0,1559.0,100.0,0.15042,0.01042,0.0,0.12992
2026-09-08T11:05:00+12:00,Muriwai 5kW + Batteries,1780.0,123.0,0.0,1653.0,99.0,0.14833,0.01025,0.0,0.13775
2026-09-08T11:10:00+12:00,Muriwai 5kW + Batteries,1650.0,120.0,0.0,1522.0,99.0,0.1375,0.01,0.0,0.12683
2026-09-08T11:15:00+12:00,Muriwai 5kW + Batteries,2064.0,122.0,0.0,2080.0,100.0,0.172,0.01017,0.0,0.17333
2026-09-08T11:20:00+12:00,Muriwai 5kW + Batteries,1456.0,120.0,0.0,1332.0,99.0,0.12133,0.01,0.0,0.111
2026-09-08T11:25:00+12:00,Muriwai 5kW + Batteries,951.0,112.0,0.0,802.0,100.0,0.07925,0.00933,0.0,0.06683
2026-09-08T11:30:00+12:00,Muriwai 5kW + Batteries,927.0,111.0,0.0,780.0,100.0,0.07725,0.00925,0.0,0.065
2026-09-08T11:35:00+12:00,Muriwai 5kW + Batteries,1253.0,115.0,0.0,1093.0,100.0,0.10442,0.00958,0.0,0.09108
2026-09-08T11:40:00+12:00,Muriwai 5kW + Batteries,1677.0,120.0,0.0,1520.0,100.0,0.13975,0.01,0.0,0.12667
2026-09-08T11:45:00+12:00,Muriwai 5kW + Batteries,1397.0,118.0,0.0,1253.0,100.0,0.11642,0.00983,0.0,0.10442
2026-09-08T11:50:00+12:00,Muriwai 5kW + Batteries,1165.0,115.0,0.0,1034.0,100.0,0.09708,0.00958,0.0,0.08617
2026-09-08T11:55:00+12:00,Muriwai 5kW + Batteries,1833.0,119.0,0.0,1179.0,100.0,0.15275,0.00992,0.0,0.09825
2026-09-08T12:00:00+12:00,Muriwai 5kW + Batteries,1890.0,121.0,0.0,1537.0,99.0,0.1575,0.01008,0.0,0.12808
2026-09-08T12:05:00+12:00,Muriwai 5kW + Batteries,3518.0,137.0,0.0,3372.0,100.0,0.29317,0.01142,0.0,0.281
2026-09-08T12:10:00+12:00,Muriwai 5kW + Batteries,2844.0,122.0,0.0,2712.0,100.0,0.237,0.01017,0.0,0.226
2026-09-08T12:15:00+12:00,Muriwai 5kW + Batteries,2052.0,106.0,0.0,1908.0,99.0,0.171,0.00883,0.0,0.159
2026-09-08T12:20:00+12:00,Muriwai 5kW + Batteries,2376.0,106.0,0.0,2384.0,100.0,0.198,0.00883,0.0,0.19867
2026-09-08T12:25:00+12:00,Muriwai 5kW + Batteries,1455.0,101.0,0.0,1315.0,100.0,0.12125,0.00842,0.0,0.10958
2026-09-08T12:30:00+12:00,Muriwai 5kW + Batteries,1592.0,103.0,0.0,1479.0,99.0,0.13267,0.00858,0.0,0.12325
2026-09-08T12:35:00+12:00,Muriwai 5kW + Batteries,1630.0,102.0,0.0,1544.0,99.0,0.13583,0.0085,0.0,0.12867
2026-09-08T12:40:00+12:00,Muriwai 5kW + Batteries,1212.0,101.0,0.0,1120.0,100.0,0.101,0.00842,0.0,0.09333
2026-09-08T12:45:00+12:00,Muriwai 5kW + Batteries,1014.0,95.0,0.0,885.0,100.0,0.0845,0.00792,0.0,0.07375
2026-09-08T12:50:00+12:00,Muriwai 5kW + Batteries,1431.0,99.0,0.0,1325.0,99.0,0.11925,0.00825,0.0,0.11042
2026-09-08T12:55:00+12:00,Muriwai 5kW + Batteries,1930.0,102.0,0.0,1699.0,100.0,0.16083,0.0085,0.0,0.14158
2026-09-08T13:00:00+12:00,Muriwai 5kW + Batteries,1395.0,99.0,0.0,1311.0,99.0,0.11625,0.00825,0.0,0.10925
2026-09-08T13:05:00+12:00,Muriwai 5kW + Batteries,1157.0,94.0,0.0,999.0,100.0,0.09642,0.00783,0.0,0.08325
2026-09-08T13:10:00+12:00,Muriwai 5kW + Batteries,1167.0,98.0,0.0,1037.0,100.0,0.09725,0.00817,0.0,0.08642
2026-09-08T13:15:00+12:00,Muriwai 5kW + Batteries,1290.0,100.0,0.0,1163.0,100.0,0.1075,0.00833,0.0,0.09692
2026-09-08T13:20:00+12:00,Muriwai 5kW + Batteries,1514.0,104.0,0.0,1366.0,100.0,0.12617,0.00867,0.0,0.11383
2026-09-08T13:25:00+12:00,Muriwai 5kW + Batteries,1222.0,95.0,0.0,1084.0,100.0,0.10183,0.00792,0.0,0.09033
2026-09-08T13:30:00+12:00,Muriwai 5kW + Batteries,1850.0,105.0,0.0,1710.0,100.0,0.15417,0.00875,0.0,0.1425
2026-09-08T13:35:00+12:00,Muriwai 5kW + Batteries,1358.0,100.0,0.0,1242.0,100.0,0.11317,0.00833,0.0,0.1035
2026-09-08T13:40:00+12:00,Muriwai 5kW + Batteries,1454.0,100.0,0.0,1507.0,100.0,0.12117,0.00833,0.0,0.12558
2026-09-08T13:45:00+12:00,Muriwai 5kW + Batteries,1176.0,99.0,0.0,1050.0,100.0,0.098,0.00825,0.0,0.0875
2026-09-08T13:50:00+12:00,Muriwai 5kW + Batteries,1377.0,99.0,0.0,1245.0,100.0,0.11475,0.00825,0.0,0.10375
2026-09-08T13:55:00+12:00,Muriwai 5kW + Batteries,1686.0,104.0,0.0,1574.0,100.0,0.1405,0.00867,0.0,0.13117
2026-09-08T14:00:00+12:00,Muriwai 5kW + Batteries,2275.0,113.0,0.0,75.0,100.0,0.18958,0.00942,0.0,0.00625
2026-09-08T14:05:00+12:00,Muriwai 5kW + Batteries,1745.0,117.0,162.0,0.0,100.0,0.14542,0.00975,0.0135,0.0
2026-09-08T14:10:00+12:00,Muriwai 5kW + Batteries,1589.0,101.0,0.0,1197.0,100.0,0.13242,0.00842,0.0,0.09975
2026-09-08T14:15:00+12:00,Muriwai 5kW + Batteries,1551.0,104.0,0.0,1395.0,100.0,0.12925,0.00867,0.0,0.11625
2026-09-08T14:20:00+12:00,Muriwai 5kW + Batteries,1624.0,106.0,0.0,1502.0,100.0,0.13533,0.00883,0.0,0.12517
2026-09-08T14:25:00+12:00,Muriwai 5kW + Batteries,1157.0,100.0,0.0,988.0,100.0,0.09642,0.00833,0.0,0.08233
2026-09-08T14:30:00+12:00,Muriwai 5kW + Batteries,1057.0,99.0,0.0,929.0,100.0,0.08808,0.00825,0.0,0.07742
2026-09-08T14:35:00+12:00,Muriwai 5kW + Batteries,1008.0,95.0,0.0,871.0,100.0,0.084,0.00792,0.0,0.07258
2026-09-08T14:40:00+12:00,Muriwai 5kW + Batteries,850.0,93.0,0.0,687.0,100.0,0.07083,0.00775,0.0,0.05725
2026-09-08T14:45:00+12:00,Muriwai 5kW + Batteries,906.0,93.0,0.0,789.0,100.0,0.0755,0.00775,0.0,0.06575
2026-09-08T14:50:00+12:00,Muriwai 5kW + Batteries,1049.0,95.0,0.0,893.0,100.0,0.08742,0.00792,0.0,0.07442
2026-09-08T14:55:00+12:00,Muriwai 5kW + Batteries,882.0,92.0,0.0,740.0,100.0,0.0735,0.00767,0.0,0.06167
2026-09-08T15:00:00+12:00,Muriwai 5kW + Batteries,877.0,91.0,0.0,742.0,100.0,0.07308,0.00758,0.0,0.06183
2026-09-08T15:05:00+12:00,Muriwai 5kW + Batteries,354.0,106.0,0.0,202.0,100.0,0.0295,0.00883,0.0,0.01683
2026-09-08T15:10:00+12:00,Muriwai 5kW + Batteries,376.0,104.0,0.0,239.0,100.0,0.03133,0.00867,0.0,0.01992
2026-09-08T15:15:00+12:00,Muriwai 5kW + Batteries,647.0,95.0,0.0,527.0,100.0,0.05392,0.00792,0.0,0.04392
2026-09-08T15:20:00+12:00,Muriwai 5kW + Batteries,969.0,93.0,0.0,810.0,100.0,0.08075,0.00775,0.0,0.0675
2026-09-08T15:25:00+12:00,Muriwai 5kW + Batteries,796.0,89.0,0.0,656.0,100.0,0.06633,0.00742,0.0,0.05467
2026-09-08T15:30:00+12:00,Muriwai 5kW + Batteries,731.0,91.0,0.0,600.0,100.0,0.06092,0.00758,0.0,0.05
2026-09-08T15:35:00+12:00,Muriwai 5kW + Batteries,686.0,91.0,0.0,569.0,100.0,0.05717,0.00758,0.0,0.04742
2026-09-08T15:40:00+12:00,Muriwai 5kW + Batteries,554.0,93.0,0.0,442.0,100.0,0.04617,0.00775,0.0,0.03683
2026-09-08T15:45:00+12:00,Muriwai 5kW + Batteries,567.0,94.0,0.0,445.0,100.0,0.04725,0.00783,0.0,0.03708
2026-09-08T15:50:00+12:00,Muriwai 5kW + Batteries,498.0,100.0,0.0,378.0,100.0,0.0415,0.00833,0.0,0.0315
2026-09-08T15:55:00+12:00,Muriwai 5kW + Batteries,517.0,100.0,0.0,401.0,100.0,0.04308,0.00833,0.0,0.03342
2026-09-08T16:00:00+12:00,Muriwai 5kW + Batteries,377.0,105.0,0.0,257.0,100.0,0.03142,0.00875,0.0,0.02142
2026-09-08T16:05:00+12:00,Muriwai 5kW + Batteries,286.0,108.0,0.0,147.0,100.0,0.02383,0.009,0.0,0.01225
2026-09-08T16:10:00+12:00,Muriwai 5kW + Batteries,279.0,110.0,0.0,152.0,100.0,0.02325,0.00917,0.0,0.01267
2026-09-08T16:15:00+12:00,Muriwai 5kW + Batteries,341.0,109.0,0.0,210.0,100.0,0.02842,0.00908,0.0,0.0175
2026-09-08T16:20:00+12:00,Muriwai 5kW + Batteries,290.0,112.0,0.0,144.0,100.0,0.02417,0.00933,0.0,0.012
2026-09-08T16:25:00+12:00,Muriwai 5kW + Batteries,346.0,113.0,0.0,222.0,100.0,0.02883,0.00942,0.0,0.0185
2026-09-08T16:30:00+12:00,Muriwai 5kW + Batteries,456.0,118.0,0.0,291.0,100.0,0.038,0.00983,0.0,0.02425
2026-09-08T16:35:00+12:00,Muriwai 5kW + Batteries,406.0,131.0,0.0,234.0,100.0,0.03383,0.01092,0.0,0.0195
2026-09-08T16:40:00+12:00,Muriwai 5kW + Batteries,351.0,140.0,0.0,187.0,100.0,0.02925,0.01167,0.0,0.01558
2026-09-08T16:45:00+12:00,Muriwai 5kW + Batteries,261.0,141.0,0.0,95.0,100.0,0.02175,0.01175,0.0,0.00792
2026-09-08T16:50:00+12:00,Muriwai 5kW + Batteries,234.0,140.0,0.0,73.0,100.0,0.0195,0.01167,0.0,0.00608
2026-09-08T16:55:00+12:00,Muriwai 5kW + Batteries,206.0,138.0,0.0,0.0,100.0,0.01717,0.0115,0.0,0.0
2026-09-08T17:00:00+12:00,Muriwai 5kW + Batteries,153.0,135.0,0.0,0.0,100.0,0.01275,0.01125,0.0,0.0
2026-09-08T17:05:00+12:00,Muriwai 5kW + Batteries,128.0,126.0,0.0,127.0,99.0,0.01067,0.0105,0.0,0.01058
2026-09-08T17:10:00+12:00,Muriwai 5kW + Batteries,94.0,129.0,0.0,0.0,99.0,0.00783,0.01075,0.0,0.0
2026-09-08T17:15:00+12:00,Muriwai 5kW + Batteries,76.0,127.0,0.0,0.0,99.0,0.00633,0.01058,0.0,0.0
2026-09-08T17:20:00+12:00,Muriwai 5kW + Batteries,36.0,129.0,0.0,0.0,99.0,0.003,0.01075,0.0,0.0
2026-09-08T17:25:00+12:00,Muriwai 5kW + Batteries,26.0,126.0,0.0,0.0,99.0,0.00217,0.0105,0.0,0.0
2026-09-08T17:30:00+12:00,Muriwai 5kW + Batteries,18.0,127.0,0.0,0.0,99.0,0.0015,0.01058,0.0,0.0
2026-09-08T17:35:00+12:00,Muriwai 5kW + Batteries,4.0,128.0,0.0,0.0,99.0,0.00033,0.01067,0.0,0.0
2026-09-08T17:40:00+12:00,Muriwai 5kW + Batteries,1.0,129.0,0.0,0.0,99.0,8e-05,0.01075,0.0,0.0
2026-09-08T17:45:00+12:00,Muriwai 5kW + Batteries,0.0,129.0,0.0,0.0,99.0,0.0,0.01075,0.0,0.0
2026-09-08T17:50:00+12:00,Muriwai 5kW + Batteries,0.0,134.0,0.0,0.0,99.0,0.0,0.01117,0.0,0.0
2026-09-08T17:55:00+12:00,Muriwai 5kW + Batteries,0.0,132.0,132.0,0.0,99.0,0.0,0.011,0.011,0.0
2026-09-08T18:00:00+12:00,Muriwai 5kW + Batteries,0.0,139.0,173.0,0.0,99.0,0.0,0.01158,0.01442,0.0
2026-09-08T18:05:00+12:00,Muriwai 5kW + Batteries,0.0,141.0,191.0,0.0,99.0,0.0,0.01175,0.01592,0.0
2026-09-08T18:10:00+12:00,Muriwai 5kW + Batteries,0.0,136.0,136.0,0.0,99.0,0.0,0.01133,0.01133,0.0
2026-09-08T18:15:00+12:00,Muriwai 5kW + Batteries,0.0,142.0,190.0,0.0,99.0,0.0,0.01183,0.01583,0.0
2026-09-08T18:20:00+12:00,Muriwai 5kW + Batteries,0.0,142.0,192.0,0.0,99.0,0.0,0.01183,0.016,0.0
2026-09-08T18:25:00+12:00,Muriwai 5kW + Batteries,0.0,140.0,189.0,0.0,99.0,0.0,0.01167,0.01575,0.0
2026-09-08T18:30:00+12:00,Muriwai 5kW + Batteries,0.0,142.0,192.0,0.0,99.0,0.0,0.01183,0.016,0.0
2026-09-08T18:35:00+12:00,Muriwai 5kW + Batteries,0.0,144.0,195.0,0.0,99.0,0.0,0.012,0.01625,0.0
2026-09-08T18:40:00+12:00,Muriwai 5kW + Batteries,0.0,143.0,191.0,0.0,99.0,0.0,0.01192,0.01592,0.0
2026-09-08T18:45:00+12:00,Muriwai 5kW + Batteries,0.0,143.0,192.0,0.0,99.0,0.0,0.01192,0.016,0.0
2026-09-08T18:50:00+12:00,Muriwai 5kW + Batteries,0.0,143.0,183.0,0.0,99.0,0.0,0.01192,0.01525,0.0
2026-09-08T18:55:00+12:00,Muriwai 5kW + Batteries,0.0,143.0,189.0,0.0,99.0,0.0,0.01192,0.01575,0.0
2026-09-08T19:00:00+12:00,Muriwai 5kW + Batteries,0.0,142.0,193.0,0.0,99.0,0.0,0.01183,0.01608,0.0
2026-09-08T19:05:00+12:00,Muriwai 5kW + Batteries,0.0,143.0,187.0,0.0,99.0,0.0,0.01192,0.01558,0.0
2026-09-08T19:10:00+12:00,Muriwai 5kW + Batteries,0.0,140.0,191.0,0.0,99.0,0.0,0.01167,0.01592,0.0
2026-09-08T19:15:00+12:00,Muriwai 5kW + Batteries,0.0,139.0,153.0,0.0,99.0,0.0,0.01158,0.01275,0.0
2026-09-08T19:20:00+12:00,Muriwai 5kW + Batteries,0.0,142.0,192.0,0.0,99.0,0.0,0.01183,0.016,0.0
2026-09-08T19:25:00+12:00,Muriwai 5kW + Batteries,0.0,142.0,191.0,0.0,99.0,0.0,0.01183,0.01592,0.0
2026-09-08T19:30:00+12:00,Muriwai 5kW + Batteries,0.0,145.0,195.0,0.0,99.0,0.0,0.01208,0.01625,0.0
2026-09-08T19:35:00+12:00,Muriwai 5kW + Batteries,0.0,144.0,194.0,0.0,99.0,0.0,0.012,0.01617,0.0
2026-09-08T19:40:00+12:00,Muriwai 5kW + Batteries,0.0,144.0,195.0,0.0,99.0,0.0,0.012,0.01625,0.0
2026-09-08T19:45:00+12:00,Muriwai 5kW + Batteries,0.0,146.0,184.0,0.0,99.0,0.0,0.01217,0.01533,0.0
2026-09-08T19:50:00+12:00,Muriwai 5kW + Batteries,0.0,149.0,199.0,0.0,99.0,0.0,0.01242,0.01658,0.0
2026-09-08T19:55:00+12:00,Muriwai 5kW + Batteries,0.0,149.0,198.0,0.0,99.0,0.0,0.01242,0.0165,0.0
2026-09-08T20:00:00+12:00,Muriwai 5kW + Batteries,0.0,151.0,200.0,0.0,99.0,0.0,0.01258,0.01667,0.0
2026-09-08T20:05:00+12:00,Muriwai 5kW + Batteries,0.0,153.0,203.0,0.0,99.0,0.0,0.01275,0.01692,0.0
2026-09-08T20:10:00+12:00,Muriwai 5kW + Batteries,0.0,152.0,203.0,0.0,99.0,0.0,0.01267,0.01692,0.0
2026-09-08T20:15:00+12:00,Muriwai 5kW + Batteries,0.0,149.0,197.0,0.0,99.0,0.0,0.01242,0.01642,0.0
2026-09-08T20:20:00+12:00,Muriwai 5kW + Batteries,0.0,148.0,199.0,0.0,99.0,0.0,0.01233,0.01658,0.0
2026-09-08T20:25:00+12:00,Muriwai 5kW + Batteries,0.0,157.0,206.0,0.0,99.0,0.0,0.01308,0.01717,0.0
2026-09-08T20:30:00+12:00,Muriwai 5kW + Batteries,0.0,159.0,210.0,0.0,99.0,0.0,0.01325,0.0175,0.0
2026-09-08T20:35:00+12:00,Muriwai 5kW + Batteries,0.0,163.0,205.0,0.0,99.0,0.0,0.01358,0.01708,0.0
2026-09-08T20:40:00+12:00,Muriwai 5kW + Batteries,0.0,164.0,212.0,0.0,99.0,0.0,0.01367,0.01767,0.0
2026-09-08T20:45:00+12:00,Muriwai 5kW + Batteries,0.0,163.0,213.0,0.0,99.0,0.0,0.01358,0.01775,0.0
2026-09-08T20:50:00+12:00,Muriwai 5kW + Batteries,0.0,165.0,215.0,0.0,99.0,0.0,0.01375,0.01792,0.0
2026-09-08T20:55:00+12:00,Muriwai 5kW + Batteries,0.0,163.0,211.0,0.0,99.0,0.0,0.01358,0.01758,0.0
2026-09-08T21:00:00+12:00,Muriwai 5kW + Batteries,0.0,164.0,213.0,0.0,99.0,0.0,0.01367,0.01775,0.0
2026-09-08T21:05:00+12:00,Muriwai 5kW + Batteries,0.0,161.0,0.0,0.0,99.0,0.0,0.01342,0.0,0.0
2026-09-08T21:10:00+12:00,Muriwai 5kW + Batteries,0.0,165.0,0.0,0.0,99.0,0.0,0.01375,0.0,0.0
2026-09-08T21:15:00+12:00,Muriwai 5kW + Batteries,0.0,164.0,0.0,0.0,99.0,0.0,0.01367,0.0,0.0
2026-09-08T21:20:00+12:00,Muriwai 5kW + Batteries,0.0,163.0,0.0,0.0,99.0,0.0,0.01358,0.0,0.0
2026-09-08T21:25:00+12:00,Muriwai 5kW + Batteries,0.0,163.0,0.0,0.0,99.0,0.0,0.01358,0.0,0.0
2026-09-08T21:30:00+12:00,Muriwai 5kW + Batteries,0.0,163.0,0.0,0.0,99.0,0.0,0.01358,0.0,0.0
2026-09-08T21:35:00+12:00,Muriwai 5kW + Batteries,0.0,163.0,0.0,0.0,99.0,0.0,0.01358,0.0,0.0
2026-09-08T21:40:00+12:00,Muriwai 5kW + Batteries,0.0,160.0,0.0,0.0,98.0,0.0,0.01333,0.0,0.0
2026-09-08T21:45:00+12:00,Muriwai 5kW + Batteries,0.0,162.0,0.0,0.0,98.0,0.0,0.0135,0.0,0.0
2026-09-08T21:50:00+12:00,Muriwai 5kW + Batteries,0.0,167.0,0.0,0.0,98.0,0.0,0.01392,0.0,0.0
2026-09-08T21:55:00+12:00,Muriwai 5kW + Batteries,0.0,167.0,0.0,0.0,98.0,0.0,0.01392,0.0,0.0
2026-09-08T22:00:00+12:00,Muriwai 5kW + Batteries,0.0,167.0,0.0,0.0,98.0,0.0,0.01392,0.0,0.0
2026-09-08T22:05:00+12:00,Muriwai 5kW + Batteries,0.0,168.0,0.0,0.0,98.0,0.0,0.014,0.0,0.0
2026-09-08T22:10:00+12:00,Muriwai 5kW + Batteries,0.0,168.0,0.0,0.0,98.0,0.0,0.014,0.0,0.0
2026-09-08T22:15:00+12:00,Muriwai 5kW + Batteries,0.0,170.0,0.0,0.0,98.0,0.0,0.01417,0.0,0.0
2026-09-08T22:20:00+12:00,Muriwai 5kW + Batteries,0.0,170.0,0.0,0.0,98.0,0.0,0.01417,0.0,0.0
2026-09-08T22:25:00+12:00,Muriwai 5kW + Batteries,0.0,170.0,0.0,0.0,98.0,0.0,0.01417,0.0,0.0
2026-09-08T22:30:00+12:00,Muriwai 5kW + Batteries,0.0,169.0,0.0,0.0,97.0,0.0,0.01408,0.0,0.0
2026-09-08T22:35:00+12:00,Muriwai 5kW + Batteries,0.0,169.0,0.0,0.0,97.0,0.0,0.01408,0.0,0.0
2026-09-08T22:40:00+12:00,Muriwai 5kW + Batteries,0.0,170.0,0.0,0.0,97.0,0.0,0.01417,0.0,0.0
2026-09-08T22:45:00+12:00,Muriwai 5kW + Batteries,0.0,170.0,0.0,0.0,97.0,0.0,0.01417,0.0,0.0
2026-09-08T22:50:00+12:00,Muriwai 5kW + Batteries,0.0,169.0,0.0,0.0,97.0,0.0,0.01408,0.0,0.0
2026-09-08T22:55:00+12:00,Muriwai 5kW + Batteries,0.0,173.0,0.0,0.0,97.0,0.0,0.01442,0.0,0.0
2026-09-08T23:00:00+12:00,Muriwai 5kW + Batteries,0.0,175.0,0.0,0.0,97.0,0.0,0.01458,0.0,0.0
2026-09-08T23:05:00+12:00,Muriwai 5kW + Batteries,0.0,175.0,0.0,0.0,97.0,0.0,0.01458,0.0,0.0
2026-09-08T23:10:00+12:00,Muriwai 5kW + Batteries,0.0,176.0,0.0,0.0,97.0,0.0,0.01467,0.0,0.0
2026-09-08T23:15:00+12:00,Muriwai 5kW + Batteries,0.0,176.0,0.0,0.0,96.0,0.0,0.01467,0.0,0.0
2026-09-08T23:20:00+12:00,Muriwai 5kW + Batteries,0.0,175.0,0.0,0.0,96.0,0.0,0.01458,0.0,0.0
2026-09-08T23:25:00+12:00,Muriwai 5kW + Batteries,0.0,176.0,0.0,0.0,96.0,0.0,0.01467,0.0,0.0
2026-09-08T23:30:00+12:00,Muriwai 5kW + Batteries,0.0,181.0,0.0,0.0,96.0,0.0,0.01508,0.0,0.0
2026-09-08T23:35:00+12:00,Muriwai 5kW + Batteries,0.0,172.0,0.0,0.0,96.0,0.0,0.01433,0.0,0.0
2026-09-08T23:40:00+12:00,Muriwai 5kW + Batteries,0.0,173.0,0.0,0.0,96.0,0.0,0.01442,0.0,0.0
2026-09-08T23:45:00+12:00,Muriwai 5kW + Batteries,0.0,176.0,0.0,0.0,96.0,0.0,0.01467,0.0,0.0
2026-09-08T23:50:00+12:00,Muriwai 5kW + Batteries,0.0,177.0,0.0,0.0,96.0,0.0,0.01475,0.0,0.0
2026-09-08T23:55:00+12:00,Muriwai 5kW + Batteries,0.0,174.0,0.0,0.0,96.0,0.0,0.0145,0.0,0.0
2026-09-09T00:00:00+12:00,Muriwai 5kW + Batteries,0.0,174.0,0.0,0.0,95.0,0.0,0.0145,0.0,0.0
2026-09-09T00:05:00+12:00,Muriwai 5kW + Batteries,0.0,175.0,0.0,0.0,95.0,0.0,0.01458,0.0,0.0
2026-09-09T00:10:00+12:00,Muriwai 5kW + Batteries,0.0,175.0,0.0,0.0,95.0,0.0,0.01458,0.0,0.0
2026-09-09T00:15:00+12:00,Muriwai 5kW + Batteries,0.0,176.0,0.0,0.0,95.0,0.0,0.01467,0.0,0.0
2026-09-09T00:20:00+12:00,Muriwai 5kW + Batteries,0.0,178.0,0.0,0.0,95.0,0.0,0.01483,0.0,0.0
2026-09-09T00:25:00+12:00,Muriwai 5kW + Batteries,0.0,178.0,0.0,0.0,95.0,0.0,0.01483,0.0,0.0
2026-09-09T00:30:00+12:00,Muriwai 5kW + Batteries,0.0,177.0,0.0,0.0,95.0,0.0,0.01475,0.0,0.0
2026-09-09T00:35:00+12:00,Muriwai 5kW + Batteries,0.0,176.0,0.0,0.0,95.0,0.0,0.01467,0.0,0.0
2026-09-09T00:40:00+12:00,Muriwai 5kW + Batteries,0.0,176.0,0.0,0.0,95.0,0.0,0.01467,0.0,0.0
2026-09-09T00:45:00+12:00,Muriwai 5kW + Batteries,0.0,178.0,0.0,0.0,94.0,0.0,0.01483,0.0,0.0
2026-09-09T00:50:00+12:00,Muriwai 5kW + Batteries,0.0,177.0,0.0,0.0,94.0,0.0,0.01475,0.0,0.0
2026-09-09T00:55:00+12:00,Muriwai 5kW + Batteries,0.0,178.0,0.0,0.0,94.0,0.0,0.01483,0.0,0.0
2026-09-09T01:00:00+12:00,Muriwai 5kW + Batteries,0.0,180.0,0.0,0.0,94.0,0.0,0.015,0.0,0.0
2026-09-09T01:05:00+12:00,Muriwai 5kW + Batteries,0.0,180.0,0.0,0.0,94.0,0.0,0.015,0.0,0.0
2026-09-09T01:10:00+12:00,Muriwai 5kW + Batteries,0.0,181.0,0.0,0.0,94.0,0.0,0.01508,0.0,0.0
2026-09-09T01:15:00+12:00,Muriwai 5kW + Batteries,0.0,181.0,0.0,0.0,94.0,0.0,0.01508,0.0,0.0
2026-09-09T01:20:00+12:00,Muriwai 5kW + Batteries,0.0,179.0,0.0,0.0,94.0,0.0,0.01492,0.0,0.0
2026-09-09T01:25:00+12:00,Muriwai 5kW + Batteries,0.0,181.0,0.0,0.0,94.0,0.0,0.01508,0.0,0.0
2026-09-09T01:30:00+12:00,Muriwai 5kW + Batteries,0.0,180.0,0.0,0.0,93.0,0.0,0.015,0.0,0.0
2026-09-09T01:35:00+12:00,Muriwai 5kW + Batteries,0.0,178.0,0.0,0.0,93.0,0.0,0.01483,0.0,0.0
2026-09-09T01:40:00+12:00,Muriwai 5kW + Batteries,0.0,177.0,0.0,0.0,93.0,0.0,0.01475,0.0,0.0
2026-09-09T01:45:00+12:00,Muriwai 5kW + Batteries,0.0,178.0,0.0,0.0,93.0,0.0,0.01483,0.0,0.0
2026-09-09T01:50:00+12:00,Muriwai 5kW + Batteries,0.0,178.0,0.0,0.0,93.0,0.0,0.01483,0.0,0.0
2026-09-09T01:55:00+12:00,Muriwai 5kW + Batteries,0.0,180.0,0.0,0.0,93.0,0.0,0.015,0.0,0.0
2026-09-09T02:00:00+12:00,Muriwai 5kW + Batteries,0.0,180.0,0.0,0.0,93.0,0.0,0.015,0.0,0.0
2026-09-09T02:05:00+12:00,Muriwai 5kW + Batteries,0.0,179.0,0.0,0.0,93.0,0.0,0.01492,0.0,0.0
2026-09-09T02:10:00+12:00,Muriwai 5kW + Batteries,0.0,178.0,0.0,0.0,93.0,0.0,0.01483,0.0,0.0
2026-09-09T02:15:00+12:00,Muriwai 5kW + Batteries,0.0,178.0,0.0,0.0,92.0,0.0,0.01483,0.0,0.0
2026-09-09T02:20:00+12:00,Muriwai 5kW + Batteries,0.0,181.0,0.0,0.0,92.0,0.0,0.01508,0.0,0.0
2026-09-09T02:25:00+12:00,Muriwai 5kW + Batteries,0.0,180.0,0.0,0.0,92.0,0.0,0.015,0.0,0.0
2026-09-09T02:30:00+12:00,Muriwai 5kW + Batteries,0.0,181.0,0.0,0.0,92.0,0.0,0.01508,0.0,0.0
2026-09-09T02:35:00+12:00,Muriwai 5kW + Batteries,0.0,181.0,0.0,0.0,92.0,0.0,0.01508,0.0,0.0
2026-09-09T02:40:00+12:00,Muriwai 5kW + Batteries,0.0,181.0,0.0,0.0,92.0,0.0,0.01508,0.0,0.0
2026-09-09T02:45:00+12:00,Muriwai 5kW + Batteries,0.0,180.0,0.0,0.0,92.0,0.0,0.015,0.0,0.0
2026-09-09T02:50:00+12:00,Muriwai 5kW + Batteries,0.0,180.0,0.0,0.0,92.0,0.0,0.015,0.0,0.0
2026-09-09T02:55:00+12:00,Muriwai 5kW + Batteries,0.0,180.0,0.0,0.0,91.0,0.0,0.015,0.0,0.0
2026-09-09T03:00:00+12:00,Muriwai 5kW + Batteries,0.0,176.0,0.0,0.0,91.0,0.0,0.01467,0.0,0.0
2026-09-09T03:05:00+12:00,Muriwai 5kW + Batteries,0.0,176.0,0.0,0.0,91.0,0.0,0.01467,0.0,0.0
2026-09-09T03:10:00+12:00,Muriwai 5kW + Batteries,0.0,179.0,0.0,0.0,91.0,0.0,0.01492,0.0,0.0
2026-09-09T03:15:00+12:00,Muriwai 5kW + Batteries,0.0,180.0,0.0,0.0,91.0,0.0,0.015,0.0,0.0
2026-09-09T03:20:00+12:00,Muriwai 5kW + Batteries,0.0,180.0,0.0,0.0,91.0,0.0,0.015,0.0,0.0
2026-09-09T03:25:00+12:00,Muriwai 5kW + Batteries,0.0,177.0,0.0,0.0,91.0,0.0,0.01475,0.0,0.0
2026-09-09T03:30:00+12:00,Muriwai 5kW + Batteries,0.0,180.0,0.0,0.0,91.0,0.0,0.015,0.0,0.0
2026-09-09T03:35:00+12:00,Muriwai 5kW + Batteries,0.0,181.0,0.0,0.0,91.0,0.0,0.01508,0.0,0.0
2026-09-09T03:40:00+12:00,Muriwai 5kW + Batteries,0.0,179.0,0.0,0.0,91.0,0.0,0.01492,0.0,0.0
2026-09-09T03:45:00+12:00,Muriwai 5kW + Batteries,0.0,180.0,0.0,0.0,90.0,0.0,0.015,0.0,0.0
2026-09-09T03:50:00+12:00,Muriwai 5kW + Batteries,0.0,180.0,0.0,0.0,90.0,0.0,0.015,0.0,0.0
2026-09-09T03:55:00+12:00,Muriwai 5kW + Batteries,0.0,181.0,0.0,0.0,90.0,0.0,0.01508,0.0,0.0
2026-09-09T04:00:00+12:00,Muriwai 5kW + Batteries,0.0,180.0,0.0,0.0,90.0,0.0,0.015,0.0,0.0
2026-09-09T04:05:00+12:00,Muriwai 5kW + Batteries,0.0,179.0,0.0,0.0,90.0,0.0,0.01492,0.0,0.0
2026-09-09T04:10:00+12:00,Muriwai 5kW + Batteries,0.0,176.0,0.0,0.0,90.0,0.0,0.01467,0.0,0.0
2026-09-09T04:15:00+12:00,Muriwai 5kW + Batteries,0.0,176.0,0.0,0.0,90.0,0.0,0.01467,0.0,0.0
2026-09-09T04:20:00+12:00,Muriwai 5kW + Batteries,0.0,176.0,0.0,0.0,90.0,0.0,0.01467,0.0,0.0
2026-09-09T04:25:00+12:00,Muriwai 5kW + Batteries,0.0,177.0,0.0,0.0,90.0,0.0,0.01475,0.0,0.0
2026-09-09T04:30:00+12:00,Muriwai 5kW + Batteries,0.0,178.0,0.0,0.0,89.0,0.0,0.01483,0.0,0.0
2026-09-09T04:35:00+12:00,Muriwai 5kW + Batteries,0.0,178.0,0.0,0.0,89.0,0.0,0.01483,0.0,0.0
2026-09-09T04:40:00+12:00,Muriwai 5kW + Batteries,0.0,178.0,0.0,0.0,89.0,0.0,0.01483,0.0,0.0
2026-09-09T04:45:00+12:00,Muriwai 5kW + Batteries,0.0,179.0,0.0,0.0,89.0,0.0,0.01492,0.0,0.0
2026-09-09T04:50:00+12:00,Muriwai 5kW + Batteries,0.0,183.0,0.0,0.0,89.0,0.0,0.01525,0.0,0.0
2026-09-09T04:55:00+12:00,Muriwai 5kW + Batteries,0.0,182.0,0.0,0.0,89.0,0.0,0.01517,0.0,0.0
2026-09-09T05:00:00+12:00,Muriwai 5kW + Batteries,0.0,183.0,0.0,0.0,89.0,0.0,0.01525,0.0,0.0
2026-09-09T05:05:00+12:00,Muriwai 5kW + Batteries,0.0,181.0,0.0,0.0,89.0,0.0,0.01508,0.0,0.0
2026-09-09T05:10:00+12:00,Muriwai 5kW + Batteries,0.0,184.0,0.0,0.0,88.0,0.0,0.01533,0.0,0.0
2026-09-09T05:15:00+12:00,Muriwai 5kW + Batteries,0.0,182.0,0.0,0.0,88.0,0.0,0.01517,0.0,0.0
2026-09-09T05:20:00+12:00,Muriwai 5kW + Batteries,0.0,183.0,0.0,0.0,88.0,0.0,0.01525,0.0,0.0
2026-09-09T05:25:00+12:00,Muriwai 5kW + Batteries,0.0,181.0,0.0,0.0,88.0,0.0,0.01508,0.0,0.0
2026-09-09T05:30:00+12:00,Muriwai 5kW + Batteries,0.0,182.0,0.0,0.0,88.0,0.0,0.01517,0.0,0.0
2026-09-09T05:35:00+12:00,Muriwai 5kW + Batteries,0.0,184.0,0.0,0.0,88.0,0.0,0.01533,0.0,0.0
2026-09-09T05:40:00+12:00,Muriwai 5kW + Batteries,0.0,183.0,0.0,0.0,88.0,0.0,0.01525,0.0,0.0
2026-09-09T05:45:00+12:00,Muriwai 5kW + Batteries,0.0,179.0,0.0,0.0,88.0,0.0,0.01492,0.0,0.0
2026-09-09T05:50:00+12:00,Muriwai 5kW + Batteries,0.0,181.0,0.0,0.0,88.0,0.0,0.01508,0.0,0.0
2026-09-09T05:55:00+12:00,Muriwai 5kW + Batteries,0.0,179.0,0.0,0.0,87.0,0.0,0.01492,0.0,0.0
2026-09-09T06:00:00+12:00,Muriwai 5kW + Batteries,0.0,175.0,0.0,0.0,87.0,0.0,0.01458,0.0,0.0
2026-09-09T06:05:00+12:00,Muriwai 5kW + Batteries,0.0,177.0,0.0,0.0,87.0,0.0,0.01475,0.0,0.0
2026-09-09T06:10:00+12:00,Muriwai 5kW + Batteries,0.0,175.0,0.0,0.0,87.0,0.0,0.01458,0.0,0.0
2026-09-09T06:15:00+12:00,Muriwai 5kW + Batteries,0.0,178.0,0.0,0.0,87.0,0.0,0.01483,0.0,0.0
2026-09-09T06:20:00+12:00,Muriwai 5kW + Batteries,2.0,175.0,0.0,0.0,87.0,0.00017,0.01458,0.0,0.0
2026-09-09T06:25:00+12:00,Muriwai 5kW + Batteries,33.0,176.0,0.0,0.0,87.0,0.00275,0.01467,0.0,0.0
2026-09-09T06:30:00+12:00,Muriwai 5kW + Batteries,74.0,178.0,0.0,0.0,87.0,0.00617,0.01483,0.0,0.0
2026-09-09T06:35:00+12:00,Muriwai 5kW + Batteries,87.0,177.0,0.0,0.0,87.0,0.00725,0.01475,0.0,0.0
2026-09-09T06:40:00+12:00,Muriwai 5kW + Batteries,131.0,174.0,0.0,0.0,87.0,0.01092,0.0145,0.0,0.0
2026-09-09T06:45:00+12:00,Muriwai 5kW + Batteries,232.0,179.0,0.0,0.0,87.0,0.01933,0.01492,0.0,0.0
2026-09-09T06:50:00+12:00,Muriwai 5kW + Batteries,378.0,180.0,0.0,0.0,87.0,0.0315,0.015,0.0,0.0
2026-09-09T06:55:00+12:00,Muriwai 5kW + Batteries,448.0,177.0,0.0,0.0,87.0,0.03733,0.01475,0.0,0.0
2026-09-09T07:00:00+12:00,Muriwai 5kW + Batteries,173.0,181.0,0.0,0.0,87.0,0.01442,0.01508,0.0,0.0
2026-09-09T07:05:00+12:00,Muriwai 5kW + Batteries,204.0,178.0,0.0,0.0,87.0,0.017,0.01483,0.0,0.0
2026-09-09T07:10:00+12:00,Muriwai 5kW + Batteries,843.0,178.0,0.0,0.0,87.0,0.07025,0.01483,0.0,0.0
2026-09-09T07:15:00+12:00,Muriwai 5kW + Batteries,1589.0,180.0,0.0,0.0,88.0,0.13242,0.015,0.0,0.0
2026-09-09T07:20:00+12:00,Muriwai 5kW + Batteries,654.0,177.0,0.0,0.0,88.0,0.0545,0.01475,0.0,0.0
2026-09-09T07:25:00+12:00,Muriwai 5kW + Batteries,1830.0,181.0,0.0,0.0,89.0,0.1525,0.01508,0.0,0.0
2026-09-09T07:30:00+12:00,Muriwai 5kW + Batteries,442.0,175.0,0.0,0.0,89.0,0.03683,0.01458,0.0,0.0
2026-09-09T07:35:00+12:00,Muriwai 5kW + Batteries,333.0,180.0,0.0,0.0,89.0,0.02775,0.015,0.0,0.0
2026-09-09T07:40:00+12:00,Muriwai 5kW + Batteries,456.0,176.0,0.0,0.0,89.0,0.038,0.01467,0.0,0.0
2026-09-09T07:45:00+12:00,Muriwai 5kW + Batteries,2102.0,180.0,0.0,0.0,90.0,0.17517,0.015,0.0,0.0
2026-09-09T07:50:00+12:00,Muriwai 5kW + Batteries,2144.0,181.0,0.0,0.0,92.0,0.17867,0.01508,0.0,0.0
2026-09-09T07:55:00+12:00,Muriwai 5kW + Batteries,2205.0,181.0,0.0,0.0,92.0,0.18375,0.01508,0.0,0.0
2026-09-09T08:00:00+12:00,Muriwai 5kW + Batteries,2274.0,182.0,0.0,0.0,94.0,0.1895,0.01517,0.0,0.0
2026-09-09T08:05:00+12:00,Muriwai 5kW + Batteries,2456.0,180.0,0.0,0.0,95.0,0.20467,0.015,0.0,0.0
2026-09-09T08:10:00+12:00,Muriwai 5kW + Batteries,2714.0,181.0,0.0,0.0,96.0,0.22617,0.01508,0.0,0.0
2026-09-09T08:15:00+12:00,Muriwai 5kW + Batteries,2252.0,181.0,0.0,0.0,98.0,0.18767,0.01508,0.0,0.0
2026-09-09T08:20:00+12:00,Muriwai 5kW + Batteries,1416.0,181.0,0.0,0.0,98.0,0.118,0.01508,0.0,0.0
2026-09-09T08:25:00+12:00,Muriwai 5kW + Batteries,3252.0,186.0,0.0,0.0,99.0,0.271,0.0155,0.0,0.0
2026-09-09T08:30:00+12:00,Muriwai 5kW + Batteries,1304.0,182.0,0.0,0.0,100.0,0.10867,0.01517,0.0,0.0
2026-09-09T08:35:00+12:00,Muriwai 5kW + Batteries,2073.0,185.0,0.0,0.0,100.0,0.17275,0.01542,0.0,0.0
2026-09-09T08:40:00+12:00,Muriwai 5kW + Batteries,1293.0,195.0,0.0,0.0,100.0,0.10775,0.01625,0.0,0.0
2026-09-09T08:45:00+12:00,Muriwai 5kW + Batteries,1145.0,170.0,0.0,834.0,100.0,0.09542,0.01417,0.0,0.0695
2026-09-09T08:50:00+12:00,Muriwai 5kW + Batteries,1225.0,172.0,0.0,1068.0,99.0,0.10208,0.01433,0.0,0.089
2026-09-09T08:55:00+12:00,Muriwai 5kW + Batteries,1362.0,181.0,0.0,1171.0,99.0,0.1135,0.01508,0.0,0.09758
2026-09-09T09:00:00+12:00,Muriwai 5kW + Batteries,1442.0,180.0,0.0,1267.0,99.0,0.12017,0.015,0.0,0.10558
2026-09-09T09:05:00+12:00,Muriwai 5kW + Batteries,2305.0,181.0,0.0,2259.0,100.0,0.19208,0.01508,0.0,0.18825
2026-09-09T09:10:00+12:00,Muriwai 5kW + Batteries,1153.0,179.0,0.0,948.0,100.0,0.09608,0.01492,0.0,0.079
2026-09-09T09:15:00+12:00,Muriwai 5kW + Batteries,2798.0,194.0,0.0,2736.0,99.0,0.23317,0.01617,0.0,0.228
2026-09-09T09:20:00+12:00,Muriwai 5kW + Batteries,2027.0,186.0,0.0,1893.0,99.0,0.16892,0.0155,0.0,0.15775
2026-09-09T09:30:00+12:00,Muriwai 5kW + Batteries,1656.0,184.0,0.0,1475.0,99.0,0.138,0.01533,0.0,0.12292
2026-09-09T09:35:00+12:00,Muriwai 5kW + Batteries,1535.0,177.0,0.0,1337.0,100.0,0.12792,0.01475,0.0,0.11142
2026-09-09T09:40:00+12:00,Muriwai 5kW + Batteries,2073.0,184.0,0.0,1902.0,99.0,0.17275,0.01533,0.0,0.1585
2026-09-09T09:45:00+12:00,Muriwai 5kW + Batteries,3115.0,181.0,0.0,2335.0,100.0,0.25958,0.01508,0.0,0.19458
2026-09-09T09:50:00+12:00,Muriwai 5kW + Batteries,1913.0,178.0,0.0,1739.0,99.0,0.15942,0.01483,0.0,0.14492
2026-09-09T09:55:00+12:00,Muriwai 5kW + Batteries,2295.0,176.0,0.0,2046.0,99.0,0.19125,0.01467,0.0,0.1705
2026-09-09T10:00:00+12:00,Muriwai 5kW + Batteries,3521.0,183.0,0.0,3320.0,100.0,0.29342,0.01525,0.0,0.27667
2026-09-09T10:05:00+12:00,Muriwai 5kW + Batteries,3379.0,182.0,0.0,3314.0,100.0,0.28158,0.01517,0.0,0.27617
2026-09-09T10:10:00+12:00,Muriwai 5kW + Batteries,3221.0,174.0,0.0,3006.0,99.0,0.26842,0.0145,0.0,0.2505
2026-09-09T10:15:00+12:00,Muriwai 5kW + Batteries,3278.0,155.0,0.0,2605.0,100.0,0.27317,0.01292,0.0,0.21708
2026-09-09T10:20:00+12:00,Muriwai 5kW + Batteries,2960.0,149.0,0.0,2921.0,100.0,0.24667,0.01242,0.0,0.24342
2026-09-09T10:25:00+12:00,Muriwai 5kW + Batteries,1653.0,135.0,0.0,1461.0,99.0,0.13775,0.01125,0.0,0.12175
2026-09-09T10:30:00+12:00,Muriwai 5kW + Batteries,1469.0,128.0,0.0,1309.0,99.0,0.12242,0.01067,0.0,0.10908
2026-09-09T10:35:00+12:00,Muriwai 5kW + Batteries,1386.0,127.0,0.0,1229.0,99.0,0.1155,0.01058,0.0,0.10242
2026-09-09T10:40:00+12:00,Muriwai 5kW + Batteries,2002.0,130.0,0.0,1889.0,99.0,0.16683,0.01083,0.0,0.15742
2026-09-09T10:45:00+12:00,Muriwai 5kW + Batteries,3503.0,145.0,0.0,3315.0,99.0,0.29192,0.01208,0.0,0.27625
2026-09-09T10:50:00+12:00,Muriwai 5kW + Batteries,3261.0,136.0,0.0,3088.0,100.0,0.27175,0.01133,0.0,0.25733
2026-09-09T10:55:00+12:00,Muriwai 5kW + Batteries,3015.0,124.0,0.0,2853.0,100.0,0.25125,0.01033,0.0,0.23775
2026-09-09T11:00:00+12:00,Muriwai 5kW + Batteries,2976.0,119.0,0.0,2833.0,100.0,0.248,0.00992,0.0,0.23608
2026-09-09T11:05:00+12:00,Muriwai 5kW + Batteries,2972.0,112.0,0.0,2828.0,100.0,0.24767,0.00933,0.0,0.23567
2026-09-09T11:10:00+12:00,Muriwai 5kW + Batteries,2903.0,106.0,0.0,2632.0,100.0,0.24192,0.00883,0.0,0.21933
2026-09-09T11:15:00+12:00,Muriwai 5kW + Batteries,2952.0,112.0,0.0,2814.0,100.0,0.246,0.00933,0.0,0.2345
2026-09-09T11:20:00+12:00,Muriwai 5kW + Batteries,2938.0,113.0,0.0,2793.0,100.0,0.24483,0.00942,0.0,0.23275
2026-09-09T11:25:00+12:00,Muriwai 5kW + Batteries,2922.0,112.0,0.0,2787.0,100.0,0.2435,0.00933,0.0,0.23225
2026-09-09T11:30:00+12:00,Muriwai 5kW + Batteries,2908.0,113.0,0.0,2766.0,100.0,0.24233,0.00942,0.0,0.2305
2026-09-09T11:35:00+12:00,Muriwai 5kW + Batteries,2900.0,117.0,0.0,2753.0,100.0,0.24167,0.00975,0.0,0.22942
2026-09-09T11:40:00+12:00,Muriwai 5kW + Batteries,2888.0,115.0,0.0,2752.0,100.0,0.24067,0.00958,0.0,0.22933
2026-09-09T11:50:00+12:00,Muriwai 5kW + Batteries,2871.0,114.0,0.0,2728.0,100.0,0.23925,0.0095,0.0,0.22733
2026-09-09T11:55:00+12:00,Muriwai 5kW + Batteries,2835.0,114.0,0.0,2690.0,100.0,0.23625,0.0095,0.0,0.22417
2026-09-09T12:00:00+12:00,Muriwai 5kW + Batteries,2817.0,112.0,0.0,2672.0,100.0,0.23475,0.00933,0.0,0.22267
2026-09-09T12:05:00+12:00,Muriwai 5kW + Batteries,2832.0,113.0,0.0,2692.0,100.0,0.236,0.00942,0.0,0.22433
2026-09-09T12:10:00+12:00,Muriwai 5kW + Batteries,2817.0,112.0,0.0,2669.0,100.0,0.23475,0.00933,0.0,0.22242
2026-09-09T12:15:00+12:00,Muriwai 5kW + Batteries,2722.0,113.0,0.0,2577.0,100.0,0.22683,0.00942,0.0,0.21475
2026-09-09T12:20:00+12:00,Muriwai 5kW + Batteries,2662.0,110.0,0.0,2527.0,100.0,0.22183,0.00917,0.0,0.21058
2026-09-09T12:25:00+12:00,Muriwai 5kW + Batteries,2602.0,109.0,0.0,2461.0,100.0,0.21683,0.00908,0.0,0.20508
2026-09-09T12:30:00+12:00,Muriwai 5kW + Batteries,2587.0,111.0,0.0,2444.0,100.0,0.21558,0.00925,0.0,0.20367
2026-09-09T12:35:00+12:00,Muriwai 5kW + Batteries,2546.0,111.0,0.0,2395.0,100.0,0.21217,0.00925,0.0,0.19958
2026-09-09T12:40:00+12:00,Muriwai 5kW + Batteries,2494.0,111.0,0.0,2350.0,100.0,0.20783,0.00925,0.0,0.19583
2026-09-09T12:45:00+12:00,Muriwai 5kW + Batteries,2442.0,110.0,0.0,2303.0,100.0,0.2035,0.00917,0.0,0.19192
2026-09-09T12:50:00+12:00,Muriwai 5kW + Batteries,2413.0,109.0,0.0,2266.0,100.0,0.20108,0.00908,0.0,0.18883
2026-09-09T12:55:00+12:00,Muriwai 5kW + Batteries,2363.0,109.0,0.0,2227.0,100.0,0.19692,0.00908,0.0,0.18558
2026-09-09T13:00:00+12:00,Muriwai 5kW + Batteries,2350.0,108.0,0.0,2203.0,100.0,0.19583,0.009,0.0,0.18358
2026-09-09T13:05:00+12:00,Muriwai 5kW + Batteries,2402.0,108.0,0.0,2247.0,100.0,0.20017,0.009,0.0,0.18725
2026-09-09T13:10:00+12:00,Muriwai 5kW + Batteries,2620.0,110.0,0.0,2459.0,100.0,0.21833,0.00917,0.0,0.20492
2026-09-09T13:15:00+12:00,Muriwai 5kW + Batteries,1449.0,104.0,0.0,1313.0,100.0,0.12075,0.00867,0.0,0.10942
2026-09-09T13:20:00+12:00,Muriwai 5kW + Batteries,1999.0,108.0,0.0,1858.0,100.0,0.16658,0.009,0.0,0.15483
2026-09-09T13:25:00+12:00,Muriwai 5kW + Batteries,2180.0,106.0,0.0,2054.0,100.0,0.18167,0.00883,0.0,0.17117
2026-09-09T13:30:00+12:00,Muriwai 5kW + Batteries,1774.0,105.0,0.0,1626.0,100.0,0.14783,0.00875,0.0,0.1355
2026-09-09T13:35:00+12:00,Muriwai 5kW + Batteries,1840.0,103.0,0.0,1732.0,100.0,0.15333,0.00858,0.0,0.14433
2026-09-09T13:40:00+12:00,Muriwai 5kW + Batteries,2188.0,111.0,0.0,2046.0,100.0,0.18233,0.00925,0.0,0.1705
2026-09-09T13:45:00+12:00,Muriwai 5kW + Batteries,1739.0,104.0,0.0,1616.0,100.0,0.14492,0.00867,0.0,0.13467
2026-09-09T13:50:00+12:00,Muriwai 5kW + Batteries,1681.0,106.0,0.0,1537.0,100.0,0.14008,0.00883,0.0,0.12808
2026-09-09T13:55:00+12:00,Muriwai 5kW + Batteries,885.0,95.0,0.0,753.0,100.0,0.07375,0.00792,0.0,0.06275
2026-09-09T14:00:00+12:00,Muriwai 5kW + Batteries,1022.0,97.0,0.0,898.0,100.0,0.08517,0.00808,0.0,0.07483
2026-09-09T14:05:00+12:00,Muriwai 5kW + Batteries,1019.0,95.0,0.0,881.0,100.0,0.08492,0.00792,0.0,0.07342
2026-09-09T14:10:00+12:00,Muriwai 5kW + Batteries,1068.0,100.0,0.0,945.0,100.0,0.089,0.00833,0.0,0.07875
2026-09-09T14:15:00+12:00,Muriwai 5kW + Batteries,1120.0,100.0,0.0,986.0,100.0,0.09333,0.00833,0.0,0.08217
2026-09-09T14:20:00+12:00,Muriwai 5kW + Batteries,1964.0,106.0,0.0,1844.0,100.0,0.16367,0.00883,0.0,0.15367
2026-09-09T14:25:00+12:00,Muriwai 5kW + Batteries,1569.0,105.0,0.0,1435.0,100.0,0.13075,0.00875,0.0,0.11958
2026-09-09T14:30:00+12:00,Muriwai 5kW + Batteries,1318.0,103.0,0.0,1187.0,100.0,0.10983,0.00858,0.0,0.09892
2026-09-09T14:40:00+12:00,Muriwai 5kW + Batteries,618.0,101.0,0.0,493.0,100.0,0.0515,0.00842,0.0,0.04108
2026-09-09T14:45:00+12:00,Muriwai 5kW + Batteries,1249.0,103.0,0.0,1120.0,100.0,0.10408,0.00858,0.0,0.09333
2026-09-09T14:50:00+12:00,Muriwai 5kW + Batteries,496.0,103.0,0.0,360.0,100.0,0.04133,0.00858,0.0,0.03
2026-09-09T14:55:00+12:00,Muriwai 5kW + Batteries,514.0,100.0,0.0,387.0,100.0,0.04283,0.00833,0.0,0.03225
2026-09-09T15:00:00+12:00,Muriwai 5kW + Batteries,379.0,108.0,0.0,255.0,100.0,0.03158,0.009,0.0,0.02125
2026-09-09T15:05:00+12:00,Muriwai 5kW + Batteries,578.0,100.0,0.0,453.0,100.0,0.04817,0.00833,0.0,0.03775
2026-09-09T15:10:00+12:00,Muriwai 5kW + Batteries,563.0,99.0,0.0,442.0,100.0,0.04692,0.00825,0.0,0.03683
2026-09-09T15:15:00+12:00,Muriwai 5kW + Batteries,303.0,108.0,0.0,189.0,100.0,0.02525,0.009,0.0,0.01575
2026-09-09T15:20:00+12:00,Muriwai 5kW + Batteries,742.0,97.0,0.0,619.0,100.0,0.06183,0.00808,0.0,0.05158
2026-09-09T15:25:00+12:00,Muriwai 5kW + Batteries,634.0,98.0,0.0,520.0,100.0,0.05283,0.00817,0.0,0.04333
2026-09-09T15:30:00+12:00,Muriwai 5kW + Batteries,566.0,99.0,0.0,431.0,100.0,0.04717,0.00825,0.0,0.03592
2026-09-09T15:35:00+12:00,Muriwai 5kW + Batteries,453.0,107.0,0.0,325.0,100.0,0.03775,0.00892,0.0,0.02708
2026-09-09T15:40:00+12:00,Muriwai 5kW + Batteries,296.0,110.0,0.0,183.0,100.0,0.02467,0.00917,0.0,0.01525
2026-09-09T15:45:00+12:00,Muriwai 5kW + Batteries,268.0,113.0,0.0,138.0,100.0,0.02233,0.00942,0.0,0.0115
2026-09-09T15:50:00+12:00,Muriwai 5kW + Batteries,333.0,109.0,0.0,206.0,100.0,0.02775,0.00908,0.0,0.01717
2026-09-09T15:55:00+12:00,Muriwai 5kW + Batteries,501.0,101.0,0.0,387.0,100.0,0.04175,0.00842,0.0,0.03225
2026-09-09T16:00:00+12:00,Muriwai 5kW + Batteries,394.0,105.0,0.0,262.0,100.0,0.03283,0.00875,0.0,0.02183
2026-09-09T16:05:00+12:00,Muriwai 5kW + Batteries,365.0,104.0,0.0,246.0,100.0,0.03042,0.00867,0.0,0.0205
2026-09-09T16:10:00+12:00,Muriwai 5kW + Batteries,330.0,104.0,0.0,220.0,100.0,0.0275,0.00867,0.0,0.01833
2026-09-09T16:15:00+12:00,Muriwai 5kW + Batteries,372.0,106.0,0.0,225.0,100.0,0.031,0.00883,0.0,0.01875
2026-09-09T16:20:00+12:00,Muriwai 5kW + Batteries,340.0,102.0,0.0,221.0,100.0,0.02833,0.0085,0.0,0.01842
2026-09-09T16:25:00+12:00,Muriwai 5kW + Batteries,186.0,112.0,0.0,61.0,100.0,0.0155,0.00933,0.0,0.00508
2026-09-09T16:30:00+12:00,Muriwai 5kW + Batteries,230.0,111.0,0.0,104.0,100.0,0.01917,0.00925,0.0,0.00867
2026-09-09T16:35:00+12:00,Muriwai 5kW + Batteries,188.0,112.0,0.0,64.0,100.0,0.01567,0.00933,0.0,0.00533
2026-09-09T16:40:00+12:00,Muriwai 5kW + Batteries,187.0,110.0,0.0,59.0,100.0,0.01558,0.00917,0.0,0.00492
2026-09-09T16:45:00+12:00,Muriwai 5kW + Batteries,173.0,110.0,0.0,0.0,100.0,0.01442,0.00917,0.0,0.0
2026-09-09T16:50:00+12:00,Muriwai 5kW + Batteries,89.0,111.0,0.0,0.0,100.0,0.00742,0.00925,0.0,0.0
2026-09-09T16:55:00+12:00,Muriwai 5kW + Batteries,127.0,115.0,0.0,0.0,100.0,0.01058,0.00958,0.0,0.0
2026-09-09T17:00:00+12:00,Muriwai 5kW + Batteries,164.0,112.0,0.0,124.0,99.0,0.01367,0.00933,0.0,0.01033
2026-09-09T17:05:00+12:00,Muriwai 5kW + Batteries,149.0,115.0,0.0,0.0,99.0,0.01242,0.00958,0.0,0.0
2026-09-09T17:10:00+12:00,Muriwai 5kW + Batteries,139.0,116.0,0.0,0.0,99.0,0.01158,0.00967,0.0,0.0
2026-09-09T17:20:00+12:00,Muriwai 5kW + Batteries,62.0,119.0,0.0,0.0,99.0,0.00517,0.00992,0.0,0.0
2026-09-09T17:25:00+12:00,Muriwai 5kW + Batteries,23.0,120.0,0.0,0.0,99.0,0.00192,0.01,0.0,0.0
2026-09-09T17:30:00+12:00,Muriwai 5kW + Batteries,17.0,120.0,0.0,0.0,99.0,0.00142,0.01,0.0,0.0
2026-09-09T17:35:00+12:00,Muriwai 5kW + Batteries,6.0,122.0,0.0,0.0,99.0,0.0005,0.01017,0.0,0.0
2026-09-09T17:40:00+12:00,Muriwai 5kW + Batteries,4.0,122.0,0.0,0.0,99.0,0.00033,0.01017,0.0,0.0
2026-09-09T17:45:00+12:00,Muriwai 5kW + Batteries,0.0,126.0,110.0,0.0,99.0,0.0,0.0105,0.00917,0.0
2026-09-09T17:50:00+12:00,Muriwai 5kW + Batteries,0.0,133.0,161.0,0.0,99.0,0.0,0.01108,0.01342,0.0
2026-09-09T17:55:00+12:00,Muriwai 5kW + Batteries,0.0,135.0,162.0,0.0,99.0,0.0,0.01125,0.0135,0.0
2026-09-09T18:00:00+12:00,Muriwai 5kW + Batteries,0.0,137.0,182.0,0.0,99.0,0.0,0.01142,0.01517,0.0
2026-09-09T18:05:00+12:00,Muriwai 5kW + Batteries,0.0,144.0,191.0,0.0,99.0,0.0,0.012,0.01592,0.0
2026-09-09T18:10:00+12:00,Muriwai 5kW + Batteries,0.0,143.0,178.0,0.0,99.0,0.0,0.01192,0.01483,0.0
2026-09-09T18:15:00+12:00,Muriwai 5kW + Batteries,0.0,144.0,194.0,0.0,99.0,0.0,0.012,0.01617,0.0
2026-09-09T18:20:00+12:00,Muriwai 5kW + Batteries,0.0,146.0,189.0,0.0,99.0,0.0,0.01217,0.01575,0.0
2026-09-09T18:25:00+12:00,Muriwai 5kW + Batteries,0.0,143.0,185.0,0.0,99.0,0.0,0.01192,0.01542,0.0
2026-09-09T18:30:00+12:00,Muriwai 5kW + Batteries,0.0,145.0,196.0,0.0,99.0,0.0,0.01208,0.01633,0.0
2026-09-09T18:35:00+12:00,Muriwai 5kW + Batteries,0.0,144.0,168.0,0.0,99.0,0.0,0.012,0.014,0.0
2026-09-09T18:40:00+12:00,Muriwai 5kW + Batteries,0.0,144.0,195.0,0.0,99.0,0.0,0.012,0.01625,0.0
2026-09-09T18:45:00+12:00,Muriwai 5kW + Batteries,0.0,145.0,192.0,0.0,99.0,0.0,0.01208,0.016,0.0
2026-09-09T18:50:00+12:00,Muriwai 5kW + Batteries,0.0,146.0,193.0,0.0,99.0,0.0,0.01217,0.01608,0.0
2026-09-09T18:55:00+12:00,Muriwai 5kW + Batteries,0.0,149.0,198.0,0.0,99.0,0.0,0.01242,0.0165,0.0
2026-09-09T19:00:00+12:00,Muriwai 5kW + Batteries,0.0,151.0,188.0,0.0,99.0,0.0,0.01258,0.01567,0.0
2026-09-09T19:05:00+12:00,Muriwai 5kW + Batteries,0.0,152.0,203.0,0.0,99.0,0.0,0.01267,0.01692,0.0
2026-09-09T19:10:00+12:00,Muriwai 5kW + Batteries,0.0,153.0,203.0,0.0,99.0,0.0,0.01275,0.01692,0.0
2026-09-09T19:15:00+12:00,Muriwai 5kW + Batteries,0.0,161.0,206.0,0.0,99.0,0.0,0.01342,0.01717,0.0
2026-09-09T19:20:00+12:00,Muriwai 5kW + Batteries,0.0,162.0,205.0,0.0,99.0,0.0,0.0135,0.01708,0.0
2026-09-09T19:25:00+12:00,Muriwai 5kW + Batteries,0.0,163.0,203.0,0.0,99.0,0.0,0.01358,0.01692,0.0
2026-09-09T19:30:00+12:00,Muriwai 5kW + Batteries,0.0,165.0,209.0,0.0,99.0,0.0,0.01375,0.01742,0.0
2026-09-09T19:35:00+12:00,Muriwai 5kW + Batteries,0.0,167.0,218.0,0.0,99.0,0.0,0.01392,0.01817,0.0
2026-09-09T19:40:00+12:00,Muriwai 5kW + Batteries,0.0,166.0,213.0,0.0,99.0,0.0,0.01383,0.01775,0.0
2026-09-09T19:45:00+12:00,Muriwai 5kW + Batteries,0.0,171.0,219.0,0.0,99.0,0.0,0.01425,0.01825,0.0
2026-09-09T19:50:00+12:00,Muriwai 5kW + Batteries,0.0,169.0,211.0,0.0,99.0,0.0,0.01408,0.01758,0.0
2026-09-09T19:55:00+12:00,Muriwai 5kW + Batteries,0.0,172.0,223.0,0.0,99.0,0.0,0.01433,0.01858,0.0
2026-09-09T20:05:00+12:00,Muriwai 5kW + Batteries,0.0,174.0,219.0,0.0,99.0,0.0,0.0145,0.01825,0.0
2026-09-09T20:10:00+12:00,Muriwai 5kW + Batteries,0.0,175.0,221.0,0.0,99.0,0.0,0.01458,0.01842,0.0
2026-09-09T20:15:00+12:00,Muriwai 5kW + Batteries,0.0,175.0,224.0,0.0,99.0,0.0,0.01458,0.01867,0.0
2026-09-09T20:20:00+12:00,Muriwai 5kW + Batteries,0.0,176.0,226.0,0.0,99.0,0.0,0.01467,0.01883,0.0
2026-09-09T20:25:00+12:00,Muriwai 5kW + Batteries,0.0,177.0,225.0,0.0,99.0,0.0,0.01475,0.01875,0.0
2026-09-09T20:30:00+12:00,Muriwai 5kW + Batteries,0.0,178.0,224.0,0.0,99.0,0.0,0.01483,0.01867,0.0
2026-09-09T20:35:00+12:00,Muriwai 5kW + Batteries,0.0,180.0,227.0,0.0,99.0,0.0,0.015,0.01892,0.0
2026-09-09T20:40:00+12:00,Muriwai 5kW + Batteries,0.0,178.0,227.0,0.0,99.0,0.0,0.01483,0.01892,0.0
2026-09-09T20:45:00+12:00,Muriwai 5kW + Batteries,0.0,181.0,230.0,0.0,100.0,0.0,0.01508,0.01917,0.0
2026-09-09T20:50:00+12:00,Muriwai 5kW + Batteries,0.0,180.0,224.0,0.0,100.0,0.0,0.015,0.01867,0.0
2026-09-09T20:55:00+12:00,Muriwai 5kW + Batteries,0.0,182.0,222.0,0.0,100.0,0.0,0.01517,0.0185,0.0
2026-09-09T21:00:00+12:00,Muriwai 5kW + Batteries,0.0,181.0,225.0,0.0,100.0,0.0,0.01508,0.01875,0.0
2026-09-09T21:05:00+12:00,Muriwai 5kW + Batteries,0.0,179.0,0.0,0.0,99.0,0.0,0.01492,0.0,0.0
2026-09-09T21:10:00+12:00,Muriwai 5kW + Batteries,0.0,180.0,0.0,0.0,99.0,0.0,0.015,0.0,0.0
2026-09-09T21:15:00+12:00,Muriwai 5kW + Batteries,0.0,179.0,0.0,0.0,99.0,0.0,0.01492,0.0,0.0
2026-09-09T21:20:00+12:00,Muriwai 5kW + Batteries,0.0,179.0,0.0,0.0,99.0,0.0,0.01492,0.0,0.0
2026-09-09T21:25:00+12:00,Muriwai 5kW + Batteries,0.0,178.0,0.0,0.0,99.0,0.0,0.01483,0.0,0.0
2026-09-09T21:30:00+12:00,Muriwai 5kW + Batteries,0.0,181.0,0.0,0.0,99.0,0.0,0.01508,0.0,0.0
2026-09-09T21:35:00+12:00,Muriwai 5kW + Batteries,0.0,177.0,0.0,0.0,99.0,0.0,0.01475,0.0,0.0
2026-09-09T21:40:00+12:00,Muriwai 5kW + Batteries,0.0,177.0,0.0,0.0,99.0,0.0,0.01475,0.0,0.0
2026-09-09T21:45:00+12:00,Muriwai 5kW + Batteries,0.0,178.0,0.0,0.0,98.0,0.0,0.01483,0.0,0.0
2026-09-09T21:50:00+12:00,Muriwai 5kW + Batteries,0.0,178.0,0.0,0.0,98.0,0.0,0.01483,0.0,0.0
2026-09-09T21:55:00+12:00,Muriwai 5kW + Batteries,0.0,180.0,0.0,0.0,98.0,0.0,0.015,0.0,0.0
2026-09-09T22:00:00+12:00,Muriwai 5kW + Batteries,0.0,180.0,0.0,0.0,98.0,0.0,0.015,0.0,0.0
2026-09-09T22:05:00+12:00,Muriwai 5kW + Batteries,0.0,183.0,0.0,0.0,98.0,0.0,0.01525,0.0,0.0
2026-09-09T22:10:00+12:00,Muriwai 5kW + Batteries,0.0,184.0,0.0,0.0,98.0,0.0,0.01533,0.0,0.0
2026-09-09T22:15:00+12:00,Muriwai 5kW + Batteries,0.0,183.0,0.0,0.0,98.0,0.0,0.01525,0.0,0.0
2026-09-09T22:20:00+12:00,Muriwai 5kW + Batteries,0.0,184.0,0.0,0.0,98.0,0.0,0.01533,0.0,0.0
2026-09-09T22:25:00+12:00,Muriwai 5kW + Batteries,0.0,181.0,0.0,0.0,98.0,0.0,0.01508,0.0,0.0
2026-09-09T22:30:00+12:00,Muriwai 5kW + Batteries,0.0,183.0,0.0,0.0,97.0,0.0,0.01525,0.0,0.0
2026-09-09T22:35:00+12:00,Muriwai 5kW + Batteries,0.0,182.0,0.0,0.0,97.0,0.0,0.01517,0.0,0.0
2026-09-09T22:40:00+12:00,Muriwai 5kW + Batteries,0.0,183.0,0.0,0.0,97.0,0.0,0.01525,0.0,0.0
2026-09-09T22:45:00+12:00,Muriwai 5kW + Batteries,0.0,183.0,0.0,0.0,97.0,0.0,0.01525,0.0,0.0
2026-09-09T22:50:00+12:00,Muriwai 5kW + Batteries,0.0,181.0,0.0,0.0,97.0,0.0,0.01508,0.0,0.0
2026-09-09T22:55:00+12:00,Muriwai 5kW + Batteries,0.0,178.0,0.0,0.0,97.0,0.0,0.01483,0.0,0.0
2026-09-09T23:00:00+12:00,Muriwai 5kW + Batteries,0.0,179.0,0.0,0.0,97.0,0.0,0.01492,0.0,0.0
2026-09-09T23:05:00+12:00,Muriwai 5kW + Batteries,0.0,183.0,0.0,0.0,97.0,0.0,0.01525,0.0,0.0
2026-09-09T23:10:00+12:00,Muriwai 5kW + Batteries,0.0,182.0,0.0,0.0,97.0,0.0,0.01517,0.0,0.0
2026-09-09T23:20:00+12:00,Muriwai 5kW + Batteries,0.0,179.0,0.0,0.0,96.0,0.0,0.01492,0.0,0.0
2026-09-09T23:25:00+12:00,Muriwai 5kW + Batteries,0.0,178.0,0.0,0.0,96.0,0.0,0.01483,0.0,0.0
2026-09-09T23:30:00+12:00,Muriwai 5kW + Batteries,0.0,184.0,0.0,0.0,96.0,0.0,0.01533,0.0,0.0
2026-09-09T23:35:00+12:00,Muriwai 5kW + Batteries,0.0,180.0,0.0,0.0,96.0,0.0,0.015,0.0,0.0
2026-09-09T23:40:00+12:00,Muriwai 5kW + Batteries,0.0,181.0,0.0,0.0,96.0,0.0,0.01508,0.0,0.0
2026-09-09T23:45:00+12:00,Muriwai 5kW + Batteries,0.0,183.0,0.0,0.0,96.0,0.0,0.01525,0.0,0.0
2026-09-09T23:50:00+12:00,Muriwai 5kW + Batteries,0.0,184.0,0.0,0.0,96.0,0.0,0.01533,0.0,0.0
2026-09-09T23:55:00+12:00,Muriwai 5kW + Batteries,0.0,182.0,0.0,0.0,96.0,0.0,0.01517,0.0,0.0
2026-09-10T00:00:00+12:00,Muriwai 5kW + Batteries,0.0,184.0,0.0,0.0,95.0,0.0,0.01533,0.0,0.0
2026-09-10T00:05:00+12:00,Muriwai 5kW + Batteries,0.0,183.0,0.0,0.0,95.0,0.0,0.01525,0.0,0.0
2026-09-10T00:10:00+12:00,Muriwai 5kW + Batteries,0.0,185.0,0.0,0.0,95.0,0.0,0.01542,0.0,0.0
2026-09-10T00:15:00+12:00,Muriwai 5kW + Batteries,0.0,185.0,0.0,0.0,95.0,0.0,0.01542,0.0,0.0
2026-09-10T00:20:00+12:00,Muriwai 5kW + Batteries,0.0,184.0,0.0,0.0,95.0,0.0,0.01533,0.0,0.0
2026-09-10T00:25:00+12:00,Muriwai 5kW + Batteries,0.0,184.0,0.0,0.0,95.0,0.0,0.01533,0.0,0.0
2026-09-10T00:30:00+12:00,Muriwai 5kW + Batteries,0.0,184.0,0.0,0.0,95.0,0.0,0.01533,0.0,0.0
2026-09-10T00:35:00+12:00,Muriwai 5kW + Batteries,0.0,184.0,0.0,0.0,95.0,0.0,0.01533,0.0,0.0
2026-09-10T00:40:00+12:00,Muriwai 5kW + Batteries,0.0,184.0,0.0,0.0,94.0,0.0,0.01533,0.0,0.0
2026-09-10T00:45:00+12:00,Muriwai 5kW + Batteries,0.0,181.0,0.0,0.0,94.0,0.0,0.01508,0.0,0.0
2026-09-10T00:50:00+12:00,Muriwai 5kW + Batteries,0.0,182.0,0.0,0.0,94.0,0.0,0.01517,0.0,0.0
2026-09-10T00:55:00+12:00,Muriwai 5kW + Batteries,0.0,181.0,0.0,0.0,94.0,0.0,0.01508,0.0,0.0
2026-09-10T01:00:00+12:00,Muriwai 5kW + Batteries,0.0,184.0,0.0,0.0,94.0,0.0,0.01533,0.0,0.0
2026-09-10T01:05:00+12:00,Muriwai 5kW + Batteries,0.0,187.0,0.0,0.0,94.0,0.0,0.01558,0.0,0.0
2026-09-10T01:10:00+12:00,Muriwai 5kW + Batteries,0.0,190.0,0.0,0.0,94.0,0.0,0.01583,0.0,0.0
2026-09-10T01:15:00+12:00,Muriwai 5kW + Batteries,0.0,189.0,0.0,0.0,94.0,0.0,0.01575,0.0,0.0
2026-09-10T01:20:00+12:00,Muriwai 5kW + Batteries,0.0,191.0,0.0,0.0,94.0,0.0,0.01592,0.0,0.0
2026-09-10T01:25:00+12:00,Muriwai 5kW + Batteries,0.0,190.0,0.0,0.0,93.0,0.0,0.01583,0.0,0.0
2026-09-10T01:30:00+12:00,Muriwai 5kW + Batteries,0.0,192.0,0.0,0.0,93.0,0.0,0.016,0.0,0.0
2026-09-10T01:35:00+12:00,Muriwai 5kW + Batteries,0.0,191.0,0.0,0.0,93.0,0.0,0.01592,0.0,0.0
2026-09-10T01:40:00+12:00,Muriwai 5kW + Batteries,0.0,193.0,0.0,0.0,93.0,0.0,0.01608,0.0,0.0
2026-09-10T01:45:00+12:00,Muriwai 5kW + Batteries,0.0,194.0,0.0,0.0,93.0,0.0,0.01617,0.0,0.0
2026-09-10T01:50:00+12:00,Muriwai 5kW + Batteries,0.0,194.0,0.0,0.0,93.0,0.0,0.01617,0.0,0.0
2026-09-10T02:00:00+12:00,Muriwai 5kW + Batteries,0.0,196.0,0.0,0.0,93.0,0.0,0.01633,0.0,0.0
2026-09-10T02:05:00+12:00,Muriwai 5kW + Batteries,0.0,196.0,0.0,0.0,93.0,0.0,0.01633,0.0,0.0
2026-09-10T02:10:00+12:00,Muriwai 5kW + Batteries,0.0,193.0,0.0,0.0,92.0,0.0,0.01608,0.0,0.0
2026-09-10T02:15:00+12:00,Muriwai 5kW + Batteries,0.0,194.0,0.0,0.0,92.0,0.0,0.01617,0.0,0.0
2026-09-10T02:20:00+12:00,Muriwai 5kW + Batteries,0.0,194.0,0.0,0.0,92.0,0.0,0.01617,0.0,0.0
2026-09-10T02:25:00+12:00,Muriwai 5kW + Batteries,0.0,195.0,0.0,0.0,92.0,0.0,0.01625,0.0,0.0
2026-09-10T02:30:00+12:00,Muriwai 5kW + Batteries,0.0,197.0,0.0,0.0,92.0,0.0,0.01642,0.0,0.0
2026-09-10T02:35:00+12:00,Muriwai 5kW + Batteries,0.0,196.0,0.0,0.0,92.0,0.0,0.01633,0.0,0.0
2026-09-10T02:40:00+12:00,Muriwai 5kW + Batteries,0.0,196.0,0.0,0.0,92.0,0.0,0.01633,0.0,0.0
2026-09-10T02:45:00+12:00,Muriwai 5kW + Batteries,0.0,196.0,0.0,0.0,92.0,0.0,0.01633,0.0,0.0
2026-09-10T02:50:00+12:00,Muriwai 5kW + Batteries,0.0,194.0,0.0,0.0,91.0,0.0,0.01617,0.0,0.0
2026-09-10T02:55:00+12:00,Muriwai 5kW + Batteries,0.0,194.0,0.0,0.0,91.0,0.0,0.01617,0.0,0.0
2026-09-10T03:00:00+12:00,Muriwai 5kW + Batteries,0.0,194.0,0.0,0.0,91.0,0.0,0.01617,0.0,0.0
2026-09-10T03:05:00+12:00,Muriwai 5kW + Batteries,0.0,192.0,0.0,0.0,91.0,0.0,0.016,0.0,0.0
2026-09-10T03:10:00+12:00,Muriwai 5kW + Batteries,0.0,192.0,0.0,0.0,91.0,0.0,0.016,0.0,0.0
2026-09-10T03:15:00+12:00,Muriwai 5kW + Batteries,0.0,189.0,0.0,0.0,91.0,0.0,0.01575,0.0,0.0
2026-09-10T03:20:00+12:00,Muriwai 5kW + Batteries,0.0,189.0,0.0,0.0,91.0,0.0,0.01575,0.0,0.0
2026-09-10T03:25:00+12:00,Muriwai 5kW + Batteries,0.0,189.0,0.0,0.0,91.0,0.0,0.01575,0.0,0.0
2026-09-10T03:30:00+12:00,Muriwai 5kW + Batteries,0.0,190.0,0.0,0.0,90.0,0.0,0.01583,0.0,0.0
2026-09-10T03:35:00+12:00,Muriwai 5kW + Batteries,0.0,191.0,0.0,0.0,90.0,0.0,0.01592,0.0,0.0
2026-09-10T03:40:00+12:00,Muriwai 5kW + Batteries,0.0,190.0,0.0,0.0,90.0,0.0,0.01583,0.0,0.0
2026-09-10T03:45:00+12:00,Muriwai 5kW + Batteries,0.0,192.0,0.0,0.0,90.0,0.0,0.016,0.0,0.0
2026-09-10T03:50:00+12:00,Muriwai 5kW + Batteries,0.0,189.0,0.0,0.0,90.0,0.0,0.01575,0.0,0.0
2026-09-10T03:55:00+12:00,Muriwai 5kW + Batteries,0.0,189.0,0.0,0.0,90.0,0.0,0.01575,0.0,0.0
2026-09-10T04:00:00+12:00,Muriwai 5kW + Batteries,0.0,188.0,0.0,0.0,90.0,0.0,0.01567,0.0,0.0
2026-09-10T04:05:00+12:00,Muriwai 5kW + Batteries,0.0,190.0,0.0,0.0,90.0,0.0,0.01583,0.0,0.0
2026-09-10T04:10:00+12:00,Muriwai 5kW + Batteries,0.0,190.0,0.0,0.0,89.0,0.0,0.01583,0.0,0.0
2026-09-10T04:15:00+12:00,Muriwai 5kW + Batteries,0.0,191.0,0.0,0.0,89.0,0.0,0.01592,0.0,0.0
2026-09-10T04:20:00+12:00,Muriwai 5kW + Batteries,0.0,189.0,0.0,0.0,89.0,0.0,0.01575,0.0,0.0
2026-09-10T04:25:00+12:00,Muriwai 5kW + Batteries,0.0,190.0,0.0,0.0,89.0,0.0,0.01583,0.0,0.0
2026-09-10T04:30:00+12:00,Muriwai 5kW + Batteries,0.0,191.0,0.0,0.0,89.0,0.0,0.01592,0.0,0.0
2026-09-10T04:35:00+12:00,Muriwai 5kW + Batteries,0.0,189.0,0.0,0.0,89.0,0.0,0.01575,0.0,0.0
2026-09-10T04:40:00+12:00,Muriwai 5kW + Batteries,0.0,189.0,0.0,0.0,89.0,0.0,0.01575,0.0,0.0
2026-09-10T04:50:00+12:00,Muriwai 5kW + Batteries,0.0,189.0,0.0,0.0,89.0,0.0,0.01575,0.0,0.0
2026-09-10T04:55:00+12:00,Muriwai 5kW + Batteries,0.0,192.0,0.0,0.0,88.0,0.0,0.016,0.0,0.0
2026-09-10T05:00:00+12:00,Muriwai 5kW + Batteries,0.0,193.0,0.0,0.0,88.0,0.0,0.01608,0.0,0.0
2026-09-10T05:05:00+12:00,Muriwai 5kW + Batteries,0.0,192.0,0.0,0.0,88.0,0.0,0.016,0.0,0.0
2026-09-10T05:10:00+12:00,Muriwai 5kW + Batteries,0.0,193.0,0.0,0.0,88.0,0.0,0.01608,0.0,0.0
2026-09-10T05:15:00+12:00,Muriwai 5kW + Batteries,0.0,192.0,0.0,0.0,88.0,0.0,0.016,0.0,0.0
2026-09-10T05:20:00+12:00,Muriwai 5kW + Batteries,0.0,194.0,0.0,0.0,88.0,0.0,0.01617,0.0,0.0
2026-09-10T05:25:00+12:00,Muriwai 5kW + Batteries,0.0,195.0,0.0,0.0,88.0,0.0,0.01625,0.0,0.0
2026-09-10T05:30:00+12:00,Muriwai 5kW + Batteries,0.0,194.0,0.0,0.0,88.0,0.0,0.01617,0.0,0.0
2026-09-10T05:35:00+12:00,Muriwai 5kW + Batteries,0.0,192.0,0.0,0.0,87.0,0.0,0.016,0.0,0.0
2026-09-10T05:40:00+12:00,Muriwai 5kW + Batteries,0.0,193.0,0.0,0.0,87.0,0.0,0.01608,0.0,0.0
2026-09-10T05:45:00+12:00,Muriwai 5kW + Batteries,0.0,192.0,0.0,0.0,87.0,0.0,0.016,0.0,0.0
2026-09-10T05:50:00+12:00,Muriwai 5kW + Batteries,0.0,195.0,0.0,0.0,87.0,0.0,0.01625,0.0,0.0
2026-09-10T05:55:00+12:00,Muriwai 5kW + Batteries,0.0,193.0,0.0,0.0,87.0,0.0,0.01608,0.0,0.0
2026-09-10T06:00:00+12:00,Muriwai 5kW + Batteries,0.0,191.0,0.0,0.0,87.0,0.0,0.01592,0.0,0.0
2026-09-10T06:05:00+12:00,Muriwai 5kW + Batteries,0.0,197.0,0.0,0.0,87.0,0.0,0.01642,0.0,0.0
2026-09-10T06:10:00+12:00,Muriwai 5kW + Batteries,0.0,195.0,0.0,0.0,87.0,0.0,0.01625,0.0,0.0
2026-09-10T06:15:00+12:00,Muriwai 5kW + Batteries,0.0,190.0,0.0,0.0,87.0,0.0,0.01583,0.0,0.0
2026-09-10T06:20:00+12:00,Muriwai 5kW + Batteries,0.0,189.0,0.0,0.0,86.0,0.0,0.01575,0.0,0.0
2026-09-10T06:25:00+12:00,Muriwai 5kW + Batteries,31.0,185.0,0.0,0.0,86.0,0.00258,0.01542,0.0,0.0
2026-09-10T06:30:00+12:00,Muriwai 5kW + Batteries,61.0,185.0,0.0,0.0,86.0,0.00508,0.01542,0.0,0.0
2026-09-10T06:35:00+12:00,Muriwai 5kW + Batteries,111.0,189.0,0.0,0.0,86.0,0.00925,0.01575,0.0,0.0
2026-09-10T06:40:00+12:00,Muriwai 5kW + Batteries,154.0,185.0,0.0,0.0,86.0,0.01283,0.01542,0.0,0.0
2026-09-10T06:45:00+12:00,Muriwai 5kW + Batteries,258.0,190.0,0.0,0.0,86.0,0.0215,0.01583,0.0,0.0
2026-09-10T06:50:00+12:00,Muriwai 5kW + Batteries,424.0,191.0,0.0,0.0,86.0,0.03533,0.01592,0.0,0.0
2026-09-10T06:55:00+12:00,Muriwai 5kW + Batteries,605.0,191.0,0.0,0.0,86.0,0.05042,0.01592,0.0,0.0
2026-09-10T07:00:00+12:00,Muriwai 5kW + Batteries,871.0,189.0,0.0,0.0,87.0,0.07258,0.01575,0.0,0.0
2026-09-10T07:05:00+12:00,Muriwai 5kW + Batteries,1232.0,194.0,0.0,0.0,87.0,0.10267,0.01617,0.0,0.0
2026-09-10T07:10:00+12:00,Muriwai 5kW + Batteries,1476.0,193.0,0.0,0.0,88.0,0.123,0.01608,0.0,0.0
2026-09-10T07:15:00+12:00,Muriwai 5kW + Batteries,1617.0,184.0,0.0,0.0,89.0,0.13475,0.01533,0.0,0.0
2026-09-10T07:20:00+12:00,Muriwai 5kW + Batteries,1716.0,188.0,0.0,0.0,90.0,0.143,0.01567,0.0,0.0
2026-09-10T07:25:00+12:00,Muriwai 5kW + Batteries,1784.0,188.0,0.0,0.0,90.0,0.14867,0.01567,0.0,0.0
2026-09-10T07:35:00+12:00,Muriwai 5kW + Batteries,1874.0,189.0,0.0,0.0,91.0,0.15617,0.01575,0.0,0.0
2026-09-10T07:40:00+12:00,Muriwai 5kW + Batteries,1974.0,189.0,0.0,0.0,92.0,0.1645,0.01575,0.0,0.0
2026-09-10T07:45:00+12:00,Muriwai 5kW + Batteries,2048.0,189.0,0.0,0.0,93.0,0.17067,0.01575,0.0,0.0
2026-09-10T07:50:00+12:00,Muriwai 5kW + Batteries,2107.0,190.0,0.0,0.0,94.0,0.17558,0.01583,0.0,0.0
2026-09-10T07:55:00+12:00,Muriwai 5kW + Batteries,2179.0,192.0,0.0,0.0,95.0,0.18158,0.016,0.0,0.0
2026-09-10T08:00:00+12:00,Muriwai 5kW + Batteries,2238.0,189.0,0.0,0.0,96.0,0.1865,0.01575,0.0,0.0
2026-09-10T08:05:00+12:00,Muriwai 5kW + Batteries,2311.0,184.0,0.0,0.0,98.0,0.19258,0.01533,0.0,0.0
2026-09-10T08:10:00+12:00,Muriwai 5kW + Batteries,2378.0,184.0,0.0,0.0,99.0,0.19817,0.01533,0.0,0.0
2026-09-10T08:15:00+12:00,Muriwai 5kW + Batteries,2482.0,184.0,0.0,0.0,100.0,0.20683,0.01533,0.0,0.0
2026-09-10T08:20:00+12:00,Muriwai 5kW + Batteries,2559.0,185.0,0.0,0.0,100.0,0.21325,0.01542,0.0,0.0
2026-09-10T08:25:00+12:00,Muriwai 5kW + Batteries,2307.0,178.0,0.0,2045.0,100.0,0.19225,0.01483,0.0,0.17042
2026-09-10T08:30:00+12:00,Muriwai 5kW + Batteries,2322.0,178.0,0.0,2143.0,99.0,0.1935,0.01483,0.0,0.17858
2026-09-10T08:35:00+12:00,Muriwai 5kW + Batteries,2746.0,184.0,0.0,2539.0,99.0,0.22883,0.01533,0.0,0.21158
2026-09-10T08:40:00+12:00,Muriwai 5kW + Batteries,2596.0,181.0,0.0,2385.0,100.0,0.21633,0.01508,0.0,0.19875
2026-09-10T08:45:00+12:00,Muriwai 5kW + Batteries,2723.0,176.0,0.0,2512.0,100.0,0.22692,0.01467,0.0,0.20933
2026-09-10T08:50:00+12:00,Muriwai 5kW + Batteries,2739.0,162.0,0.0,2535.0,100.0,0.22825,0.0135,0.0,0.21125
2026-09-10T08:55:00+12:00,Muriwai 5kW + Batteries,2746.0,159.0,0.0,2548.0,100.0,0.22883,0.01325,0.0,0.21233
2026-09-10T09:00:00+12:00,Muriwai 5kW + Batteries,2772.0,157.0,0.0,2570.0,100.0,0.231,0.01308,0.0,0.21417
2026-09-10T09:05:00+12:00,Muriwai 5kW + Batteries,2798.0,154.0,0.0,2602.0,100.0,0.23317,0.01283,0.0,0.21683
2026-09-10T09:10:00+12:00,Muriwai 5kW + Batteries,2823.0,147.0,0.0,2635.0,100.0,0.23525,0.01225,0.0,0.21958
2026-09-10T09:15:00+12:00,Muriwai 5kW + Batteries,2864.0,131.0,0.0,2693.0,100.0,0.23867,0.01092,0.0,0.22442
2026-09-10T09:20:00+12:00,Muriwai 5kW + Batteries,2881.0,125.0,0.0,2724.0,100.0,0.24008,0.01042,0.0,0.227
2026-09-10T09:25:00+12:00,Muriwai 5kW + Batteries,2910.0,110.0,0.0,2768.0,100.0,0.2425,0.00917,0.0,0.23067
2026-09-10T09:30:00+12:00,Muriwai 5kW + Batteries,2923.0,111.0,0.0,2783.0,100.0,0.24358,0.00925,0.0,0.23192
2026-09-10T09:35:00+12:00,Muriwai 5kW + Batteries,3034.0,113.0,0.0,2898.0,100.0,0.25283,0.00942,0.0,0.2415
2026-09-10T09:40:00+12:00,Muriwai 5kW + Batteries,2902.0,114.0,0.0,2761.0,100.0,0.24183,0.0095,0.0,0.23008
2026-09-10T09:45:00+12:00,Muriwai 5kW + Batteries,3035.0,116.0,0.0,2889.0,100.0,0.25292,0.00967,0.0,0.24075
2026-09-10T09:50:00+12:00,Muriwai 5kW + Batteries,2754.0,113.0,0.0,2620.0,100.0,0.2295,0.00942,0.0,0.21833
2026-09-10T09:55:00+12:00,Muriwai 5kW + Batteries,2646.0,110.0,0.0,2506.0,100.0,0.2205,0.00917,0.0,0.20883
2026-09-10T10:00:00+12:00,Muriwai 5kW + Batteries,2812.0,111.0,0.0,2675.0,100.0,0.23433,0.00925,0.0,0.22292
2026-09-10T10:10:00+12:00,Muriwai 5kW + Batteries,3052.0,118.0,0.0,2908.0,100.0,0.25433,0.00983,0.0,0.24233
2026-09-10T10:15:00+12:00,Muriwai 5kW + Batteries,2410.0,112.0,0.0,2290.0,100.0,0.20083,0.00933,0.0,0.19083
2026-09-10T10:20:00+12:00,Muriwai 5kW + Batteries,3144.0,119.0,0.0,2997.0,100.0,0.262,0.00992,0.0,0.24975
2026-09-10T10:25:00+12:00,Muriwai 5kW + Batteries,2783.0,115.0,0.0,2648.0,100.0,0.23192,0.00958,0.0,0.22067
2026-09-10T10:30:00+12:00,Muriwai 5kW + Batteries,2869.0,116.0,0.0,2728.0,100.0,0.23908,0.00967,0.0,0.22733
2026-09-10T10:35:00+12:00,Muriwai 5kW + Batteries,2698.0,116.0,0.0,2560.0,100.0,0.22483,0.00967,0.0,0.21333
2026-09-10T10:40:00+12:00,Muriwai 5kW + Batteries,2807.0,115.0,0.0,2666.0,100.0,0.23392,0.00958,0.0,0.22217
2026-09-10T10:45:00+12:00,Muriwai 5kW + Batteries,2770.0,117.0,0.0,2627.0,100.0,0.23083,0.00975,0.0,0.21892
2026-09-10T10:50:00+12:00,Muriwai 5kW + Batteries,3159.0,123.0,0.0,3022.0,100.0,0.26325,0.01025,0.0,0.25183
2026-09-10T10:55:00+12:00,Muriwai 5kW + Batteries,1856.0,108.0,0.0,1725.0,100.0,0.15467,0.009,0.0,0.14375
2026-09-10T11:00:00+12:00,Muriwai 5kW + Batteries,2075.0,112.0,0.0,1950.0,100.0,0.17292,0.00933,0.0,0.1625
2026-09-10T11:05:00+12:00,Muriwai 5kW + Batteries,3304.0,124.0,0.0,3146.0,100.0,0.27533,0.01033,0.0,0.26217
2026-09-10T11:10:00+12:00,Muriwai 5kW + Batteries,3073.0,120.0,0.0,2926.0,100.0,0.25608,0.01,0.0,0.24383
2026-09-10T11:15:00+12:00,Muriwai 5kW + Batteries,3032.0,120.0,0.0,2888.0,100.0,0.25267,0.01,0.0,0.24067
2026-09-10T11:20:00+12:00,Muriwai 5kW + Batteries,2976.0,120.0,0.0,2831.0,100.0,0.248,0.01,0.0,0.23592
2026-09-10T11:25:00+12:00,Muriwai 5kW + Batteries,2984.0,120.0,0.0,2840.0,100.0,0.24867,0.01,0.0,0.23667
2026-09-10T11:30:00+12:00,Muriwai 5kW + Batteries,2786.0,117.0,0.0,2636.0,100.0,0.23217,0.00975,0.0,0.21967
2026-09-10T11:35:00+12:00,Muriwai 5kW + Batteries,2709.0,116.0,0.0,2570.0,100.0,0.22575,0.00967,0.0,0.21417
2026-09-10T11:40:00+12:00,Muriwai 5kW + Batteries,2447.0,114.0,0.0,2314.0,100.0,0.20392,0.0095,0.0,0.19283
2026-09-10T11:45:00+12:00,Muriwai 5kW + Batteries,2301.0,115.0,0.0,2165.0,100.0,0.19175,0.00958,0.0,0.18042
2026-09-10T11:50:00+12:00,Muriwai 5kW + Batteries,1901.0,109.0,0.0,1769.0,100.0,0.15842,0.00908,0.0,0.14742
2026-09-10T11:55:00+12:00,Muriwai 5kW + Batteries,1912.0,111.0,0.0,1781.0,100.0,0.15933,0.00925,0.0,0.14842
2026-09-10T12:00:00+12:00,Muriwai 5kW + Batteries,2436.0,115.0,0.0,2287.0,100.0,0.203,0.00958,0.0,0.19058
2026-09-10T12:05:00+12:00,Muriwai 5kW + Batteries,2576.0,112.0,0.0,2432.0,100.0,0.21467,0.00933,0.0,0.20267
2026-09-10T12:10:00+12:00,Muriwai 5kW + Batteries,2341.0,112.0,0.0,2203.0,100.0,0.19508,0.00933,0.0,0.18358
2026-09-10T12:15:00+12:00,Muriwai 5kW + Batteries,2655.0,112.0,0.0,2511.0,100.0,0.22125,0.00933,0.0,0.20925
2026-09-10T12:20:00+12:00,Muriwai 5kW + Batteries,2543.0,114.0,0.0,2392.0,100.0,0.21192,0.0095,0.0,0.19933
2026-09-10T12:25:00+12:00,Muriwai 5kW + Batteries,2463.0,114.0,0.0,2328.0,100.0,0.20525,0.0095,0.0,0.194
2026-09-10T12:30:00+12:00,Muriwai 5kW + Batteries,2418.0,115.0,0.0,2276.0,100.0,0.2015,0.00958,0.0,0.18967
2026-09-10T12:35:00+12:00,Muriwai 5kW + Batteries,1165.0,104.0,0.0,1031.0,100.0,0.09708,0.00867,0.0,0.08592
2026-09-10T12:40:00+12:00,Muriwai 5kW + Batteries,1590.0,104.0,0.0,1454.0,100.0,0.1325,0.00867,0.0,0.12117
2026-09-10T12:45:00+12:00,Muriwai 5kW + Batteries,2375.0,111.0,0.0,2218.0,100.0,0.19792,0.00925,0.0,0.18483
2026-09-10T12:50:00+12:00,Muriwai 5kW + Batteries,1670.0,107.0,0.0,1531.0,100.0,0.13917,0.00892,0.0,0.12758
2026-09-10T13:00:00+12:00,Muriwai 5kW + Batteries,1588.0,106.0,0.0,1445.0,100.0,0.13233,0.00883,0.0,0.12042
2026-09-10T13:05:00+12:00,Muriwai 5kW + Batteries,1977.0,109.0,0.0,1833.0,100.0,0.16475,0.00908,0.0,0.15275
2026-09-10T13:10:00+12:00,Muriwai 5kW + Batteries,2544.0,115.0,0.0,2396.0,100.0,0.212,0.00958,0.0,0.19967
2026-09-10T13:15:00+12:00,Muriwai 5kW + Batteries,2244.0,110.0,0.0,2098.0,100.0,0.187,0.00917,0.0,0.17483
2026-09-10T13:20:00+12:00,Muriwai 5kW + Batteries,1288.0,107.0,0.0,1138.0,100.0,0.10733,0.00892,0.0,0.09483
2026-09-10T13:25:00+12:00,Muriwai 5kW + Batteries,1336.0,111.0,0.0,1193.0,100.0,0.11133,0.00925,0.0,0.09942
2026-09-10T13:30:00+12:00,Muriwai 5kW + Batteries,1039.0,101.0,0.0,906.0,100.0,0.08658,0.00842,0.0,0.0755
2026-09-10T13:35:00+12:00,Muriwai 5kW + Batteries,1287.0,106.0,0.0,1161.0,100.0,0.10725,0.00883,0.0,0.09675
2026-09-10T13:40:00+12:00,Muriwai 5kW + Batteries,1654.0,110.0,0.0,1530.0,100.0,0.13783,0.00917,0.0,0.1275
2026-09-10T13:45:00+12:00,Muriwai 5kW + Batteries,1682.0,106.0,0.0,1553.0,100.0,0.14017,0.00883,0.0,0.12942
2026-09-10T13:50:00+12:00,Muriwai 5kW + Batteries,1127.0,103.0,0.0,996.0,100.0,0.09392,0.00858,0.0,0.083
2026-09-10T13:55:00+12:00,Muriwai 5kW + Batteries,1059.0,100.0,0.0,929.0,100.0,0.08825,0.00833,0.0,0.07742
2026-09-10T14:00:00+12:00,Muriwai 5kW + Batteries,1014.0,100.0,0.0,886.0,100.0,0.0845,0.00833,0.0,0.07383
2026-09-10T14:05:00+12:00,Muriwai 5kW + Batteries,994.0,101.0,0.0,862.0,100.0,0.08283,0.00842,0.0,0.07183
2026-09-10T14:10:00+12:00,Muriwai 5kW + Batteries,1021.0,100.0,0.0,892.0,100.0,0.08508,0.00833,0.0,0.07433
2026-09-10T14:15:00+12:00,Muriwai 5kW + Batteries,1208.0,102.0,0.0,1086.0,100.0,0.10067,0.0085,0.0,0.0905
2026-09-10T14:20:00+12:00,Muriwai 5kW + Batteries,1048.0,99.0,0.0,927.0,100.0,0.08733,0.00825,0.0,0.07725
2026-09-10T14:25:00+12:00,Muriwai 5kW + Batteries,1004.0,94.0,0.0,880.0,100.0,0.08367,0.00783,0.0,0.07333
2026-09-10T14:30:00+12:00,Muriwai 5kW + Batteries,882.0,101.0,0.0,759.0,100.0,0.0735,0.00842,0.0,0.06325
2026-09-10T14:35:00+12:00,Muriwai 5kW + Batteries,891.0,102.0,0.0,763.0,100.0,0.07425,0.0085,0.0,0.06358
2026-09-10T14:40:00+12:00,Muriwai 5kW + Batteries,851.0,95.0,0.0,725.0,100.0,0.07092,0.00792,0.0,0.06042
2026-09-10T14:45:00+12:00,Muriwai 5kW + Batteries,769.0,98.0,0.0,639.0,100.0,0.06408,0.00817,0.0,0.05325
2026-09-10T14:50:00+12:00,Muriwai 5kW + Batteries,749.0,95.0,0.0,630.0,100.0,0.06242,0.00792,0.0,0.0525
2026-09-10T14:55:00+12:00,Muriwai 5kW + Batteries,751.0,99.0,0.0,630.0,100.0,0.06258,0.00825,0.0,0.0525
2026-09-10T15:00:00+12:00,Muriwai 5kW + Batteries,758.0,101.0,0.0,629.0,100.0,0.06317,0.00842,0.0,0.05242
2026-09-10T15:05:00+12:00,Muriwai 5kW + Batteries,902.0,100.0,0.0,773.0,100.0,0.07517,0.00833,0.0,0.06442
2026-09-10T15:10:00+12:00,Muriwai 5kW + Batteries,935.0,105.0,0.0,804.0,100.0,0.07792,0.00875,0.0,0.067
2026-09-10T15:15:00+12:00,Muriwai 5kW + Batteries,654.0,101.0,0.0,534.0,100.0,0.0545,0.00842,0.0,0.0445
2026-09-10T15:20:00+12:00,Muriwai 5kW + Batteries,555.0,102.0,0.0,421.0,100.0,0.04625,0.0085,0.0,0.03508
2026-09-10T15:25:00+12:00,Muriwai 5kW + Batteries,528.0,107.0,0.0,394.0,100.0,0.044,0.00892,0.0,0.03283
2026-09-10T15:30:00+12:00,Muriwai 5kW + Batteries,465.0,113.0,0.0,335.0,100.0,0.03875,0.00942,0.0,0.02792
2026-09-10T15:35:00+12:00,Muriwai 5kW + Batteries,428.0,102.0,0.0,306.0,100.0,0.03567,0.0085,0.0,0.0255
2026-09-10T15:40:00+12:00,Muriwai 5kW + Batteries,397.0,107.0,0.0,270.0,100.0,0.03308,0.00892,0.0,0.0225
2026-09-10T15:50:00+12:00,Muriwai 5kW + Batteries,448.0,106.0,0.0,326.0,100.0,0.03733,0.00883,0.0,0.02717
2026-09-10T15:55:00+12:00,Muriwai 5kW + Batteries,415.0,111.0,0.0,287.0,100.0,0.03458,0.00925,0.0,0.02392
2026-09-10T16:00:00+12:00,Muriwai 5kW + Batteries,397.0,109.0,0.0,268.0,100.0,0.03308,0.00908,0.0,0.02233
2026-09-10T16:05:00+12:00,Muriwai 5kW + Batteries,443.0,112.0,0.0,311.0,100.0,0.03692,0.00933,0.0,0.02592
2026-09-10T16:10:00+12:00,Muriwai 5kW + Batteries,387.0,115.0,0.0,259.0,100.0,0.03225,0.00958,0.0,0.02158
2026-09-10T16:15:00+12:00,Muriwai 5kW + Batteries,422.0,108.0,0.0,292.0,100.0,0.03517,0.009,0.0,0.02433
2026-09-10T16:20:00+12:00,Muriwai 5kW + Batteries,377.0,111.0,0.0,244.0,100.0,0.03142,0.00925,0.0,0.02033
2026-09-10T16:25:00+12:00,Muriwai 5kW + Batteries,299.0,117.0,0.0,162.0,100.0,0.02492,0.00975,0.0,0.0135
2026-09-10T16:30:00+12:00,Muriwai 5kW + Batteries,252.0,112.0,0.0,121.0,100.0,0.021,0.00933,0.0,0.01008
2026-09-10T16:35:00+12:00,Muriwai 5kW + Batteries,221.0,116.0,0.0,84.0,100.0,0.01842,0.00967,0.0,0.007
2026-09-10T16:40:00+12:00,Muriwai 5kW + Batteries,151.0,122.0,0.0,0.0,100.0,0.01258,0.01017,0.0,0.0
2026-09-10T16:45:00+12:00,Muriwai 5kW + Batteries,140.0,114.0,0.0,0.0,100.0,0.01167,0.0095,0.0,0.0
2026-09-10T16:50:00+12:00,Muriwai 5kW + Batteries,157.0,118.0,0.0,0.0,100.0,0.01308,0.00983,0.0,0.0
2026-09-10T16:55:00+12:00,Muriwai 5kW + Batteries,116.0,113.0,0.0,0.0,100.0,0.00967,0.00942,0.0,0.0
2026-09-10T17:00:00+12:00,Muriwai 5kW + Batteries,90.0,114.0,0.0,0.0,100.0,0.0075,0.0095,0.0,0.0
2026-09-10T17:05:00+12:00,Muriwai 5kW + Batteries,71.0,112.0,0.0,0.0,99.0,0.00592,0.00933,0.0,0.0
2026-09-10T17:10:00+12:00,Muriwai 5kW + Batteries,47.0,110.0,0.0,0.0,99.0,0.00392,0.00917,0.0,0.0
2026-09-10T17:15:00+12:00,Muriwai 5kW + Batteries,35.0,111.0,0.0,0.0,99.0,0.00292,0.00925,0.0,0.0
2026-09-10T17:20:00+12:00,Muriwai 5kW + Batteries,21.0,111.0,79.0,0.0,99.0,0.00175,0.00925,0.00658,0.0
2026-09-10T17:25:00+12:00,Muriwai 5kW + Batteries,10.0,103.0,103.0,0.0,99.0,0.00083,0.00858,0.00858,0.0
2026-09-10T17:30:00+12:00,Muriwai 5kW + Batteries,0.0,111.0,137.0,0.0,99.0,0.0,0.00925,0.01142,0.0
2026-09-10T17:35:00+12:00,Muriwai 5kW + Batteries,0.0,110.0,138.0,0.0,99.0,0.0,0.00917,0.0115,0.0
2026-09-10T17:40:00+12:00,Muriwai 5kW + Batteries,0.0,110.0,143.0,0.0,99.0,0.0,0.00917,0.01192,0.0
2026-09-10T17:45:00+12:00,Muriwai 5kW + Batteries,0.0,114.0,150.0,0.0,99.0,0.0,0.0095,0.0125,0.0
2026-09-10T17:50:00+12:00,Muriwai 5kW + Batteries,0.0,115.0,157.0,0.0,99.0,0.0,0.00958,0.01308,0.0
2026-09-10T17:55:00+12:00,Muriwai 5kW + Batteries,0.0,110.0,154.0,0.0,99.0,0.0,0.00917,0.01283,0.0
2026-09-10T18:00:00+12:00,Muriwai 5kW + Batteries,0.0,112.0,156.0,0.0,99.0,0.0,0.00933,0.013,0.0
2026-09-10T18:05:00+12:00,Muriwai 5kW + Batteries,0.0,112.0,157.0,0.0,99.0,0.0,0.00933,0.01308,0.0
2026-09-10T18:10:00+12:00,Muriwai 5kW + Batteries,0.0,114.0,158.0,0.0,99.0,0.0,0.0095,0.01317,0.0
2026-09-10T18:15:00+12:00,Muriwai 5kW + Batteries,0.0,115.0,160.0,0.0,99.0,0.0,0.00958,0.01333,0.0
2026-09-10T18:20:00+12:00,Muriwai 5kW + Batteries,0.0,117.0,162.0,0.0,99.0,0.0,0.00975,0.0135,0.0
2026-09-10T18:25:00+12:00,Muriwai 5kW + Batteries,0.0,117.0,162.0,0.0,100.0,0.0,0.00975,0.0135,0.0
2026-09-10T18:30:00+12:00,Muriwai 5kW + Batteries,0.0,116.0,161.0,0.0,100.0,0.0,0.00967,0.01342,0.0
2026-09-10T18:35:00+12:00,Muriwai 5kW + Batteries,0.0,119.0,165.0,0.0,100.0,0.0,0.00992,0.01375,0.0
2026-09-10T18:40:00+12:00,Muriwai 5kW + Batteries,0.0,116.0,161.0,0.0,100.0,0.0,0.00967,0.01342,0.0
2026-09-10T18:45:00+12:00,Muriwai 5kW + Batteries,0.0,118.0,164.0,0.0,100.0,0.0,0.00983,0.01367,0.0
2026-09-10T18:50:00+12:00,Muriwai 5kW + Batteries,0.0,116.0,162.0,0.0,100.0,0.0,0.00967,0.0135,0.0
2026-09-10T18:55:00+12:00,Muriwai 5kW + Batteries,0.0,117.0,163.0,0.0,100.0,0.0,0.00975,0.01358,0.0
2026-09-10T19:00:00+12:00,Muriwai 5kW + Batteries,0.0,118.0,164.0,0.0,100.0,0.0,0.00983,0.01367,0.0
2026-09-10T19:05:00+12:00,Muriwai 5kW + Batteries,0.0,121.0,166.0,0.0,100.0,0.0,0.01008,0.01383,0.0
2026-09-10T19:10:00+12:00,Muriwai 5kW + Batteries,0.0,123.0,169.0,0.0,100.0,0.0,0.01025,0.01408,0.0
2026-09-10T19:15:00+12:00,Muriwai 5kW + Batteries,0.0,126.0,172.0,0.0,100.0,0.0,0.0105,0.01433,0.0
2026-09-10T19:20:00+12:00,Muriwai 5kW + Batteries,0.0,134.0,180.0,0.0,100.0,0.0,0.01117,0.015,0.0
2026-09-10T19:25:00+12:00,Muriwai 5kW + Batteries,0.0,143.0,189.0,0.0,100.0,0.0,0.01192,0.01575,0.0
2026-09-10T19:30:00+12:00,Muriwai 5kW + Batteries,0.0,143.0,189.0,0.0,100.0,0.0,0.01192,0.01575,0.0
2026-09-10T19:35:00+12:00,Muriwai 5kW + Batteries,0.0,144.0,189.0,0.0,100.0,0.0,0.012,0.01575,0.0
2026-09-10T19:40:00+12:00,Muriwai 5kW + Batteries,0.0,142.0,187.0,0.0,100.0,0.0,0.01183,0.01558,0.0
2026-09-10T19:45:00+12:00,Muriwai 5kW + Batteries,0.0,144.0,190.0,0.0,100.0,0.0,0.012,0.01583,0.0
2026-09-10T19:50:00+12:00,Muriwai 5kW + Batteries,0.0,148.0,194.0,0.0,100.0,0.0,0.01233,0.01617,0.0
2026-09-10T19:55:00+12:00,Muriwai 5kW + Batteries,0.0,155.0,201.0,0.0,100.0,0.0,0.01292,0.01675,0.0
2026-09-10T20:00:00+12:00,Muriwai 5kW + Batteries,0.0,149.0,195.0,0.0,100.0,0.0,0.01242,0.01625,0.0
2026-09-10T20:05:00+12:00,Muriwai 5kW + Batteries,0.0,151.0,196.0,0.0,100.0,0.0,0.01258,0.01633,0.0
2026-09-10T20:10:00+12:00,Muriwai 5kW + Batteries,0.0,149.0,195.0,0.0,100.0,0.0,0.01242,0.01625,0.0
2026-09-10T20:15:00+12:00,Muriwai 5kW + Batteries,0.0,149.0,195.0,0.0,100.0,0.0,0.01242,0.01625,0.0
2026-09-10T20:20:00+12:00,Muriwai 5kW + Batteries,0.0,148.0,194.0,0.0,100.0,0.0,0.01233,0.01617,0.0
2026-09-10T20:25:00+12:00,Muriwai 5kW + Batteries,0.0,147.0,192.0,0.0,100.0,0.0,0.01225,0.016,0.0
2026-09-10T20:30:00+12:00,Muriwai 5kW + Batteries,0.0,151.0,196.0,0.0,100.0,0.0,0.01258,0.01633,0.0
2026-09-10T20:35:00+12:00,Muriwai 5kW + Batteries,0.0,152.0,197.0,0.0,100.0,0.0,0.01267,0.01642,0.0
2026-09-10T20:40:00+12:00,Muriwai 5kW + Batteries,0.0,156.0,202.0,0.0,100.0,0.0,0.013,0.01683,0.0
2026-09-10T20:45:00+12:00,Muriwai 5kW + Batteries,0.0,159.0,204.0,0.0,100.0,0.0,0.01325,0.017,0.0
2026-09-10T20:50:00+12:00,Muriwai 5kW + Batteries,0.0,160.0,206.0,0.0,100.0,0.0,0.01333,0.01717,0.0
2026-09-10T20:55:00+12:00,Muriwai 5kW + Batteries,0.0,159.0,205.0,0.0,100.0,0.0,0.01325,0.01708,0.0
2026-09-10T21:00:00+12:00,Muriwai 5kW + Batteries,0.0,158.0,204.0,0.0,100.0,0.0,0.01317,0.017,0.0
2026-09-10T21:05:00+12:00,Muriwai 5kW + Batteries,0.0,161.0,0.0,0.0,99.0,0.0,0.01342,0.0,0.0
2026-09-10T21:10:00+12:00,Muriwai 5kW + Batteries,0.0,161.0,0.0,0.0,99.0,0.0,0.01342,0.0,0.0
2026-09-10T21:15:00+12:00,Muriwai 5kW + Batteries,0.0,162.0,0.0,0.0,99.0,0.0,0.0135,0.0,0.0
2026-09-10T21:20:00+12:00,Muriwai 5kW + Batteries,0.0,162.0,0.0,0.0,99.0,0.0,0.0135,0.0,0.0
2026-09-10T21:25:00+12:00,Muriwai 5kW + Batteries,0.0,162.0,0.0,0.0,99.0,0.0,0.0135,0.0,0.0
2026-09-10T21:30:00+12:00,Muriwai 5kW + Batteries,0.0,158.0,0.0,0.0,99.0,0.0,0.01317,0.0,0.0
2026-09-10T21:35:00+12:00,Muriwai 5kW + Batteries,0.0,158.0,0.0,0.0,99.0,0.0,0.01317,0.0,0.0
2026-09-10T21:40:00+12:00,Muriwai 5kW + Batteries,0.0,157.0,0.0,0.0,99.0,0.0,0.01308,0.0,0.0
2026-09-10T21:45:00+12:00,Muriwai 5kW + Batteries,0.0,156.0,0.0,0.0,99.0,0.0,0.013,0.0,0.0
2026-09-10T21:50:00+12:00,Muriwai 5kW + Batteries,0.0,155.0,0.0,0.0,99.0,0.0,0.01292,0.0,0.0
2026-09-10T21:55:00+12:00,Muriwai 5kW + Batteries,0.0,156.0,0.0,0.0,98.0,0.0,0.013,0.0,0.0
2026-09-10T22:00:00+12:00,Muriwai 5kW + Batteries,0.0,159.0,0.0,0.0,98.0,0.0,0.01325,0.0,0.0
2026-09-10T22:05:00+12:00,Muriwai 5kW + Batteries,0.0,164.0,0.0,0.0,98.0,0.0,0.01367,0.0,0.0
2026-09-10T22:10:00+12:00,Muriwai 5kW + Batteries,0.0,177.0,0.0,0.0,98.0,0.0,0.01475,0.0,0.0
2026-09-10T22:15:00+12:00,Muriwai 5kW + Batteries,0.0,183.0,0.0,0.0,98.0,0.0,0.01525,0.0,0.0
2026-09-10T22:20:00+12:00,Muriwai 5kW + Batteries,0.0,182.0,0.0,0.0,98.0,0.0,0.01517,0.0,0.0
2026-09-10T22:25:00+12:00,Muriwai 5kW + Batteries,0.0,184.0,0.0,0.0,98.0,0.0,0.01533,0.0,0.0
2026-09-10T22:30:00+12:00,Muriwai 5kW + Batteries,0.0,181.0,0.0,0.0,98.0,0.0,0.01508,0.0,0.0
2026-09-10T22:35:00+12:00,Muriwai 5kW + Batteries,0.0,180.0,0.0,0.0,98.0,0.0,0.015,0.0,0.0
2026-09-10T22:40:00+12:00,Muriwai 5kW + Batteries,0.0,177.0,0.0,0.0,97.0,0.0,0.01475,0.0,0.0
2026-09-10T22:45:00+12:00,Muriwai 5kW + Batteries,0.0,178.0,0.0,0.0,97.0,0.0,0.01483,0.0,0.0
2026-09-10T22:50:00+12:00,Muriwai 5kW + Batteries,0.0,179.0,0.0,0.0,97.0,0.0,0.01492,0.0,0.0
2026-09-10T22:55:00+12:00,Muriwai 5kW + Batteries,0.0,178.0,0.0,0.0,97.0,0.0,0.01483,0.0,0.0
2026-09-10T23:00:00+12:00,Muriwai 5kW + Batteries,0.0,179.0,0.0,0.0,97.0,0.0,0.01492,0.0,0.0
2026-09-10T23:05:00+12:00,Muriwai 5kW + Batteries,0.0,177.0,0.0,0.0,97.0,0.0,0.01475,0.0,0.0
2026-09-10T23:10:00+12:00,Muriwai 5kW + Batteries,0.0,177.0,0.0,0.0,97.0,0.0,0.01475,0.0,0.0
2026-09-10T23:15:00+12:00,Muriwai 5kW + Batteries,0.0,177.0,0.0,0.0,97.0,0.0,0.01475,0.0,0.0
2026-09-10T23:20:00+12:00,Muriwai 5kW + Batteries,0.0,177.0,0.0,0.0,97.0,0.0,0.01475,0.0,0.0
2026-09-10T23:25:00+12:00,Muriwai 5kW + Batteries,0.0,177.0,0.0,0.0,96.0,0.0,0.01475,0.0,0.0
2026-09-10T23:30:00+12:00,Muriwai 5kW + Batteries,0.0,173.0,0.0,0.0,96.0,0.0,0.01442,0.0,0.0
2026-09-10T23:35:00+12:00,Muriwai 5kW + Batteries,0.0,172.0,0.0,0.0,96.0,0.0,0.01433,0.0,0.0
2026-09-10T23:40:00+12:00,Muriwai 5kW + Batteries,0.0,175.0,0.0,0.0,96.0,0.0,0.01458,0.0,0.0
2026-09-10T23:45:00+12:00,Muriwai 5kW + Batteries,0.0,173.0,0.0,0.0,96.0,0.0,0.01442,0.0,0.0
2026-09-10T23:50:00+12:00,Muriwai 5kW + Batteries,0.0,174.0,0.0,0.0,96.0,0.0,0.0145,0.0,0.0
2026-09-10T23:55:00+12:00,Muriwai 5kW + Batteries,0.0,175.0,0.0,0.0,96.0,0.0,0.01458,0.0,0.0
2026-09-11T00:00:00+12:00,Muriwai 5kW + Batteries,0.0,172.0,0.0,0.0,96.0,0.0,0.01433,0.0,0.0
2026-09-11T00:05:00+12:00,Muriwai 5kW + Batteries,0.0,175.0,0.0,0.0,96.0,0.0,0.01458,0.0,0.0
2026-09-11T00:10:00+12:00,Muriwai 5kW + Batteries,0.0,172.0,0.0,0.0,95.0,0.0,0.01433,0.0,0.0
2026-09-11T00:15:00+12:00,Muriwai 5kW + Batteries,0.0,173.0,0.0,0.0,95.0,0.0,0.01442,0.0,0.0
2026-09-11T00:20:00+12:00,Muriwai 5kW + Batteries,0.0,173.0,0.0,0.0,95.0,0.0,0.01442,0.0,0.0
2026-09-11T00:25:00+12:00,Muriwai 5kW + Batteries,0.0,176.0,0.0,0.0,95.0,0.0,0.01467,0.0,0.0
2026-09-11T00:30:00+12:00,Muriwai 5kW + Batteries,0.0,175.0,0.0,0.0,95.0,0.0,0.01458,0.0,0.0
2026-09-11T00:35:00+12:00,Muriwai 5kW + Batteries,0.0,176.0,0.0,0.0,95.0,0.0,0.01467,0.0,0.0
2026-09-11T00:40:00+12:00,Muriwai 5kW + Batteries,0.0,179.0,0.0,0.0,95.0,0.0,0.01492,0.0,0.0
2026-09-11T00:45:00+12:00,Muriwai 5kW + Batteries,0.0,175.0,0.0,0.0,95.0,0.0,0.01458,0.0,0.0
2026-09-11T00:50:00+12:00,Muriwai 5kW + Batteries,0.0,176.0,0.0,0.0,95.0,0.0,0.01467,0.0,0.0
2026-09-11T00:55:00+12:00,Muriwai 5kW + Batteries,0.0,179.0,0.0,0.0,94.0,0.0,0.01492,0.0,0.0
2026-09-11T01:00:00+12:00,Muriwai 5kW + Batteries,0.0,178.0,0.0,0.0,94.0,0.0,0.01483,0.0,0.0
2026-09-11T01:05:00+12:00,Muriwai 5kW + Batteries,0.0,176.0,0.0,0.0,94.0,0.0,0.01467,0.0,0.0
2026-09-11T01:10:00+12:00,Muriwai 5kW + Batteries,0.0,177.0,0.0,0.0,94.0,0.0,0.01475,0.0,0.0
2026-09-11T01:15:00+12:00,Muriwai 5kW + Batteries,0.0,176.0,0.0,0.0,94.0,0.0,0.01467,0.0,0.0
2026-09-11T01:20:00+12:00,Muriwai 5kW + Batteries,0.0,177.0,0.0,0.0,94.0,0.0,0.01475,0.0,0.0
2026-09-11T01:25:00+12:00,Muriwai 5kW + Batteries,0.0,175.0,0.0,0.0,94.0,0.0,0.01458,0.0,0.0
2026-09-11T01:30:00+12:00,Muriwai 5kW + Batteries,0.0,174.0,0.0,0.0,94.0,0.0,0.0145,0.0,0.0
2026-09-11T01:35:00+12:00,Muriwai 5kW + Batteries,0.0,178.0,0.0,0.0,94.0,0.0,0.01483,0.0,0.0
2026-09-11T01:40:00+12:00,Muriwai 5kW + Batteries,0.0,176.0,0.0,0.0,93.0,0.0,0.01467,0.0,0.0
2026-09-11T01:45:00+12:00,Muriwai 5kW + Batteries,0.0,180.0,0.0,0.0,93.0,0.0,0.015,0.0,0.0
2026-09-11T01:50:00+12:00,Muriwai 5kW + Batteries,0.0,181.0,0.0,0.0,93.0,0.0,0.01508,0.0,0.0
2026-09-11T01:55:00+12:00,Muriwai 5kW + Batteries,0.0,183.0,0.0,0.0,93.0,0.0,0.01525,0.0,0.0
2026-09-11T02:00:00+12:00,Muriwai 5kW + Batteries,0.0,183.0,0.0,0.0,93.0,0.0,0.01525,0.0,0.0
2026-09-11T02:05:00+12:00,Muriwai 5kW + Batteries,0.0,184.0,0.0,0.0,93.0,0.0,0.01533,0.0,0.0
2026-09-11T02:10:00+12:00,Muriwai 5kW + Batteries,0.0,182.0,0.0,0.0,93.0,0.0,0.01517,0.0,0.0
2026-09-11T02:15:00+12:00,Muriwai 5kW + Batteries,0.0,183.0,0.0,0.0,93.0,0.0,0.01525,0.0,0.0
2026-09-11T02:20:00+12:00,Muriwai 5kW + Batteries,0.0,184.0,0.0,0.0,93.0,0.0,0.01533,0.0,0.0
2026-09-11T02:25:00+12:00,Muriwai 5kW + Batteries,0.0,186.0,0.0,0.0,92.0,0.0,0.0155,0.0,0.0
2026-09-11T02:30:00+12:00,Muriwai 5kW + Batteries,0.0,184.0,0.0,0.0,92.0,0.0,0.01533,0.0,0.0
2026-09-11T02:35:00+12:00,Muriwai 5kW + Batteries,0.0,186.0,0.0,0.0,92.0,0.0,0.0155,0.0,0.0
2026-09-11T02:40:00+12:00,Muriwai 5kW + Batteries,0.0,186.0,0.0,0.0,92.0,0.0,0.0155,0.0,0.0
2026-09-11T02:45:00+12:00,Muriwai 5kW + Batteries,0.0,186.0,0.0,0.0,92.0,0.0,0.0155,0.0,0.0
2026-09-11T02:50:00+12:00,Muriwai 5kW + Batteries,0.0,188.0,0.0,0.0,92.0,0.0,0.01567,0.0,0.0
2026-09-11T02:55:00+12:00,Muriwai 5kW + Batteries,0.0,186.0,0.0,0.0,92.0,0.0,0.0155,0.0,0.0
2026-09-11T03:00:00+12:00,Muriwai 5kW + Batteries,0.0,188.0,0.0,0.0,92.0,0.0,0.01567,0.0,0.0
2026-09-11T03:05:00+12:00,Muriwai 5kW + Batteries,0.0,188.0,0.0,0.0,91.0,0.0,0.01567,0.0,0.0
2026-09-11T03:10:00+12:00,Muriwai 5kW + Batteries,0.0,186.0,0.0,0.0,91.0,0.0,0.0155,0.0,0.0
2026-09-11T03:15:00+12:00,Muriwai 5kW + Batteries,0.0,188.0,0.0,0.0,91.0,0.0,0.01567,0.0,0.0
2026-09-11T03:20:00+12:00,Muriwai 5kW + Batteries,0.0,189.0,0.0,0.0,91.0,0.0,0.01575,0.0,0.0
2026-09-11T03:25:00+12:00,Muriwai 5kW + Batteries,0.0,187.0,0.0,0.0,91.0,0.0,0.01558,0.0,0.0
2026-09-11T03:30:00+12:00,Muriwai 5kW + Batteries,0.0,190.0,0.0,0.0,91.0,0.0,0.01583,0.0,0.0
2026-09-11T03:35:00+12:00,Muriwai 5kW + Batteries,0.0,191.0,0.0,0.0,91.0,0.0,0.01592,0.0,0.0
2026-09-11T03:40:00+12:00,Muriwai 5kW + Batteries,0.0,190.0,0.0,0.0,91.0,0.0,0.01583,0.0,0.0
2026-09-11T03:45:00+12:00,Muriwai 5kW + Batteries,0.0,191.0,0.0,0.0,91.0,0.0,0.01592,0.0,0.0
2026-09-11T03:50:00+12:00,Muriwai 5kW + Batteries,0.0,190.0,0.0,0.0,90.0,0.0,0.01583,0.0,0.0
2026-09-11T03:55:00+12:00,Muriwai 5kW + Batteries,0.0,190.0,0.0,0.0,90.0,0.0,0.01583,0.0,0.0
2026-09-11T04:00:00+12:00,Muriwai 5kW + Batteries,0.0,188.0,0.0,0.0,90.0,0.0,0.01567,0.0,0.0
2026-09-11T04:05:00+12:00,Muriwai 5kW + Batteries,0.0,188.0,0.0,0.0,90.0,0.0,0.01567,0.0,0.0
2026-09-11T04:10:00+12:00,Muriwai 5kW + Batteries,0.0,189.0,0.0,0.0,90.0,0.0,0.01575,0.0,0.0
2026-09-11T04:15:00+12:00,Muriwai 5kW + Batteries,0.0,187.0,0.0,0.0,90.0,0.0,0.01558,0.0,0.0
2026-09-11T04:20:00+12:00,Muriwai 5kW + Batteries,0.0,187.0,0.0,0.0,90.0,0.0,0.01558,0.0,0.0
2026-09-11T04:25:00+12:00,Muriwai 5kW + Batteries,0.0,186.0,0.0,0.0,90.0,0.0,0.0155,0.0,0.0
2026-09-11T04:30:00+12:00,Muriwai 5kW + Batteries,0.0,187.0,0.0,0.0,90.0,0.0,0.01558,0.0,0.0
2026-09-11T04:35:00+12:00,Muriwai 5kW + Batteries,0.0,185.0,0.0,0.0,89.0,0.0,0.01542,0.0,0.0
2026-09-11T04:40:00+12:00,Muriwai 5kW + Batteries,0.0,185.0,0.0,0.0,89.0,0.0,0.01542,0.0,0.0
2026-09-11T04:45:00+12:00,Muriwai 5kW + Batteries,0.0,184.0,0.0,0.0,89.0,0.0,0.01533,0.0,0.0
2026-09-11T04:50:00+12:00,Muriwai 5kW + Batteries,0.0,182.0,0.0,0.0,89.0,0.0,0.01517,0.0,0.0
2026-09-11T04:55:00+12:00,Muriwai 5kW + Batteries,0.0,182.0,0.0,0.0,89.0,0.0,0.01517,0.0,0.0
2026-09-11T05:00:00+12:00,Muriwai 5kW + Batteries,0.0,178.0,0.0,0.0,89.0,0.0,0.01483,0.0,0.0
2026-09-11T05:05:00+12:00,Muriwai 5kW + Batteries,0.0,178.0,0.0,0.0,89.0,0.0,0.01483,0.0,0.0
2026-09-11T05:10:00+12:00,Muriwai 5kW + Batteries,0.0,180.0,0.0,0.0,89.0,0.0,0.015,0.0,0.0
2026-09-11T05:15:00+12:00,Muriwai 5kW + Batteries,0.0,178.0,0.0,0.0,88.0,0.0,0.01483,0.0,0.0
2026-09-11T05:20:00+12:00,Muriwai 5kW + Batteries,0.0,182.0,0.0,0.0,88.0,0.0,0.01517,0.0,0.0
2026-09-11T05:25:00+12:00,Muriwai 5kW + Batteries,0.0,182.0,0.0,0.0,88.0,0.0,0.01517,0.0,0.0
2026-09-11T05:30:00+12:00,Muriwai 5kW + Batteries,0.0,180.0,0.0,0.0,88.0,0.0,0.015,0.0,0.0
2026-09-11T05:35:00+12:00,Muriwai 5kW + Batteries,0.0,178.0,0.0,0.0,88.0,0.0,0.01483,0.0,0.0
2026-09-11T05:40:00+12:00,Muriwai 5kW + Batteries,0.0,178.0,0.0,0.0,88.0,0.0,0.01483,0.0,0.0
2026-09-11T05:45:00+12:00,Muriwai 5kW + Batteries,0.0,176.0,0.0,0.0,88.0,0.0,0.01467,0.0,0.0
2026-09-11T05:50:00+12:00,Muriwai 5kW + Batteries,0.0,176.0,0.0,0.0,88.0,0.0,0.01467,0.0,0.0
2026-09-11T05:55:00+12:00,Muriwai 5kW + Batteries,0.0,172.0,0.0,0.0,88.0,0.0,0.01433,0.0,0.0
2026-09-11T06:00:00+12:00,Muriwai 5kW + Batteries,0.0,177.0,0.0,0.0,87.0,0.0,0.01475,0.0,0.0
2026-09-11T06:05:00+12:00,Muriwai 5kW + Batteries,0.0,175.0,0.0,0.0,87.0,0.0,0.01458,0.0,0.0
2026-09-11T06:10:00+12:00,Muriwai 5kW + Batteries,0.0,174.0,0.0,0.0,87.0,0.0,0.0145,0.0,0.0
2026-09-11T06:15:00+12:00,Muriwai 5kW + Batteries,0.0,174.0,0.0,0.0,87.0,0.0,0.0145,0.0,0.0
2026-09-11T06:20:00+12:00,Muriwai 5kW + Batteries,0.0,176.0,0.0,0.0,87.0,0.0,0.01467,0.0,0.0
2026-09-11T06:25:00+12:00,Muriwai 5kW + Batteries,17.0,170.0,0.0,0.0,87.0,0.00142,0.01417,0.0,0.0
2026-09-11T06:30:00+12:00,Muriwai 5kW + Batteries,14.0,172.0,0.0,0.0,87.0,0.00117,0.01433,0.0,0.0
2026-09-11T06:35:00+12:00,Muriwai 5kW + Batteries,34.0,169.0,0.0,0.0,87.0,0.00283,0.01408,0.0,0.0
2026-09-11T06:40:00+12:00,Muriwai 5kW + Batteries,43.0,170.0,0.0,0.0,87.0,0.00358,0.01417,0.0,0.0
2026-09-11T06:45:00+12:00,Muriwai 5kW + Batteries,96.0,171.0,0.0,0.0,87.0,0.008,0.01425,0.0,0.0
2026-09-11T06:50:00+12:00,Muriwai 5kW + Batteries,135.0,174.0,0.0,0.0,87.0,0.01125,0.0145,0.0,0.0
2026-09-11T06:55:00+12:00,Muriwai 5kW + Batteries,191.0,171.0,0.0,0.0,87.0,0.01592,0.01425,0.0,0.0
2026-09-11T07:00:00+12:00,Muriwai 5kW + Batteries,813.0,178.0,0.0,0.0,87.0,0.06775,0.01483,0.0,0.0
2026-09-11T07:05:00+12:00,Muriwai 5kW + Batteries,1081.0,174.0,0.0,0.0,87.0,0.09008,0.0145,0.0,0.0
2026-09-11T07:10:00+12:00,Muriwai 5kW + Batteries,1338.0,179.0,0.0,0.0,88.0,0.1115,0.01492,0.0,0.0
2026-09-11T07:15:00+12:00,Muriwai 5kW + Batteries,1531.0,177.0,0.0,0.0,89.0,0.12758,0.01475,0.0,0.0
2026-09-11T07:20:00+12:00,Muriwai 5kW + Batteries,1702.0,175.0,0.0,0.0,89.0,0.14183,0.01458,0.0,0.0
2026-09-11T07:25:00+12:00,Muriwai 5kW + Batteries,1957.0,177.0,0.0,0.0,90.0,0.16308,0.01475,0.0,0.0
2026-09-11T07:30:00+12:00,Muriwai 5kW + Batteries,539.0,175.0,0.0,0.0,91.0,0.04492,0.01458,0.0,0.0
2026-09-11T07:35:00+12:00,Muriwai 5kW + Batteries,726.0,172.0,0.0,0.0,91.0,0.0605,0.01433,0.0,0.0
2026-09-11T07:40:00+12:00,Muriwai 5kW + Batteries,526.0,175.0,0.0,0.0,91.0,0.04383,0.01458,0.0,0.0
2026-09-11T07:45:00+12:00,Muriwai 5kW + Batteries,508.0,169.0,0.0,0.0,92.0,0.04233,0.01408,0.0,0.0
2026-09-11T07:50:00+12:00,Muriwai 5kW + Batteries,641.0,173.0,0.0,0.0,92.0,0.05342,0.01442,0.0,0.0
2026-09-11T07:55:00+12:00,Muriwai 5kW + Batteries,764.0,174.0,0.0,0.0,92.0,0.06367,0.0145,0.0,0.0
2026-09-11T08:00:00+12:00,Muriwai 5kW + Batteries,804.0,172.0,0.0,0.0,93.0,0.067,0.01433,0.0,0.0
2026-09-11T08:05:00+12:00,Muriwai 5kW + Batteries,811.0,169.0,0.0,0.0,93.0,0.06758,0.01408,0.0,0.0
2026-09-11T08:10:00+12:00,Muriwai 5kW + Batteries,788.0,170.0,0.0,0.0,93.0,0.06567,0.01417,0.0,0.0
2026-09-11T08:15:00+12:00,Muriwai 5kW + Batteries,819.0,164.0,0.0,0.0,94.0,0.06825,0.01367,0.0,0.0
2026-09-11T08:20:00+12:00,Muriwai 5kW + Batteries,681.0,162.0,0.0,0.0,94.0,0.05675,0.0135,0.0,0.0
2026-09-11T08:25:00+12:00,Muriwai 5kW + Batteries,623.0,163.0,0.0,0.0,94.0,0.05192,0.01358,0.0,0.0
2026-09-11T08:30:00+12:00,Muriwai 5kW + Batteries,566.0,177.0,0.0,0.0,94.0,0.04717,0.01475,0.0,0.0
2026-09-11T08:35:00+12:00,Muriwai 5kW + Batteries,564.0,167.0,0.0,0.0,95.0,0.047,0.01392,0.0,0.0
2026-09-11T08:40:00+12:00,Muriwai 5kW + Batteries,632.0,167.0,0.0,0.0,95.0,0.05267,0.01392,0.0,0.0
2026-09-11T08:45:00+12:00,Muriwai 5kW + Batteries,749.0,161.0,0.0,0.0,95.0,0.06242,0.01342,0.0,0.0
2026-09-11T08:50:00+12:00,Muriwai 5kW + Batteries,666.0,167.0,0.0,0.0,96.0,0.0555,0.01392,0.0,0.0
2026-09-11T08:55:00+12:00,Muriwai 5kW + Batteries,688.0,165.0,0.0,0.0,96.0,0.05733,0.01375,0.0,0.0
2026-09-11T09:00:00+12:00,Muriwai 5kW + Batteries,693.0,165.0,0.0,0.0,96.0,0.05775,0.01375,0.0,0.0
2026-09-11T09:05:00+12:00,Muriwai 5kW + Batteries,791.0,161.0,0.0,0.0,97.0,0.06592,0.01342,0.0,0.0
2026-09-11T09:10:00+12:00,Muriwai 5kW + Batteries,782.0,161.0,0.0,0.0,97.0,0.06517,0.01342,0.0,0.0
2026-09-11T09:15:00+12:00,Muriwai 5kW + Batteries,725.0,159.0,0.0,0.0,97.0,0.06042,0.01325,0.0,0.0
2026-09-11T09:20:00+12:00,Muriwai 5kW + Batteries,721.0,160.0,0.0,0.0,98.0,0.06008,0.01333,0.0,0.0
2026-09-11T09:25:00+12:00,Muriwai 5kW + Batteries,689.0,158.0,0.0,0.0,98.0,0.05742,0.01317,0.0,0.0
2026-09-11T09:30:00+12:00,Muriwai 5kW + Batteries,793.0,160.0,0.0,0.0,98.0,0.06608,0.01333,0.0,0.0
2026-09-11T09:35:00+12:00,Muriwai 5kW + Batteries,858.0,158.0,0.0,0.0,99.0,0.0715,0.01317,0.0,0.0
2026-09-11T09:40:00+12:00,Muriwai 5kW + Batteries,950.0,160.0,0.0,0.0,99.0,0.07917,0.01333,0.0,0.0
2026-09-11T09:45:00+12:00,Muriwai 5kW + Batteries,1342.0,159.0,0.0,0.0,99.0,0.11183,0.01325,0.0,0.0
2026-09-11T09:50:00+12:00,Muriwai 5kW + Batteries,1452.0,161.0,0.0,0.0,100.0,0.121,0.01342,0.0,0.0
2026-09-11T09:55:00+12:00,Muriwai 5kW + Batteries,2022.0,156.0,0.0,0.0,100.0,0.1685,0.013,0.0,0.0
2026-09-11T10:00:00+12:00,Muriwai 5kW + Batteries,2445.0,135.0,0.0,1296.0,100.0,0.20375,0.01125,0.0,0.108
2026-09-11T10:05:00+12:00,Muriwai 5kW + Batteries,3407.0,152.0,0.0,3216.0,100.0,0.28392,0.01267,0.0,0.268
2026-09-11T10:10:00+12:00,Muriwai 5kW + Batteries,977.0,122.0,0.0,822.0,99.0,0.08142,0.01017,0.0,0.0685
2026-09-11T10:15:00+12:00,Muriwai 5kW + Batteries,733.0,115.0,0.0,583.0,100.0,0.06108,0.00958,0.0,0.04858
2026-09-11T10:20:00+12:00,Muriwai 5kW + Batteries,2747.0,134.0,0.0,2610.0,99.0,0.22892,0.01117,0.0,0.2175
2026-09-11T10:25:00+12:00,Muriwai 5kW + Batteries,806.0,118.0,0.0,660.0,100.0,0.06717,0.00983,0.0,0.055
2026-09-11T10:30:00+12:00,Muriwai 5kW + Batteries,767.0,116.0,0.0,625.0,100.0,0.06392,0.00967,0.0,0.05208
2026-09-11T10:35:00+12:00,Muriwai 5kW + Batteries,3349.0,149.0,0.0,3182.0,100.0,0.27908,0.01242,0.0,0.26517
2026-09-11T10:40:00+12:00,Muriwai 5kW + Batteries,3135.0,144.0,0.0,2960.0,100.0,0.26125,0.012,0.0,0.24667
2026-09-11T10:45:00+12:00,Muriwai 5kW + Batteries,3110.0,142.0,0.0,2924.0,100.0,0.25917,0.01183,0.0,0.24367
2026-09-11T10:50:00+12:00,Muriwai 5kW + Batteries,3099.0,134.0,0.0,2921.0,100.0,0.25825,0.01117,0.0,0.24342
2026-09-11T10:55:00+12:00,Muriwai 5kW + Batteries,3088.0,137.0,0.0,2915.0,100.0,0.25733,0.01142,0.0,0.24292
2026-09-11T11:00:00+12:00,Muriwai 5kW + Batteries,3089.0,140.0,0.0,2913.0,100.0,0.25742,0.01167,0.0,0.24275
2026-09-11T11:05:00+12:00,Muriwai 5kW + Batteries,3167.0,136.0,0.0,2997.0,100.0,0.26392,0.01133,0.0,0.24975
2026-09-11T11:10:00+12:00,Muriwai 5kW + Batteries,3507.0,139.0,0.0,3348.0,100.0,0.29225,0.01158,0.0,0.279
2026-09-11T11:15:00+12:00,Muriwai 5kW + Batteries,1817.0,116.0,0.0,1685.0,100.0,0.15142,0.00967,0.0,0.14042
2026-09-11T11:20:00+12:00,Muriwai 5kW + Batteries,1021.0,107.0,0.0,886.0,100.0,0.08508,0.00892,0.0,0.07383
2026-09-11T11:25:00+12:00,Muriwai 5kW + Batteries,964.0,103.0,0.0,831.0,100.0,0.08033,0.00858,0.0,0.06925
2026-09-11T11:30:00+12:00,Muriwai 5kW + Batteries,907.0,101.0,0.0,779.0,100.0,0.07558,0.00842,0.0,0.06492
2026-09-11T11:35:00+12:00,Muriwai 5kW + Batteries,998.0,102.0,0.0,868.0,100.0,0.08317,0.0085,0.0,0.07233
2026-09-11T11:40:00+12:00,Muriwai 5kW + Batteries,1075.0,105.0,0.0,951.0,100.0,0.08958,0.00875,0.0,0.07925
2026-09-11T11:45:00+12:00,Muriwai 5kW + Batteries,1668.0,111.0,0.0,1548.0,100.0,0.139,0.00925,0.0,0.129
2026-09-11T11:50:00+12:00,Muriwai 5kW + Batteries,3854.0,125.0,0.0,3714.0,100.0,0.32117,0.01042,0.0,0.3095
2026-09-11T11:55:00+12:00,Muriwai 5kW + Batteries,2744.0,115.0,0.0,2627.0,100.0,0.22867,0.00958,0.0,0.21892
2026-09-11T12:00:00+12:00,Muriwai 5kW + Batteries,1883.0,108.0,0.0,1749.0,99.0,0.15692,0.009,0.0,0.14575
2026-09-11T12:05:00+12:00,Muriwai 5kW + Batteries,1046.0,105.0,0.0,910.0,100.0,0.08717,0.00875,0.0,0.07583
2026-09-11T12:10:00+12:00,Muriwai 5kW + Batteries,1688.0,112.0,0.0,1588.0,100.0,0.14067,0.00933,0.0,0.13233
2026-09-11T12:15:00+12:00,Muriwai 5kW + Batteries,2742.0,118.0,0.0,2589.0,100.0,0.2285,0.00983,0.0,0.21575
2026-09-11T12:20:00+12:00,Muriwai 5kW + Batteries,2703.0,117.0,0.0,2552.0,100.0,0.22525,0.00975,0.0,0.21267
2026-09-11T12:25:00+12:00,Muriwai 5kW + Batteries,2636.0,114.0,0.0,2488.0,100.0,0.21967,0.0095,0.0,0.20733
2026-09-11T12:30:00+12:00,Muriwai 5kW + Batteries,2598.0,112.0,0.0,2461.0,100.0,0.2165,0.00933,0.0,0.20508
2026-09-11T12:35:00+12:00,Muriwai 5kW + Batteries,2541.0,111.0,0.0,2406.0,100.0,0.21175,0.00925,0.0,0.2005
2026-09-11T12:40:00+12:00,Muriwai 5kW + Batteries,2509.0,113.0,0.0,2366.0,100.0,0.20908,0.00942,0.0,0.19717
2026-09-11T12:45:00+12:00,Muriwai 5kW + Batteries,2459.0,109.0,0.0,2319.0,100.0,0.20492,0.00908,0.0,0.19325
2026-09-11T12:50:00+12:00,Muriwai 5kW + Batteries,2418.0,112.0,0.0,2272.0,100.0,0.2015,0.00933,0.0,0.18933
2026-09-11T12:55:00+12:00,Muriwai 5kW + Batteries,2377.0,112.0,0.0,2243.0,100.0,0.19808,0.00933,0.0,0.18692
2026-09-11T13:00:00+12:00,Muriwai 5kW + Batteries,2398.0,113.0,0.0,2252.0,100.0,0.19983,0.00942,0.0,0.18767
2026-09-11T13:05:00+12:00,Muriwai 5kW + Batteries,2311.0,115.0,0.0,2162.0,100.0,0.19258,0.00958,0.0,0.18017
2026-09-11T13:10:00+12:00,Muriwai 5kW + Batteries,2231.0,112.0,0.0,2080.0,100.0,0.18592,0.00933,0.0,0.17333
2026-09-11T13:15:00+12:00,Muriwai 5kW + Batteries,2178.0,112.0,0.0,2037.0,100.0,0.1815,0.00933,0.0,0.16975
2026-09-11T13:20:00+12:00,Muriwai 5kW + Batteries,2133.0,111.0,0.0,1987.0,100.0,0.17775,0.00925,0.0,0.16558
2026-09-11T13:25:00+12:00,Muriwai 5kW + Batteries,2074.0,112.0,0.0,1926.0,100.0,0.17283,0.00933,0.0,0.1605
2026-09-11T13:30:00+12:00,Muriwai 5kW + Batteries,2010.0,114.0,0.0,1863.0,100.0,0.1675,0.0095,0.0,0.15525
2026-09-11T13:35:00+12:00,Muriwai 5kW + Batteries,1946.0,108.0,0.0,1805.0,100.0,0.16217,0.009,0.0,0.15042
2026-09-11T13:40:00+12:00,Muriwai 5kW + Batteries,1877.0,115.0,0.0,1738.0,100.0,0.15642,0.00958,0.0,0.14483
2026-09-11T13:45:00+12:00,Muriwai 5kW + Batteries,1820.0,106.0,0.0,1680.0,100.0,0.15167,0.00883,0.0,0.14
2026-09-11T13:50:00+12:00,Muriwai 5kW + Batteries,1748.0,112.0,0.0,1609.0,100.0,0.14567,0.00933,0.0,0.13408
2026-09-11T13:55:00+12:00,Muriwai 5kW + Batteries,1684.0,111.0,0.0,1549.0,100.0,0.14033,0.00925,0.0,0.12908
2026-09-11T14:00:00+12:00,Muriwai 5kW + Batteries,1625.0,109.0,0.0,1496.0,100.0,0.13542,0.00908,0.0,0.12467
2026-09-11T14:05:00+12:00,Muriwai 5kW + Batteries,1563.0,106.0,0.0,1430.0,100.0,0.13025,0.00883,0.0,0.11917
2026-09-11T14:10:00+12:00,Muriwai 5kW + Batteries,1481.0,103.0,0.0,1364.0,100.0,0.12342,0.00858,0.0,0.11367
2026-09-11T14:15:00+12:00,Muriwai 5kW + Batteries,1415.0,106.0,0.0,1295.0,100.0,0.11792,0.00883,0.0,0.10792
2026-09-11T14:20:00+12:00,Muriwai 5kW + Batteries,579.0,99.0,0.0,452.0,100.0,0.04825,0.00825,0.0,0.03767
2026-09-11T14:25:00+12:00,Muriwai 5kW + Batteries,465.0,108.0,0.0,330.0,100.0,0.03875,0.009,0.0,0.0275
2026-09-11T14:30:00+12:00,Muriwai 5kW + Batteries,674.0,99.0,0.0,541.0,100.0,0.05617,0.00825,0.0,0.04508
2026-09-11T14:35:00+12:00,Muriwai 5kW + Batteries,859.0,99.0,0.0,731.0,100.0,0.07158,0.00825,0.0,0.06092
2026-09-11T14:40:00+12:00,Muriwai 5kW + Batteries,831.0,96.0,0.0,706.0,100.0,0.06925,0.008,0.0,0.05883
2026-09-11T14:45:00+12:00,Muriwai 5kW + Batteries,721.0,95.0,0.0,597.0,100.0,0.06008,0.00792,0.0,0.04975
2026-09-11T14:50:00+12:00,Muriwai 5kW + Batteries,1159.0,102.0,0.0,1043.0,100.0,0.09658,0.0085,0.0,0.08692
2026-09-11T14:55:00+12:00,Muriwai 5kW + Batteries,494.0,102.0,0.0,372.0,100.0,0.04117,0.0085,0.0,0.031
2026-09-11T15:00:00+12:00,Muriwai 5kW + Batteries,665.0,98.0,0.0,550.0,100.0,0.05542,0.00817,0.0,0.04583
2026-09-11T15:05:00+12:00,Muriwai 5kW + Batteries,930.0,98.0,0.0,816.0,100.0,0.0775,0.00817,0.0,0.068
2026-09-11T15:10:00+12:00,Muriwai 5kW + Batteries,831.0,99.0,0.0,707.0,100.0,0.06925,0.00825,0.0,0.05892
2026-09-11T15:15:00+12:00,Muriwai 5kW + Batteries,600.0,102.0,0.0,474.0,100.0,0.05,0.0085,0.0,0.0395
2026-09-11T15:20:00+12:00,Muriwai 5kW + Batteries,505.0,503.0,0.0,0.0,100.0,0.04208,0.04192,0.0,0.0
2026-09-11T15:25:00+12:00,Muriwai 5kW + Batteries,238.0,555.0,330.0,0.0,100.0,0.01983,0.04625,0.0275,0.0
2026-09-11T15:30:00+12:00,Muriwai 5kW + Batteries,352.0,551.0,217.0,0.0,100.0,0.02933,0.04592,0.01808,0.0
2026-09-11T15:35:00+12:00,Muriwai 5kW + Batteries,286.0,554.0,281.0,0.0,100.0,0.02383,0.04617,0.02342,0.0
2026-09-11T15:40:00+12:00,Muriwai 5kW + Batteries,259.0,553.0,307.0,0.0,100.0,0.02158,0.04608,0.02558,0.0
2026-09-11T15:45:00+12:00,Muriwai 5kW + Batteries,218.0,588.0,383.0,0.0,100.0,0.01817,0.049,0.03192,0.0
2026-09-11T15:50:00+12:00,Muriwai 5kW + Batteries,158.0,664.0,520.0,0.0,100.0,0.01317,0.05533,0.04333,0.0
2026-09-11T15:55:00+12:00,Muriwai 5kW + Batteries,298.0,673.0,389.0,0.0,100.0,0.02483,0.05608,0.03242,0.0
2026-09-11T16:00:00+12:00,Muriwai 5kW + Batteries,308.0,591.0,301.0,0.0,100.0,0.02567,0.04925,0.02508,0.0
2026-09-11T16:05:00+12:00,Muriwai 5kW + Batteries,202.0,560.0,371.0,0.0,100.0,0.01683,0.04667,0.03092,0.0
2026-09-11T16:10:00+12:00,Muriwai 5kW + Batteries,152.0,557.0,419.0,0.0,100.0,0.01267,0.04642,0.03492,0.0
2026-09-11T16:15:00+12:00,Muriwai 5kW + Batteries,116.0,560.0,451.0,0.0,100.0,0.00967,0.04667,0.03758,0.0
2026-09-11T16:20:00+12:00,Muriwai 5kW + Batteries,106.0,559.0,457.0,0.0,100.0,0.00883,0.04658,0.03808,0.0
2026-09-11T16:25:00+12:00,Muriwai 5kW + Batteries,110.0,565.0,472.0,0.0,100.0,0.00917,0.04708,0.03933,0.0
2026-09-11T16:30:00+12:00,Muriwai 5kW + Batteries,102.0,569.0,480.0,0.0,100.0,0.0085,0.04742,0.04,0.0
2026-09-11T16:35:00+12:00,Muriwai 5kW + Batteries,102.0,571.0,488.0,0.0,100.0,0.0085,0.04758,0.04067,0.0
2026-09-11T16:40:00+12:00,Muriwai 5kW + Batteries,98.0,574.0,491.0,0.0,100.0,0.00817,0.04783,0.04092,0.0
2026-09-11T16:45:00+12:00,Muriwai 5kW + Batteries,94.0,573.0,495.0,0.0,100.0,0.00783,0.04775,0.04125,0.0
2026-09-11T16:50:00+12:00,Muriwai 5kW + Batteries,97.0,572.0,489.0,0.0,100.0,0.00808,0.04767,0.04075,0.0
2026-09-11T16:55:00+12:00,Muriwai 5kW + Batteries,96.0,123.0,0.0,0.0,100.0,0.008,0.01025,0.0,0.0
2026-09-11T17:00:00+12:00,Muriwai 5kW + Batteries,82.0,125.0,61.0,0.0,100.0,0.00683,0.01042,0.00508,0.0
2026-09-11T17:05:00+12:00,Muriwai 5kW + Batteries,71.0,125.0,0.0,0.0,99.0,0.00592,0.01042,0.0,0.0
2026-09-11T17:10:00+12:00,Muriwai 5kW + Batteries,53.0,124.0,0.0,0.0,99.0,0.00442,0.01033,0.0,0.0
2026-09-11T17:15:00+12:00,Muriwai 5kW + Batteries,48.0,125.0,0.0,0.0,99.0,0.004,0.01042,0.0,0.0
2026-09-11T17:20:00+12:00,Muriwai 5kW + Batteries,37.0,129.0,75.0,0.0,99.0,0.00308,0.01075,0.00625,0.0
2026-09-11T17:25:00+12:00,Muriwai 5kW + Batteries,30.0,132.0,98.0,0.0,99.0,0.0025,0.011,0.00817,0.0
2026-09-11T17:30:00+12:00,Muriwai 5kW + Batteries,20.0,134.0,119.0,0.0,99.0,0.00167,0.01117,0.00992,0.0
2026-09-11T17:35:00+12:00,Muriwai 5kW + Batteries,6.0,132.0,132.0,0.0,99.0,0.0005,0.011,0.011,0.0
2026-09-11T17:40:00+12:00,Muriwai 5kW + Batteries,0.0,132.0,164.0,0.0,99.0,0.0,0.011,0.01367,0.0
2026-09-11T17:45:00+12:00,Muriwai 5kW + Batteries,0.0,135.0,160.0,0.0,99.0,0.0,0.01125,0.01333,0.0
2026-09-11T17:50:00+12:00,Muriwai 5kW + Batteries,0.0,136.0,175.0,0.0,99.0,0.0,0.01133,0.01458,0.0
2026-09-11T17:55:00+12:00,Muriwai 5kW + Batteries,0.0,140.0,178.0,0.0,99.0,0.0,0.01167,0.01483,0.0
2026-09-11T18:00:00+12:00,Muriwai 5kW + Batteries,0.0,137.0,179.0,0.0,99.0,0.0,0.01142,0.01492,0.0
2026-09-11T18:05:00+12:00,Muriwai 5kW + Batteries,0.0,137.0,180.0,0.0,99.0,0.0,0.01142,0.015,0.0
2026-09-11T18:10:00+12:00,Muriwai 5kW + Batteries,0.0,139.0,183.0,0.0,99.0,0.0,0.01158,0.01525,0.0
2026-09-11T18:15:00+12:00,Muriwai 5kW + Batteries,0.0,137.0,182.0,0.0,99.0,0.0,0.01142,0.01517,0.0
2026-09-11T18:20:00+12:00,Muriwai 5kW + Batteries,0.0,140.0,184.0,0.0,99.0,0.0,0.01167,0.01533,0.0
2026-09-11T18:25:00+12:00,Muriwai 5kW + Batteries,0.0,143.0,188.0,0.0,99.0,0.0,0.01192,0.01567,0.0
2026-09-11T18:30:00+12:00,Muriwai 5kW + Batteries,0.0,145.0,190.0,0.0,99.0,0.0,0.01208,0.01583,0.0
2026-09-11T18:35:00+12:00,Muriwai 5kW + Batteries,0.0,143.0,189.0,0.0,99.0,0.0,0.01192,0.01575,0.0
2026-09-11T18:40:00+12:00,Muriwai 5kW + Batteries,0.0,143.0,188.0,0.0,100.0,0.0,0.01192,0.01567,0.0
2026-09-11T18:45:00+12:00,Muriwai 5kW + Batteries,0.0,144.0,189.0,0.0,100.0,0.0,0.012,0.01575,0.0
2026-09-11T18:50:00+12:00,Muriwai 5kW + Batteries,0.0,147.0,192.0,0.0,100.0,0.0,0.01225,0.016,0.0
2026-09-11T18:55:00+12:00,Muriwai 5kW + Batteries,0.0,149.0,195.0,0.0,100.0,0.0,0.01242,0.01625,0.0
2026-09-11T19:00:00+12:00,Muriwai 5kW + Batteries,0.0,151.0,196.0,0.0,100.0,0.0,0.01258,0.01633,0.0
2026-09-11T19:05:00+12:00,Muriwai 5kW + Batteries,0.0,153.0,198.0,0.0,100.0,0.0,0.01275,0.0165,0.0
2026-09-11T19:10:00+12:00,Muriwai 5kW + Batteries,0.0,157.0,203.0,0.0,100.0,0.0,0.01308,0.01692,0.0
2026-09-11T19:15:00+12:00,Muriwai 5kW + Batteries,0.0,161.0,206.0,0.0,100.0,0.0,0.01342,0.01717,0.0
2026-09-11T19:20:00+12:00,Muriwai 5kW + Batteries,0.0,161.0,207.0,0.0,100.0,0.0,0.01342,0.01725,0.0
2026-09-11T19:25:00+12:00,Muriwai 5kW + Batteries,0.0,160.0,206.0,0.0,100.0,0.0,0.01333,0.01717,0.0
2026-09-11T19:30:00+12:00,Muriwai 5kW + Batteries,0.0,160.0,206.0,0.0,100.0,0.0,0.01333,0.01717,0.0
2026-09-11T19:35:00+12:00,Muriwai 5kW + Batteries,0.0,159.0,205.0,0.0,100.0,0.0,0.01325,0.01708,0.0
2026-09-11T19:40:00+12:00,Muriwai 5kW + Batteries,0.0,159.0,205.0,0.0,100.0,0.0,0.01325,0.01708,0.0
2026-09-11T19:45:00+12:00,Muriwai 5kW + Batteries,0.0,165.0,211.0,0.0,100.0,0.0,0.01375,0.01758,0.0
2026-09-11T19:50:00+12:00,Muriwai 5kW + Batteries,0.0,167.0,213.0,0.0,100.0,0.0,0.01392,0.01775,0.0
2026-09-11T19:55:00+12:00,Muriwai 5kW + Batteries,0.0,169.0,214.0,0.0,100.0,0.0,0.01408,0.01783,0.0
2026-09-11T20:00:00+12:00,Muriwai 5kW + Batteries,0.0,170.0,216.0,0.0,100.0,0.0,0.01417,0.018,0.0
2026-09-11T20:05:00+12:00,Muriwai 5kW + Batteries,0.0,167.0,213.0,0.0,100.0,0.0,0.01392,0.01775,0.0
2026-09-11T20:10:00+12:00,Muriwai 5kW + Batteries,0.0,165.0,211.0,0.0,100.0,0.0,0.01375,0.01758,0.0
2026-09-11T20:15:00+12:00,Muriwai 5kW + Batteries,0.0,165.0,210.0,0.0,100.0,0.0,0.01375,0.0175,0.0
2026-09-11T20:20:00+12:00,Muriwai 5kW + Batteries,0.0,162.0,208.0,0.0,100.0,0.0,0.0135,0.01733,0.0
2026-09-11T20:25:00+12:00,Muriwai 5kW + Batteries,0.0,164.0,210.0,0.0,100.0,0.0,0.01367,0.0175,0.0
2026-09-11T20:30:00+12:00,Muriwai 5kW + Batteries,0.0,168.0,213.0,0.0,100.0,0.0,0.014,0.01775,0.0
2026-09-11T20:35:00+12:00,Muriwai 5kW + Batteries,0.0,168.0,214.0,0.0,100.0,0.0,0.014,0.01783,0.0
2026-09-11T20:40:00+12:00,Muriwai 5kW + Batteries,0.0,168.0,213.0,0.0,100.0,0.0,0.014,0.01775,0.0
2026-09-11T20:45:00+12:00,Muriwai 5kW + Batteries,0.0,171.0,216.0,0.0,100.0,0.0,0.01425,0.018,0.0
2026-09-11T20:50:00+12:00,Muriwai 5kW + Batteries,0.0,164.0,210.0,0.0,100.0,0.0,0.01367,0.0175,0.0
2026-09-11T20:55:00+12:00,Muriwai 5kW + Batteries,0.0,165.0,211.0,0.0,100.0,0.0,0.01375,0.01758,0.0
2026-09-11T21:00:00+12:00,Muriwai 5kW + Batteries,0.0,163.0,209.0,0.0,100.0,0.0,0.01358,0.01742,0.0
2026-09-11T21:05:00+12:00,Muriwai 5kW + Batteries,0.0,158.0,0.0,0.0,99.0,0.0,0.01317,0.0,0.0
2026-09-11T21:10:00+12:00,Muriwai 5kW + Batteries,0.0,157.0,0.0,0.0,99.0,0.0,0.01308,0.0,0.0
2026-09-11T21:15:00+12:00,Muriwai 5kW + Batteries,0.0,156.0,0.0,0.0,99.0,0.0,0.013,0.0,0.0
2026-09-11T21:20:00+12:00,Muriwai 5kW + Batteries,0.0,156.0,0.0,0.0,99.0,0.0,0.013,0.0,0.0
2026-09-11T21:25:00+12:00,Muriwai 5kW + Batteries,0.0,152.0,0.0,0.0,99.0,0.0,0.01267,0.0,0.0
2026-09-11T21:30:00+12:00,Muriwai 5kW + Batteries,0.0,151.0,0.0,0.0,99.0,0.0,0.01258,0.0,0.0
2026-09-11T21:35:00+12:00,Muriwai 5kW + Batteries,0.0,151.0,0.0,0.0,99.0,0.0,0.01258,0.0,0.0
2026-09-11T21:40:00+12:00,Muriwai 5kW + Batteries,0.0,150.0,0.0,0.0,99.0,0.0,0.0125,0.0,0.0
2026-09-11T21:45:00+12:00,Muriwai 5kW + Batteries,0.0,149.0,0.0,0.0,99.0,0.0,0.01242,0.0,0.0
2026-09-11T21:50:00+12:00,Muriwai 5kW + Batteries,0.0,147.0,0.0,0.0,99.0,0.0,0.01225,0.0,0.0
2026-09-11T21:55:00+12:00,Muriwai 5kW + Batteries,0.0,146.0,0.0,0.0,98.0,0.0,0.01217,0.0,0.0
2026-09-11T22:00:00+12:00,Muriwai 5kW + Batteries,0.0,146.0,0.0,0.0,98.0,0.0,0.01217,0.0,0.0
2026-09-11T22:05:00+12:00,Muriwai 5kW + Batteries,0.0,142.0,0.0,0.0,98.0,0.0,0.01183,0.0,0.0
2026-09-11T22:10:00+12:00,Muriwai 5kW + Batteries,0.0,141.0,0.0,0.0,98.0,0.0,0.01175,0.0,0.0
2026-09-11T22:15:00+12:00,Muriwai 5kW + Batteries,0.0,140.0,0.0,0.0,98.0,0.0,0.01167,0.0,0.0
2026-09-11T22:20:00+12:00,Muriwai 5kW + Batteries,0.0,142.0,0.0,0.0,98.0,0.0,0.01183,0.0,0.0
2026-09-11T22:25:00+12:00,Muriwai 5kW + Batteries,0.0,143.0,0.0,0.0,98.0,0.0,0.01192,0.0,0.0
2026-09-11T22:30:00+12:00,Muriwai 5kW + Batteries,0.0,144.0,0.0,0.0,98.0,0.0,0.012,0.0,0.0
2026-09-11T22:35:00+12:00,Muriwai 5kW + Batteries,0.0,144.0,0.0,0.0,98.0,0.0,0.012,0.0,0.0
2026-09-11T22:40:00+12:00,Muriwai 5kW + Batteries,0.0,151.0,0.0,0.0,98.0,0.0,0.01258,0.0,0.0
2026-09-11T22:45:00+12:00,Muriwai 5kW + Batteries,0.0,156.0,0.0,0.0,98.0,0.0,0.013,0.0,0.0
2026-09-11T22:50:00+12:00,Muriwai 5kW + Batteries,0.0,158.0,0.0,0.0,97.0,0.0,0.01317,0.0,0.0
2026-09-11T22:55:00+12:00,Muriwai 5kW + Batteries,0.0,154.0,0.0,0.0,97.0,0.0,0.01283,0.0,0.0
2026-09-11T23:00:00+12:00,Muriwai 5kW + Batteries,0.0,152.0,0.0,0.0,97.0,0.0,0.01267,0.0,0.0
2026-09-11T23:05:00+12:00,Muriwai 5kW + Batteries,0.0,152.0,0.0,0.0,97.0,0.0,0.01267,0.0,0.0
2026-09-11T23:10:00+12:00,Muriwai 5kW + Batteries,0.0,148.0,0.0,0.0,97.0,0.0,0.01233,0.0,0.0
2026-09-11T23:15:00+12:00,Muriwai 5kW + Batteries,0.0,149.0,0.0,0.0,97.0,0.0,0.01242,0.0,0.0
2026-09-11T23:20:00+12:00,Muriwai 5kW + Batteries,0.0,148.0,0.0,0.0,97.0,0.0,0.01233,0.0,0.0
2026-09-11T23:25:00+12:00,Muriwai 5kW + Batteries,0.0,148.0,0.0,0.0,97.0,0.0,0.01233,0.0,0.0
2026-09-11T23:30:00+12:00,Muriwai 5kW + Batteries,0.0,149.0,0.0,0.0,97.0,0.0,0.01242,0.0,0.0
2026-09-11T23:35:00+12:00,Muriwai 5kW + Batteries,0.0,150.0,0.0,0.0,97.0,0.0,0.0125,0.0,0.0
2026-09-11T23:40:00+12:00,Muriwai 5kW + Batteries,0.0,153.0,0.0,0.0,96.0,0.0,0.01275,0.0,0.0
2026-09-11T23:45:00+12:00,Muriwai 5kW + Batteries,0.0,156.0,0.0,0.0,96.0,0.0,0.013,0.0,0.0
2026-09-11T23:50:00+12:00,Muriwai 5kW + Batteries,0.0,156.0,0.0,0.0,96.0,0.0,0.013,0.0,0.0
2026-09-11T23:55:00+12:00,Muriwai 5kW + Batteries,0.0,155.0,0.0,0.0,96.0,0.0,0.01292,0.0,0.0
2026-09-12T00:00:00+12:00,Muriwai 5kW + Batteries,0.0,156.0,0.0,0.0,96.0,0.0,0.013,0.0,0.0
2026-09-12T00:05:00+12:00,Muriwai 5kW + Batteries,0.0,155.0,0.0,0.0,96.0,0.0,0.01292,0.0,0.0
2026-09-12T00:10:00+12:00,Muriwai 5kW + Batteries,0.0,155.0,0.0,0.0,96.0,0.0,0.01292,0.0,0.0
2026-09-12T00:15:00+12:00,Muriwai 5kW + Batteries,0.0,156.0,0.0,0.0,96.0,0.0,0.013,0.0,0.0
2026-09-12T00:20:00+12:00,Muriwai 5kW + Batteries,0.0,152.0,0.0,0.0,96.0,0.0,0.01267,0.0,0.0
2026-09-12T00:25:00+12:00,Muriwai 5kW + Batteries,0.0,152.0,0.0,0.0,95.0,0.0,0.01267,0.0,0.0
2026-09-12T00:30:00+12:00,Muriwai 5kW + Batteries,0.0,152.0,0.0,0.0,95.0,0.0,0.01267,0.0,0.0
2026-09-12T00:35:00+12:00,Muriwai 5kW + Batteries,0.0,152.0,0.0,0.0,95.0,0.0,0.01267,0.0,0.0
2026-09-12T00:40:00+12:00,Muriwai 5kW + Batteries,0.0,148.0,0.0,0.0,95.0,0.0,0.01233,0.0,0.0
2026-09-12T00:45:00+12:00,Muriwai 5kW + Batteries,0.0,150.0,0.0,0.0,95.0,0.0,0.0125,0.0,0.0
2026-09-12T00:50:00+12:00,Muriwai 5kW + Batteries,0.0,146.0,0.0,0.0,95.0,0.0,0.01217,0.0,0.0
2026-09-12T00:55:00+12:00,Muriwai 5kW + Batteries,0.0,144.0,0.0,0.0,95.0,0.0,0.012,0.0,0.0
2026-09-12T01:00:00+12:00,Muriwai 5kW + Batteries,0.0,144.0,0.0,0.0,95.0,0.0,0.012,0.0,0.0
2026-09-12T01:05:00+12:00,Muriwai 5kW + Batteries,0.0,147.0,0.0,0.0,95.0,0.0,0.01225,0.0,0.0
2026-09-12T01:10:00+12:00,Muriwai 5kW + Batteries,0.0,152.0,0.0,0.0,95.0,0.0,0.01267,0.0,0.0
2026-09-12T01:15:00+12:00,Muriwai 5kW + Batteries,0.0,151.0,0.0,0.0,95.0,0.0,0.01258,0.0,0.0
2026-09-12T01:20:00+12:00,Muriwai 5kW + Batteries,0.0,156.0,0.0,0.0,94.0,0.0,0.013,0.0,0.0
2026-09-12T01:25:00+12:00,Muriwai 5kW + Batteries,0.0,155.0,0.0,0.0,94.0,0.0,0.01292,0.0,0.0
2026-09-12T01:30:00+12:00,Muriwai 5kW + Batteries,0.0,156.0,0.0,0.0,94.0,0.0,0.013,0.0,0.0
2026-09-12T01:35:00+12:00,Muriwai 5kW + Batteries,0.0,153.0,0.0,0.0,94.0,0.0,0.01275,0.0,0.0
2026-09-12T01:40:00+12:00,Muriwai 5kW + Batteries,0.0,154.0,0.0,0.0,94.0,0.0,0.01283,0.0,0.0
2026-09-12T01:45:00+12:00,Muriwai 5kW + Batteries,0.0,155.0,0.0,0.0,94.0,0.0,0.01292,0.0,0.0
2026-09-12T01:50:00+12:00,Muriwai 5kW + Batteries,0.0,156.0,0.0,0.0,94.0,0.0,0.013,0.0,0.0
2026-09-12T01:55:00+12:00,Muriwai 5kW + Batteries,0.0,156.0,0.0,0.0,94.0,0.0,0.013,0.0,0.0
2026-09-12T02:00:00+12:00,Muriwai 5kW + Batteries,0.0,160.0,0.0,0.0,94.0,0.0,0.01333,0.0,0.0
2026-09-12T02:05:00+12:00,Muriwai 5kW + Batteries,0.0,162.0,0.0,0.0,94.0,0.0,0.0135,0.0,0.0
2026-09-12T02:10:00+12:00,Muriwai 5kW + Batteries,0.0,162.0,0.0,0.0,93.0,0.0,0.0135,0.0,0.0
2026-09-12T02:15:00+12:00,Muriwai 5kW + Batteries,0.0,162.0,0.0,0.0,93.0,0.0,0.0135,0.0,0.0
2026-09-12T02:20:00+12:00,Muriwai 5kW + Batteries,0.0,162.0,0.0,0.0,93.0,0.0,0.0135,0.0,0.0
2026-09-12T02:25:00+12:00,Muriwai 5kW + Batteries,0.0,163.0,0.0,0.0,93.0,0.0,0.01358,0.0,0.0
2026-09-12T02:30:00+12:00,Muriwai 5kW + Batteries,0.0,164.0,0.0,0.0,93.0,0.0,0.01367,0.0,0.0
2026-09-12T02:35:00+12:00,Muriwai 5kW + Batteries,0.0,165.0,0.0,0.0,93.0,0.0,0.01375,0.0,0.0
2026-09-12T02:40:00+12:00,Muriwai 5kW + Batteries,0.0,162.0,0.0,0.0,93.0,0.0,0.0135,0.0,0.0
2026-09-12T02:45:00+12:00,Muriwai 5kW + Batteries,0.0,163.0,0.0,0.0,93.0,0.0,0.01358,0.0,0.0
2026-09-12T02:50:00+12:00,Muriwai 5kW + Batteries,0.0,163.0,0.0,0.0,93.0,0.0,0.01358,0.0,0.0
2026-09-12T02:55:00+12:00,Muriwai 5kW + Batteries,0.0,163.0,0.0,0.0,92.0,0.0,0.01358,0.0,0.0
2026-09-12T03:00:00+12:00,Muriwai 5kW + Batteries,0.0,165.0,0.0,0.0,92.0,0.0,0.01375,0.0,0.0
2026-09-12T03:05:00+12:00,Muriwai 5kW + Batteries,0.0,166.0,0.0,0.0,92.0,0.0,0.01383,0.0,0.0
2026-09-12T03:10:00+12:00,Muriwai 5kW + Batteries,0.0,169.0,0.0,0.0,92.0,0.0,0.01408,0.0,0.0
2026-09-12T03:15:00+12:00,Muriwai 5kW + Batteries,0.0,171.0,0.0,0.0,92.0,0.0,0.01425,0.0,0.0
2026-09-12T03:20:00+12:00,Muriwai 5kW + Batteries,0.0,175.0,0.0,0.0,92.0,0.0,0.01458,0.0,0.0
2026-09-12T03:25:00+12:00,Muriwai 5kW + Batteries,0.0,168.0,0.0,0.0,92.0,0.0,0.014,0.0,0.0
2026-09-12T03:30:00+12:00,Muriwai 5kW + Batteries,0.0,169.0,0.0,0.0,92.0,0.0,0.01408,0.0,0.0
2026-09-12T03:40:00+12:00,Muriwai 5kW + Batteries,0.0,171.0,0.0,0.0,92.0,0.0,0.01425,0.0,0.0
2026-09-12T03:45:00+12:00,Muriwai 5kW + Batteries,0.0,172.0,0.0,0.0,91.0,0.0,0.01433,0.0,0.0
2026-09-12T03:50:00+12:00,Muriwai 5kW + Batteries,0.0,171.0,0.0,0.0,91.0,0.0,0.01425,0.0,0.0
2026-09-12T03:55:00+12:00,Muriwai 5kW + Batteries,0.0,172.0,0.0,0.0,91.0,0.0,0.01433,0.0,0.0
2026-09-12T04:00:00+12:00,Muriwai 5kW + Batteries,0.0,175.0,0.0,0.0,91.0,0.0,0.01458,0.0,0.0
2026-09-12T04:05:00+12:00,Muriwai 5kW + Batteries,0.0,175.0,0.0,0.0,91.0,0.0,0.01458,0.0,0.0
2026-09-12T04:10:00+12:00,Muriwai 5kW + Batteries,0.0,175.0,0.0,0.0,91.0,0.0,0.01458,0.0,0.0
2026-09-12T04:15:00+12:00,Muriwai 5kW + Batteries,0.0,175.0,0.0,0.0,91.0,0.0,0.01458,0.0,0.0
2026-09-12T04:20:00+12:00,Muriwai 5kW + Batteries,0.0,173.0,0.0,0.0,91.0,0.0,0.01442,0.0,0.0
2026-09-12T04:25:00+12:00,Muriwai 5kW + Batteries,0.0,176.0,0.0,0.0,91.0,0.0,0.01467,0.0,0.0
2026-09-12T04:30:00+12:00,Muriwai 5kW + Batteries,0.0,174.0,0.0,0.0,90.0,0.0,0.0145,0.0,0.0
2026-09-12T04:35:00+12:00,Muriwai 5kW + Batteries,0.0,173.0,0.0,0.0,90.0,0.0,0.01442,0.0,0.0
2026-09-12T04:40:00+12:00,Muriwai 5kW + Batteries,0.0,171.0,0.0,0.0,90.0,0.0,0.01425,0.0,0.0
2026-09-12T04:45:00+12:00,Muriwai 5kW + Batteries,0.0,175.0,0.0,0.0,90.0,0.0,0.01458,0.0,0.0
2026-09-12T04:50:00+12:00,Muriwai 5kW + Batteries,0.0,175.0,0.0,0.0,90.0,0.0,0.01458,0.0,0.0
2026-09-12T04:55:00+12:00,Muriwai 5kW + Batteries,0.0,173.0,0.0,0.0,90.0,0.0,0.01442,0.0,0.0
2026-09-12T05:00:00+12:00,Muriwai 5kW + Batteries,0.0,175.0,0.0,0.0,90.0,0.0,0.01458,0.0,0.0
2026-09-12T05:05:00+12:00,Muriwai 5kW + Batteries,0.0,173.0,0.0,0.0,90.0,0.0,0.01442,0.0,0.0
2026-09-12T05:10:00+12:00,Muriwai 5kW + Batteries,0.0,174.0,0.0,0.0,90.0,0.0,0.0145,0.0,0.0
2026-09-12T05:15:00+12:00,Muriwai 5kW + Batteries,0.0,175.0,0.0,0.0,89.0,0.0,0.01458,0.0,0.0
2026-09-12T05:20:00+12:00,Muriwai 5kW + Batteries,0.0,175.0,0.0,0.0,89.0,0.0,0.01458,0.0,0.0
2026-09-12T05:25:00+12:00,Muriwai 5kW + Batteries,0.0,174.0,0.0,0.0,89.0,0.0,0.0145,0.0,0.0
2026-09-12T05:30:00+12:00,Muriwai 5kW + Batteries,0.0,173.0,0.0,0.0,89.0,0.0,0.01442,0.0,0.0
2026-09-12T05:35:00+12:00,Muriwai 5kW + Batteries,0.0,175.0,0.0,0.0,89.0,0.0,0.01458,0.0,0.0
2026-09-12T05:40:00+12:00,Muriwai 5kW + Batteries,0.0,176.0,0.0,0.0,89.0,0.0,0.01467,0.0,0.0
2026-09-12T05:45:00+12:00,Muriwai 5kW + Batteries,0.0,175.0,0.0,0.0,89.0,0.0,0.01458,0.0,0.0
2026-09-12T05:50:00+12:00,Muriwai 5kW + Batteries,0.0,181.0,0.0,0.0,89.0,0.0,0.01508,0.0,0.0
2026-09-12T05:55:00+12:00,Muriwai 5kW + Batteries,0.0,181.0,0.0,0.0,89.0,0.0,0.01508,0.0,0.0
2026-09-12T06:00:00+12:00,Muriwai 5kW + Batteries,0.0,178.0,0.0,0.0,88.0,0.0,0.01483,0.0,0.0
2026-09-12T06:05:00+12:00,Muriwai 5kW + Batteries,0.0,181.0,0.0,0.0,88.0,0.0,0.01508,0.0,0.0
2026-09-12T06:10:00+12:00,Muriwai 5kW + Batteries,0.0,180.0,0.0,0.0,88.0,0.0,0.015,0.0,0.0
2026-09-12T06:15:00+12:00,Muriwai 5kW + Batteries,2.0,183.0,0.0,0.0,88.0,0.00017,0.01525,0.0,0.0
2026-09-12T06:25:00+12:00,Muriwai 5kW + Batteries,6.0,181.0,0.0,0.0,88.0,0.0005,0.01508,0.0,0.0
2026-09-12T06:30:00+12:00,Muriwai 5kW + Batteries,31.0,178.0,0.0,0.0,88.0,0.00258,0.01483,0.0,0.0
2026-09-12T06:35:00+12:00,Muriwai 5kW + Batteries,48.0,178.0,0.0,0.0,88.0,0.004,0.01483,0.0,0.0
2026-09-12T06:40:00+12:00,Muriwai 5kW + Batteries,158.0,179.0,0.0,0.0,88.0,0.01317,0.01492,0.0,0.0
2026-09-12T06:45:00+12:00,Muriwai 5kW + Batteries,295.0,176.0,0.0,0.0,88.0,0.02458,0.01467,0.0,0.0
2026-09-12T06:50:00+12:00,Muriwai 5kW + Batteries,469.0,177.0,0.0,0.0,88.0,0.03908,0.01475,0.0,0.0
2026-09-12T06:55:00+12:00,Muriwai 5kW + Batteries,707.0,178.0,0.0,0.0,88.0,0.05892,0.01483,0.0,0.0
2026-09-12T07:00:00+12:00,Muriwai 5kW + Batteries,969.0,178.0,0.0,0.0,89.0,0.08075,0.01483,0.0,0.0
2026-09-12T07:05:00+12:00,Muriwai 5kW + Batteries,1268.0,177.0,0.0,0.0,89.0,0.10567,0.01475,0.0,0.0
2026-09-12T07:10:00+12:00,Muriwai 5kW + Batteries,1507.0,183.0,0.0,0.0,90.0,0.12558,0.01525,0.0,0.0
2026-09-12T07:15:00+12:00,Muriwai 5kW + Batteries,1633.0,183.0,0.0,0.0,91.0,0.13608,0.01525,0.0,0.0
2026-09-12T07:20:00+12:00,Muriwai 5kW + Batteries,1694.0,180.0,0.0,0.0,92.0,0.14117,0.015,0.0,0.0
2026-09-12T07:25:00+12:00,Muriwai 5kW + Batteries,1787.0,172.0,0.0,0.0,92.0,0.14892,0.01433,0.0,0.0
2026-09-12T07:30:00+12:00,Muriwai 5kW + Batteries,1885.0,177.0,0.0,0.0,93.0,0.15708,0.01475,0.0,0.0
2026-09-12T07:35:00+12:00,Muriwai 5kW + Batteries,1894.0,178.0,0.0,0.0,94.0,0.15783,0.01483,0.0,0.0
2026-09-12T07:40:00+12:00,Muriwai 5kW + Batteries,2111.0,179.0,0.0,0.0,95.0,0.17592,0.01492,0.0,0.0
2026-09-12T07:45:00+12:00,Muriwai 5kW + Batteries,1009.0,172.0,0.0,0.0,95.0,0.08408,0.01433,0.0,0.0
2026-09-12T07:50:00+12:00,Muriwai 5kW + Batteries,456.0,172.0,0.0,0.0,96.0,0.038,0.01433,0.0,0.0
2026-09-12T07:55:00+12:00,Muriwai 5kW + Batteries,822.0,173.0,0.0,0.0,96.0,0.0685,0.01442,0.0,0.0
2026-09-12T08:00:00+12:00,Muriwai 5kW + Batteries,1907.0,175.0,0.0,0.0,97.0,0.15892,0.01458,0.0,0.0
2026-09-12T08:05:00+12:00,Muriwai 5kW + Batteries,688.0,177.0,0.0,0.0,97.0,0.05733,0.01475,0.0,0.0
2026-09-12T08:10:00+12:00,Muriwai 5kW + Batteries,673.0,185.0,0.0,0.0,97.0,0.05608,0.01542,0.0,0.0
2026-09-12T08:15:00+12:00,Muriwai 5kW + Batteries,261.0,184.0,0.0,0.0,98.0,0.02175,0.01533,0.0,0.0
2026-09-12T08:20:00+12:00,Muriwai 5kW + Batteries,329.0,187.0,0.0,0.0,98.0,0.02742,0.01558,0.0,0.0
2026-09-12T08:25:00+12:00,Muriwai 5kW + Batteries,701.0,195.0,0.0,0.0,98.0,0.05842,0.01625,0.0,0.0
2026-09-12T08:30:00+12:00,Muriwai 5kW + Batteries,517.0,191.0,0.0,0.0,98.0,0.04308,0.01592,0.0,0.0
2026-09-12T08:35:00+12:00,Muriwai 5kW + Batteries,332.0,189.0,0.0,0.0,98.0,0.02767,0.01575,0.0,0.0
2026-09-12T08:40:00+12:00,Muriwai 5kW + Batteries,404.0,188.0,0.0,0.0,98.0,0.03367,0.01567,0.0,0.0
2026-09-12T08:45:00+12:00,Muriwai 5kW + Batteries,527.0,188.0,0.0,0.0,99.0,0.04392,0.01567,0.0,0.0
2026-09-12T08:50:00+12:00,Muriwai 5kW + Batteries,607.0,186.0,0.0,0.0,99.0,0.05058,0.0155,0.0,0.0
2026-09-12T08:55:00+12:00,Muriwai 5kW + Batteries,1006.0,182.0,0.0,0.0,99.0,0.08383,0.01517,0.0,0.0
2026-09-12T09:00:00+12:00,Muriwai 5kW + Batteries,876.0,182.0,0.0,0.0,100.0,0.073,0.01517,0.0,0.0
2026-09-12T09:10:00+12:00,Muriwai 5kW + Batteries,395.0,178.0,0.0,72.0,100.0,0.03292,0.01483,0.0,0.006
2026-09-12T09:15:00+12:00,Muriwai 5kW + Batteries,338.0,175.0,0.0,146.0,100.0,0.02817,0.01458,0.0,0.01217
2026-09-12T09:20:00+12:00,Muriwai 5kW + Batteries,588.0,182.0,0.0,0.0,100.0,0.049,0.01517,0.0,0.0
2026-09-12T09:25:00+12:00,Muriwai 5kW + Batteries,213.0,181.0,0.0,0.0,100.0,0.01775,0.01508,0.0,0.0
2026-09-12T09:30:00+12:00,Muriwai 5kW + Batteries,349.0,186.0,0.0,0.0,100.0,0.02908,0.0155,0.0,0.0
2026-09-12T09:35:00+12:00,Muriwai 5kW + Batteries,385.0,187.0,0.0,0.0,100.0,0.03208,0.01558,0.0,0.0
2026-09-12T09:40:00+12:00,Muriwai 5kW + Batteries,292.0,187.0,0.0,0.0,100.0,0.02433,0.01558,0.0,0.0
2026-09-12T09:45:00+12:00,Muriwai 5kW + Batteries,309.0,186.0,0.0,0.0,100.0,0.02575,0.0155,0.0,0.0
2026-09-12T09:50:00+12:00,Muriwai 5kW + Batteries,520.0,182.0,0.0,0.0,100.0,0.04333,0.01517,0.0,0.0
2026-09-12T09:55:00+12:00,Muriwai 5kW + Batteries,450.0,175.0,0.0,0.0,100.0,0.0375,0.01458,0.0,0.0
2026-09-12T10:00:00+12:00,Muriwai 5kW + Batteries,1026.0,177.0,0.0,0.0,100.0,0.0855,0.01475,0.0,0.0
2026-09-12T10:05:00+12:00,Muriwai 5kW + Batteries,3819.0,184.0,0.0,3453.0,100.0,0.31825,0.01533,0.0,0.28775
2026-09-12T10:10:00+12:00,Muriwai 5kW + Batteries,697.0,147.0,0.0,447.0,100.0,0.05808,0.01225,0.0,0.03725
2026-09-12T10:15:00+12:00,Muriwai 5kW + Batteries,479.0,158.0,0.0,265.0,100.0,0.03992,0.01317,0.0,0.02208
2026-09-12T10:20:00+12:00,Muriwai 5kW + Batteries,586.0,150.0,0.0,367.0,100.0,0.04883,0.0125,0.0,0.03058
2026-09-12T10:25:00+12:00,Muriwai 5kW + Batteries,863.0,146.0,0.0,744.0,99.0,0.07192,0.01217,0.0,0.062
2026-09-12T10:30:00+12:00,Muriwai 5kW + Batteries,746.0,145.0,0.0,571.0,99.0,0.06217,0.01208,0.0,0.04758
2026-09-12T10:35:00+12:00,Muriwai 5kW + Batteries,781.0,149.0,0.0,593.0,100.0,0.06508,0.01242,0.0,0.04942
2026-09-12T10:40:00+12:00,Muriwai 5kW + Batteries,3844.0,182.0,0.0,3802.0,100.0,0.32033,0.01517,0.0,0.31683
2026-09-12T10:45:00+12:00,Muriwai 5kW + Batteries,1323.0,157.0,0.0,1198.0,99.0,0.11025,0.01308,0.0,0.09983
2026-09-12T10:50:00+12:00,Muriwai 5kW + Batteries,956.0,146.0,0.0,884.0,99.0,0.07967,0.01217,0.0,0.07367
2026-09-12T10:55:00+12:00,Muriwai 5kW + Batteries,3740.0,168.0,0.0,3691.0,100.0,0.31167,0.014,0.0,0.30758
2026-09-12T11:00:00+12:00,Muriwai 5kW + Batteries,1392.0,136.0,0.0,1393.0,99.0,0.116,0.01133,0.0,0.11608
2026-09-12T11:05:00+12:00,Muriwai 5kW + Batteries,1094.0,114.0,0.0,1029.0,99.0,0.09117,0.0095,0.0,0.08575
2026-09-12T11:10:00+12:00,Muriwai 5kW + Batteries,3597.0,131.0,0.0,3596.0,100.0,0.29975,0.01092,0.0,0.29967
2026-09-12T11:15:00+12:00,Muriwai 5kW + Batteries,2138.0,114.0,0.0,2160.0,99.0,0.17817,0.0095,0.0,0.18
2026-09-12T11:20:00+12:00,Muriwai 5kW + Batteries,929.0,105.0,0.0,832.0,99.0,0.07742,0.00875,0.0,0.06933
2026-09-12T11:25:00+12:00,Muriwai 5kW + Batteries,1207.0,111.0,0.0,1093.0,99.0,0.10058,0.00925,0.0,0.09108
2026-09-12T11:30:00+12:00,Muriwai 5kW + Batteries,1290.0,111.0,0.0,1187.0,99.0,0.1075,0.00925,0.0,0.09892
2026-09-12T11:35:00+12:00,Muriwai 5kW + Batteries,1637.0,115.0,0.0,1667.0,100.0,0.13642,0.00958,0.0,0.13892
2026-09-12T11:40:00+12:00,Muriwai 5kW + Batteries,1533.0,117.0,0.0,1437.0,99.0,0.12775,0.00975,0.0,0.11975
2026-09-12T11:45:00+12:00,Muriwai 5kW + Batteries,1248.0,102.0,0.0,1155.0,99.0,0.104,0.0085,0.0,0.09625
2026-09-12T11:50:00+12:00,Muriwai 5kW + Batteries,1250.0,101.0,0.0,1163.0,99.0,0.10417,0.00842,0.0,0.09692
2026-09-12T12:00:00+12:00,Muriwai 5kW + Batteries,1226.0,101.0,0.0,1138.0,99.0,0.10217,0.00842,0.0,0.09483
2026-09-12T12:05:00+12:00,Muriwai 5kW + Batteries,2223.0,106.0,0.0,1676.0,100.0,0.18525,0.00883,0.0,0.13967
2026-09-12T12:10:00+12:00,Muriwai 5kW + Batteries,1424.0,103.0,0.0,1466.0,100.0,0.11867,0.00858,0.0,0.12217
2026-09-12T12:15:00+12:00,Muriwai 5kW + Batteries,3672.0,122.0,0.0,3593.0,99.0,0.306,0.01017,0.0,0.29942
2026-09-12T12:20:00+12:00,Muriwai 5kW + Batteries,1561.0,105.0,0.0,1585.0,100.0,0.13008,0.00875,0.0,0.13208
2026-09-12T12:25:00+12:00,Muriwai 5kW + Batteries,3571.0,122.0,0.0,3293.0,100.0,0.29758,0.01017,0.0,0.27442
2026-09-12T12:30:00+12:00,Muriwai 5kW + Batteries,955.0,100.0,0.0,860.0,99.0,0.07958,0.00833,0.0,0.07167
2026-09-12T12:35:00+12:00,Muriwai 5kW + Batteries,883.0,98.0,0.0,742.0,99.0,0.07358,0.00817,0.0,0.06183
2026-09-12T12:40:00+12:00,Muriwai 5kW + Batteries,3388.0,125.0,0.0,3312.0,100.0,0.28233,0.01042,0.0,0.276
2026-09-12T12:45:00+12:00,Muriwai 5kW + Batteries,1139.0,104.0,0.0,1057.0,99.0,0.09492,0.00867,0.0,0.08808
2026-09-12T12:50:00+12:00,Muriwai 5kW + Batteries,972.0,101.0,0.0,884.0,99.0,0.081,0.00842,0.0,0.07367
2026-09-12T12:55:00+12:00,Muriwai 5kW + Batteries,1016.0,102.0,0.0,897.0,99.0,0.08467,0.0085,0.0,0.07475
2026-09-12T13:00:00+12:00,Muriwai 5kW + Batteries,2421.0,113.0,0.0,2387.0,100.0,0.20175,0.00942,0.0,0.19892
2026-09-12T13:05:00+12:00,Muriwai 5kW + Batteries,2240.0,110.0,0.0,2074.0,100.0,0.18667,0.00917,0.0,0.17283
2026-09-12T13:10:00+12:00,Muriwai 5kW + Batteries,3049.0,114.0,0.0,2901.0,100.0,0.25408,0.0095,0.0,0.24175
2026-09-12T13:15:00+12:00,Muriwai 5kW + Batteries,1163.0,101.0,0.0,1037.0,100.0,0.09692,0.00842,0.0,0.08642
2026-09-12T13:20:00+12:00,Muriwai 5kW + Batteries,1136.0,101.0,0.0,1005.0,100.0,0.09467,0.00842,0.0,0.08375
2026-09-12T13:25:00+12:00,Muriwai 5kW + Batteries,3191.0,120.0,0.0,3208.0,100.0,0.26592,0.01,0.0,0.26733
2026-09-12T13:30:00+12:00,Muriwai 5kW + Batteries,2823.0,112.0,0.0,2669.0,100.0,0.23525,0.00933,0.0,0.22242
2026-09-12T13:35:00+12:00,Muriwai 5kW + Batteries,884.0,95.0,0.0,728.0,100.0,0.07367,0.00792,0.0,0.06067
2026-09-12T13:40:00+12:00,Muriwai 5kW + Batteries,637.0,99.0,0.0,495.0,100.0,0.05308,0.00825,0.0,0.04125
2026-09-12T13:45:00+12:00,Muriwai 5kW + Batteries,2121.0,110.0,0.0,2003.0,100.0,0.17675,0.00917,0.0,0.16692
2026-09-12T13:50:00+12:00,Muriwai 5kW + Batteries,754.0,95.0,0.0,641.0,100.0,0.06283,0.00792,0.0,0.05342
2026-09-12T13:55:00+12:00,Muriwai 5kW + Batteries,1096.0,100.0,0.0,944.0,100.0,0.09133,0.00833,0.0,0.07867
2026-09-12T14:00:00+12:00,Muriwai 5kW + Batteries,2056.0,109.0,0.0,1928.0,100.0,0.17133,0.00908,0.0,0.16067
2026-09-12T14:05:00+12:00,Muriwai 5kW + Batteries,923.0,98.0,0.0,787.0,100.0,0.07692,0.00817,0.0,0.06558
2026-09-12T14:10:00+12:00,Muriwai 5kW + Batteries,1683.0,108.0,0.0,1570.0,100.0,0.14025,0.009,0.0,0.13083
2026-09-12T14:15:00+12:00,Muriwai 5kW + Batteries,1695.0,103.0,0.0,1577.0,100.0,0.14125,0.00858,0.0,0.13142
2026-09-12T14:20:00+12:00,Muriwai 5kW + Batteries,1502.0,105.0,0.0,1372.0,100.0,0.12517,0.00875,0.0,0.11433
2026-09-12T14:25:00+12:00,Muriwai 5kW + Batteries,562.0,100.0,0.0,426.0,100.0,0.04683,0.00833,0.0,0.0355
2026-09-12T14:30:00+12:00,Muriwai 5kW + Batteries,1283.0,106.0,0.0,1147.0,100.0,0.10692,0.00883,0.0,0.09558
2026-09-12T14:40:00+12:00,Muriwai 5kW + Batteries,1139.0,104.0,0.0,1016.0,100.0,0.09492,0.00867,0.0,0.08467
2026-09-12T14:45:00+12:00,Muriwai 5kW + Batteries,1129.0,103.0,0.0,984.0,100.0,0.09408,0.00858,0.0,0.082
2026-09-12T14:50:00+12:00,Muriwai 5kW + Batteries,1022.0,100.0,0.0,905.0,100.0,0.08517,0.00833,0.0,0.07542
2026-09-12T14:55:00+12:00,Muriwai 5kW + Batteries,737.0,96.0,0.0,601.0,100.0,0.06142,0.008,0.0,0.05008
2026-09-12T15:00:00+12:00,Muriwai 5kW + Batteries,312.0,113.0,0.0,161.0,100.0,0.026,0.00942,0.0,0.01342
2026-09-12T15:05:00+12:00,Muriwai 5kW + Batteries,417.0,109.0,0.0,295.0,100.0,0.03475,0.00908,0.0,0.02458
2026-09-12T15:10:00+12:00,Muriwai 5kW + Batteries,1054.0,101.0,0.0,922.0,100.0,0.08783,0.00842,0.0,0.07683
2026-09-12T15:15:00+12:00,Muriwai 5kW + Batteries,673.0,97.0,0.0,560.0,100.0,0.05608,0.00808,0.0,0.04667
2026-09-12T15:20:00+12:00,Muriwai 5kW + Batteries,549.0,100.0,0.0,443.0,100.0,0.04575,0.00833,0.0,0.03692
2026-09-12T15:25:00+12:00,Muriwai 5kW + Batteries,508.0,102.0,0.0,400.0,100.0,0.04233,0.0085,0.0,0.03333
2026-09-12T15:30:00+12:00,Muriwai 5kW + Batteries,712.0,96.0,0.0,583.0,100.0,0.05933,0.008,0.0,0.04858
2026-09-12T15:35:00+12:00,Muriwai 5kW + Batteries,579.0,98.0,0.0,471.0,100.0,0.04825,0.00817,0.0,0.03925
2026-09-12T15:40:00+12:00,Muriwai 5kW + Batteries,502.0,103.0,0.0,349.0,100.0,0.04183,0.00858,0.0,0.02908
2026-09-12T15:45:00+12:00,Muriwai 5kW + Batteries,303.0,106.0,0.0,185.0,100.0,0.02525,0.00883,0.0,0.01542
2026-09-12T15:50:00+12:00,Muriwai 5kW + Batteries,228.0,108.0,0.0,114.0,100.0,0.019,0.009,0.0,0.0095
2026-09-12T15:55:00+12:00,Muriwai 5kW + Batteries,290.0,104.0,0.0,179.0,100.0,0.02417,0.00867,0.0,0.01492
2026-09-12T16:00:00+12:00,Muriwai 5kW + Batteries,295.0,108.0,0.0,183.0,100.0,0.02458,0.009,0.0,0.01525
2026-09-12T16:05:00+12:00,Muriwai 5kW + Batteries,270.0,104.0,0.0,184.0,100.0,0.0225,0.00867,0.0,0.01533
2026-09-12T16:10:00+12:00,Muriwai 5kW + Batteries,352.0,101.0,0.0,232.0,100.0,0.02933,0.00842,0.0,0.01933
2026-09-12T16:15:00+12:00,Muriwai 5kW + Batteries,329.0,102.0,0.0,191.0,100.0,0.02742,0.0085,0.0,0.01592
2026-09-12T16:20:00+12:00,Muriwai 5kW + Batteries,220.0,110.0,0.0,93.0,100.0,0.01833,0.00917,0.0,0.00775
2026-09-12T16:25:00+12:00,Muriwai 5kW + Batteries,176.0,110.0,0.0,74.0,100.0,0.01467,0.00917,0.0,0.00617
2026-09-12T16:30:00+12:00,Muriwai 5kW + Batteries,155.0,113.0,0.0,0.0,100.0,0.01292,0.00942,0.0,0.0
2026-09-12T16:35:00+12:00,Muriwai 5kW + Batteries,156.0,111.0,0.0,97.0,100.0,0.013,0.00925,0.0,0.00808
2026-09-12T16:40:00+12:00,Muriwai 5kW + Batteries,228.0,107.0,0.0,98.0,100.0,0.019,0.00892,0.0,0.00817
2026-09-12T16:45:00+12:00,Muriwai 5kW + Batteries,158.0,108.0,0.0,0.0,100.0,0.01317,0.009,0.0,0.0
2026-09-12T16:50:00+12:00,Muriwai 5kW + Batteries,150.0,108.0,0.0,0.0,100.0,0.0125,0.009,0.0,0.0
2026-09-12T16:55:00+12:00,Muriwai 5kW + Batteries,97.0,114.0,0.0,0.0,100.0,0.00808,0.0095,0.0,0.0
2026-09-12T17:00:00+12:00,Muriwai 5kW + Batteries,69.0,126.0,0.0,0.0,100.0,0.00575,0.0105,0.0,0.0
2026-09-12T17:05:00+12:00,Muriwai 5kW + Batteries,62.0,122.0,0.0,0.0,99.0,0.00517,0.01017,0.0,0.0
2026-09-12T17:10:00+12:00,Muriwai 5kW + Batteries,18.0,124.0,0.0,0.0,99.0,0.0015,0.01033,0.0,0.0
2026-09-12T17:15:00+12:00,Muriwai 5kW + Batteries,20.0,126.0,0.0,0.0,99.0,0.00167,0.0105,0.0,0.0
2026-09-12T17:20:00+12:00,Muriwai 5kW + Batteries,6.0,122.0,0.0,0.0,99.0,0.0005,0.01017,0.0,0.0
2026-09-12T17:30:00+12:00,Muriwai 5kW + Batteries,0.0,122.0,0.0,0.0,99.0,0.0,0.01017,0.0,0.0
2026-09-12T17:35:00+12:00,Muriwai 5kW + Batteries,0.0,120.0,0.0,0.0,99.0,0.0,0.01,0.0,0.0
2026-09-12T17:40:00+12:00,Muriwai 5kW + Batteries,0.0,121.0,0.0,0.0,99.0,0.0,0.01008,0.0,0.0
2026-09-12T17:45:00+12:00,Muriwai 5kW + Batteries,0.0,119.0,0.0,0.0,99.0,0.0,0.00992,0.0,0.0
2026-09-12T17:50:00+12:00,Muriwai 5kW + Batteries,0.0,116.0,0.0,0.0,99.0,0.0,0.00967,0.0,0.0
2026-09-12T17:55:00+12:00,Muriwai 5kW + Batteries,0.0,121.0,121.0,0.0,99.0,0.0,0.01008,0.01008,0.0
2026-09-12T18:00:00+12:00,Muriwai 5kW + Batteries,0.0,123.0,164.0,0.0,99.0,0.0,0.01025,0.01367,0.0
2026-09-12T18:05:00+12:00,Muriwai 5kW + Batteries,0.0,123.0,81.0,0.0,99.0,0.0,0.01025,0.00675,0.0
2026-09-12T18:10:00+12:00,Muriwai 5kW + Batteries,0.0,121.0,121.0,0.0,99.0,0.0,0.01008,0.01008,0.0
2026-09-12T18:15:00+12:00,Muriwai 5kW + Batteries,0.0,123.0,168.0,0.0,99.0,0.0,0.01025,0.014,0.0
2026-09-12T18:20:00+12:00,Muriwai 5kW + Batteries,0.0,121.0,172.0,0.0,99.0,0.0,0.01008,0.01433,0.0
2026-09-12T18:25:00+12:00,Muriwai 5kW + Batteries,0.0,118.0,167.0,0.0,99.0,0.0,0.00983,0.01392,0.0
2026-09-12T18:30:00+12:00,Muriwai 5kW + Batteries,0.0,116.0,164.0,0.0,99.0,0.0,0.00967,0.01367,0.0
2026-09-12T18:35:00+12:00,Muriwai 5kW + Batteries,0.0,115.0,147.0,0.0,99.0,0.0,0.00958,0.01225,0.0
2026-09-12T18:40:00+12:00,Muriwai 5kW + Batteries,0.0,121.0,168.0,0.0,99.0,0.0,0.01008,0.014,0.0
2026-09-12T18:45:00+12:00,Muriwai 5kW + Batteries,0.0,123.0,145.0,0.0,99.0,0.0,0.01025,0.01208,0.0
2026-09-12T18:50:00+12:00,Muriwai 5kW + Batteries,0.0,123.0,164.0,0.0,99.0,0.0,0.01025,0.01367,0.0
2026-09-12T18:55:00+12:00,Muriwai 5kW + Batteries,0.0,121.0,168.0,0.0,99.0,0.0,0.01008,0.014,0.0
2026-09-12T19:00:00+12:00,Muriwai 5kW + Batteries,0.0,124.0,176.0,0.0,99.0,0.0,0.01033,0.01467,0.0
2026-09-12T19:05:00+12:00,Muriwai 5kW + Batteries,0.0,123.0,174.0,0.0,99.0,0.0,0.01025,0.0145,0.0
2026-09-12T19:10:00+12:00,Muriwai 5kW + Batteries,0.0,121.0,169.0,0.0,99.0,0.0,0.01008,0.01408,0.0
2026-09-12T19:15:00+12:00,Muriwai 5kW + Batteries,0.0,120.0,171.0,0.0,99.0,0.0,0.01,0.01425,0.0
2026-09-12T19:20:00+12:00,Muriwai 5kW + Batteries,0.0,123.0,174.0,0.0,99.0,0.0,0.01025,0.0145,0.0
2026-09-12T19:25:00+12:00,Muriwai 5kW + Batteries,0.0,127.0,177.0,0.0,99.0,0.0,0.01058,0.01475,0.0
2026-09-12T19:30:00+12:00,Muriwai 5kW + Batteries,0.0,123.0,168.0,0.0,99.0,0.0,0.01025,0.014,0.0
2026-09-12T19:35:00+12:00,Muriwai 5kW + Batteries,0.0,121.0,161.0,0.0,99.0,0.0,0.01008,0.01342,0.0
2026-09-12T19:40:00+12:00,Muriwai 5kW + Batteries,0.0,127.0,177.0,0.0,99.0,0.0,0.01058,0.01475,0.0
2026-09-12T19:45:00+12:00,Muriwai 5kW + Batteries,0.0,123.0,173.0,0.0,99.0,0.0,0.01025,0.01442,0.0
2026-09-12T19:50:00+12:00,Muriwai 5kW + Batteries,0.0,117.0,167.0,0.0,99.0,0.0,0.00975,0.01392,0.0
2026-09-12T19:55:00+12:00,Muriwai 5kW + Batteries,0.0,118.0,169.0,0.0,99.0,0.0,0.00983,0.01408,0.0
2026-09-12T20:00:00+12:00,Muriwai 5kW + Batteries,0.0,118.0,169.0,0.0,99.0,0.0,0.00983,0.01408,0.0
2026-09-12T20:05:00+12:00,Muriwai 5kW + Batteries,0.0,118.0,167.0,0.0,99.0,0.0,0.00983,0.01392,0.0
2026-09-12T20:15:00+12:00,Muriwai 5kW + Batteries,0.0,120.0,171.0,0.0,99.0,0.0,0.01,0.01425,0.0
2026-09-12T20:20:00+12:00,Muriwai 5kW + Batteries,0.0,121.0,158.0,0.0,99.0,0.0,0.01008,0.01317,0.0
2026-09-12T20:25:00+12:00,Muriwai 5kW + Batteries,0.0,127.0,178.0,0.0,99.0,0.0,0.01058,0.01483,0.0
2026-09-12T20:30:00+12:00,Muriwai 5kW + Batteries,0.0,138.0,187.0,0.0,99.0,0.0,0.0115,0.01558,0.0
2026-09-12T20:35:00+12:00,Muriwai 5kW + Batteries,0.0,147.0,197.0,0.0,99.0,0.0,0.01225,0.01642,0.0
2026-09-12T20:40:00+12:00,Muriwai 5kW + Batteries,0.0,152.0,197.0,0.0,99.0,0.0,0.01267,0.01642,0.0
2026-09-12T20:45:00+12:00,Muriwai 5kW + Batteries,0.0,153.0,198.0,0.0,99.0,0.0,0.01275,0.0165,0.0
2026-09-12T20:50:00+12:00,Muriwai 5kW + Batteries,0.0,155.0,198.0,0.0,99.0,0.0,0.01292,0.0165,0.0
2026-09-12T20:55:00+12:00,Muriwai 5kW + Batteries,0.0,155.0,205.0,0.0,99.0,0.0,0.01292,0.01708,0.0
2026-09-12T21:00:00+12:00,Muriwai 5kW + Batteries,0.0,155.0,207.0,0.0,99.0,0.0,0.01292,0.01725,0.0
2026-09-12T21:05:00+12:00,Muriwai 5kW + Batteries,0.0,153.0,0.0,0.0,99.0,0.0,0.01275,0.0,0.0
2026-09-12T21:10:00+12:00,Muriwai 5kW + Batteries,0.0,151.0,0.0,0.0,99.0,0.0,0.01258,0.0,0.0
2026-09-12T21:15:00+12:00,Muriwai 5kW + Batteries,0.0,153.0,0.0,0.0,99.0,0.0,0.01275,0.0,0.0
2026-09-12T21:20:00+12:00,Muriwai 5kW + Batteries,0.0,162.0,0.0,0.0,99.0,0.0,0.0135,0.0,0.0
2026-09-12T21:25:00+12:00,Muriwai 5kW + Batteries,0.0,163.0,0.0,0.0,99.0,0.0,0.01358,0.0,0.0
2026-09-12T21:30:00+12:00,Muriwai 5kW + Batteries,0.0,162.0,0.0,0.0,99.0,0.0,0.0135,0.0,0.0
2026-09-12T21:35:00+12:00,Muriwai 5kW + Batteries,0.0,162.0,0.0,0.0,99.0,0.0,0.0135,0.0,0.0
2026-09-12T21:40:00+12:00,Muriwai 5kW + Batteries,0.0,162.0,0.0,0.0,98.0,0.0,0.0135,0.0,0.0
2026-09-12T21:45:00+12:00,Muriwai 5kW + Batteries,0.0,163.0,0.0,0.0,98.0,0.0,0.01358,0.0,0.0
2026-09-12T21:50:00+12:00,Muriwai 5kW + Batteries,0.0,162.0,0.0,0.0,98.0,0.0,0.0135,0.0,0.0
2026-09-12T21:55:00+12:00,Muriwai 5kW + Batteries,0.0,160.0,0.0,0.0,98.0,0.0,0.01333,0.0,0.0
2026-09-12T22:00:00+12:00,Muriwai 5kW + Batteries,0.0,163.0,0.0,0.0,98.0,0.0,0.01358,0.0,0.0
2026-09-12T22:05:00+12:00,Muriwai 5kW + Batteries,0.0,163.0,0.0,0.0,98.0,0.0,0.01358,0.0,0.0
2026-09-12T22:10:00+12:00,Muriwai 5kW + Batteries,0.0,160.0,0.0,0.0,98.0,0.0,0.01333,0.0,0.0
2026-09-12T22:15:00+12:00,Muriwai 5kW + Batteries,0.0,160.0,0.0,0.0,98.0,0.0,0.01333,0.0,0.0
2026-09-12T22:20:00+12:00,Muriwai 5kW + Batteries,0.0,164.0,0.0,0.0,98.0,0.0,0.01367,0.0,0.0
2026-09-12T22:25:00+12:00,Muriwai 5kW + Batteries,0.0,168.0,0.0,0.0,97.0,0.0,0.014,0.0,0.0
2026-09-12T22:30:00+12:00,Muriwai 5kW + Batteries,0.0,170.0,0.0,0.0,97.0,0.0,0.01417,0.0,0.0
2026-09-12T22:35:00+12:00,Muriwai 5kW + Batteries,0.0,172.0,0.0,0.0,97.0,0.0,0.01433,0.0,0.0
2026-09-12T22:40:00+12:00,Muriwai 5kW + Batteries,0.0,172.0,0.0,0.0,97.0,0.0,0.01433,0.0,0.0
2026-09-12T22:45:00+12:00,Muriwai 5kW + Batteries,0.0,171.0,0.0,0.0,97.0,0.0,0.01425,0.0,0.0
2026-09-12T22:50:00+12:00,Muriwai 5kW + Batteries,0.0,171.0,0.0,0.0,97.0,0.0,0.01425,0.0,0.0
2026-09-12T23:00:00+12:00,Muriwai 5kW + Batteries,0.0,173.0,0.0,0.0,97.0,0.0,0.01442,0.0,0.0
2026-09-12T23:05:00+12:00,Muriwai 5kW + Batteries,0.0,175.0,0.0,0.0,97.0,0.0,0.01458,0.0,0.0
2026-09-12T23:10:00+12:00,Muriwai 5kW + Batteries,0.0,173.0,0.0,0.0,97.0,0.0,0.01442,0.0,0.0
2026-09-12T23:15:00+12:00,Muriwai 5kW + Batteries,0.0,172.0,0.0,0.0,97.0,0.0,0.01433,0.0,0.0
2026-09-12T23:20:00+12:00,Muriwai 5kW + Batteries,0.0,173.0,0.0,0.0,96.0,0.0,0.01442,0.0,0.0
2026-09-12T23:25:00+12:00,Muriwai 5kW + Batteries,0.0,174.0,0.0,0.0,96.0,0.0,0.0145,0.0,0.0
2026-09-12T23:30:00+12:00,Muriwai 5kW + Batteries,0.0,173.0,0.0,0.0,96.0,0.0,0.01442,0.0,0.0
2026-09-12T23:35:00+12:00,Muriwai 5kW + Batteries,0.0,175.0,0.0,0.0,96.0,0.0,0.01458,0.0,0.0
2026-09-12T23:40:00+12:00,Muriwai 5kW + Batteries,0.0,176.0,0.0,0.0,96.0,0.0,0.01467,0.0,0.0
2026-09-12T23:45:00+12:00,Muriwai 5kW + Batteries,0.0,177.0,0.0,0.0,96.0,0.0,0.01475,0.0,0.0
2026-09-12T23:50:00+12:00,Muriwai 5kW + Batteries,0.0,176.0,0.0,0.0,96.0,0.0,0.01467,0.0,0.0
2026-09-12T23:55:00+12:00,Muriwai 5kW + Batteries,0.0,176.0,0.0,0.0,96.0,0.0,0.01467,0.0,0.0
2026-09-13T00:00:00+12:00,Muriwai 5kW + Batteries,0.0,174.0,0.0,0.0,95.0,0.0,0.0145,0.0,0.0
2026-09-13T00:05:00+12:00,Muriwai 5kW + Batteries,0.0,173.0,0.0,0.0,95.0,0.0,0.01442,0.0,0.0
2026-09-13T00:10:00+12:00,Muriwai 5kW + Batteries,0.0,176.0,0.0,0.0,95.0,0.0,0.01467,0.0,0.0
2026-09-13T00:15:00+12:00,Muriwai 5kW + Batteries,0.0,176.0,0.0,0.0,95.0,0.0,0.01467,0.0,0.0
2026-09-13T00:20:00+12:00,Muriwai 5kW + Batteries,0.0,178.0,0.0,0.0,95.0,0.0,0.01483,0.0,0.0
2026-09-13T00:25:00+12:00,Muriwai 5kW + Batteries,0.0,178.0,0.0,0.0,95.0,0.0,0.01483,0.0,0.0
2026-09-13T00:30:00+12:00,Muriwai 5kW + Batteries,0.0,180.0,0.0,0.0,95.0,0.0,0.015,0.0,0.0
2026-09-13T00:35:00+12:00,Muriwai 5kW + Batteries,0.0,179.0,0.0,0.0,95.0,0.0,0.01492,0.0,0.0
2026-09-13T00:40:00+12:00,Muriwai 5kW + Batteries,0.0,179.0,0.0,0.0,95.0,0.0,0.01492,0.0,0.0
2026-09-13T00:45:00+12:00,Muriwai 5kW + Batteries,0.0,180.0,0.0,0.0,94.0,0.0,0.015,0.0,0.0
2026-09-13T00:50:00+12:00,Muriwai 5kW + Batteries,0.0,182.0,0.0,0.0,94.0,0.0,0.01517,0.0,0.0
2026-09-13T00:55:00+12:00,Muriwai 5kW + Batteries,0.0,181.0,0.0,0.0,94.0,0.0,0.01508,0.0,0.0
2026-09-13T01:00:00+12:00,Muriwai 5kW + Batteries,0.0,182.0,0.0,0.0,94.0,0.0,0.01517,0.0,0.0
2026-09-13T01:05:00+12:00,Muriwai 5kW + Batteries,0.0,183.0,0.0,0.0,94.0,0.0,0.01525,0.0,0.0
2026-09-13T01:10:00+12:00,Muriwai 5kW + Batteries,0.0,183.0,0.0,0.0,94.0,0.0,0.01525,0.0,0.0
2026-09-13T01:15:00+12:00,Muriwai 5kW + Batteries,0.0,180.0,0.0,0.0,94.0,0.0,0.015,0.0,0.0
2026-09-13T01:20:00+12:00,Muriwai 5kW + Batteries,0.0,179.0,0.0,0.0,94.0,0.0,0.01492,0.0,0.0
2026-09-13T01:25:00+12:00,Muriwai 5kW + Batteries,0.0,179.0,0.0,0.0,93.0,0.0,0.01492,0.0,0.0
2026-09-13T01:30:00+12:00,Muriwai 5kW + Batteries,0.0,184.0,0.0,0.0,93.0,0.0,0.01533,0.0,0.0
2026-09-13T01:35:00+12:00,Muriwai 5kW + Batteries,0.0,181.0,0.0,0.0,93.0,0.0,0.01508,0.0,0.0
2026-09-13T01:40:00+12:00,Muriwai 5kW + Batteries,0.0,180.0,0.0,0.0,93.0,0.0,0.015,0.0,0.0
2026-09-13T01:45:00+12:00,Muriwai 5kW + Batteries,0.0,185.0,0.0,0.0,93.0,0.0,0.01542,0.0,0.0
2026-09-13T01:55:00+12:00,Muriwai 5kW + Batteries,0.0,185.0,0.0,0.0,93.0,0.0,0.01542,0.0,0.0
2026-09-13T02:00:00+12:00,Muriwai 5kW + Batteries,0.0,183.0,0.0,0.0,93.0,0.0,0.01525,0.0,0.0
2026-09-13T02:05:00+12:00,Muriwai 5kW + Batteries,0.0,183.0,0.0,0.0,93.0,0.0,0.01525,0.0,0.0
2026-09-13T02:10:00+12:00,Muriwai 5kW + Batteries,0.0,182.0,0.0,0.0,93.0,0.0,0.01517,0.0,0.0
2026-09-13T02:15:00+12:00,Muriwai 5kW + Batteries,0.0,183.0,0.0,0.0,92.0,0.0,0.01525,0.0,0.0
2026-09-13T02:20:00+12:00,Muriwai 5kW + Batteries,0.0,184.0,0.0,0.0,92.0,0.0,0.01533,0.0,0.0
2026-09-13T02:25:00+12:00,Muriwai 5kW + Batteries,0.0,186.0,0.0,0.0,92.0,0.0,0.0155,0.0,0.0
2026-09-13T02:30:00+12:00,Muriwai 5kW + Batteries,0.0,186.0,0.0,0.0,92.0,0.0,0.0155,0.0,0.0
2026-09-13T02:35:00+12:00,Muriwai 5kW + Batteries,0.0,185.0,0.0,0.0,92.0,0.0,0.01542,0.0,0.0
2026-09-13T02:40:00+12:00,Muriwai 5kW + Batteries,0.0,185.0,0.0,0.0,92.0,0.0,0.01542,0.0,0.0
2026-09-13T02:45:00+12:00,Muriwai 5kW + Batteries,0.0,183.0,0.0,0.0,92.0,0.0,0.01525,0.0,0.0
2026-09-13T02:50:00+12:00,Muriwai 5kW + Batteries,0.0,190.0,0.0,0.0,92.0,0.0,0.01583,0.0,0.0
2026-09-13T02:55:00+12:00,Muriwai 5kW + Batteries,0.0,189.0,0.0,0.0,92.0,0.0,0.01575,0.0,0.0
2026-09-13T03:00:00+12:00,Muriwai 5kW + Batteries,0.0,190.0,0.0,0.0,91.0,0.0,0.01583,0.0,0.0
2026-09-13T03:05:00+12:00,Muriwai 5kW + Batteries,0.0,186.0,0.0,0.0,91.0,0.0,0.0155,0.0,0.0
2026-09-13T03:10:00+12:00,Muriwai 5kW + Batteries,0.0,186.0,0.0,0.0,91.0,0.0,0.0155,0.0,0.0
2026-09-13T03:15:00+12:00,Muriwai 5kW + Batteries,0.0,187.0,0.0,0.0,91.0,0.0,0.01558,0.0,0.0
2026-09-13T03:20:00+12:00,Muriwai 5kW + Batteries,0.0,186.0,0.0,0.0,91.0,0.0,0.0155,0.0,0.0
2026-09-13T03:25:00+12:00,Muriwai 5kW + Batteries,0.0,185.0,0.0,0.0,91.0,0.0,0.01542,0.0,0.0
2026-09-13T03:30:00+12:00,Muriwai 5kW + Batteries,0.0,185.0,0.0,0.0,91.0,0.0,0.01542,0.0,0.0
2026-09-13T03:35:00+12:00,Muriwai 5kW + Batteries,0.0,186.0,0.0,0.0,91.0,0.0,0.0155,0.0,0.0
2026-09-13T03:40:00+12:00,Muriwai 5kW + Batteries,0.0,187.0,0.0,0.0,90.0,0.0,0.01558,0.0,0.0
2026-09-13T03:45:00+12:00,Muriwai 5kW + Batteries,0.0,186.0,0.0,0.0,90.0,0.0,0.0155,0.0,0.0
2026-09-13T03:50:00+12:00,Muriwai 5kW + Batteries,0.0,186.0,0.0,0.0,90.0,0.0,0.0155,0.0,0.0
2026-09-13T03:55:00+12:00,Muriwai 5kW + Batteries,0.0,189.0,0.0,0.0,90.0,0.0,0.01575,0.0,0.0
2026-09-13T04:00:00+12:00,Muriwai 5kW + Batteries,0.0,189.0,0.0,0.0,90.0,0.0,0.01575,0.0,0.0
2026-09-13T04:05:00+12:00,Muriwai 5kW + Batteries,0.0,188.0,0.0,0.0,90.0,0.0,0.01567,0.0,0.0
2026-09-13T04:10:00+12:00,Muriwai 5kW + Batteries,0.0,188.0,0.0,0.0,90.0,0.0,0.01567,0.0,0.0
2026-09-13T04:15:00+12:00,Muriwai 5kW + Batteries,0.0,189.0,0.0,0.0,90.0,0.0,0.01575,0.0,0.0
2026-09-13T04:20:00+12:00,Muriwai 5kW + Batteries,0.0,189.0,0.0,0.0,89.0,0.0,0.01575,0.0,0.0
2026-09-13T04:25:00+12:00,Muriwai 5kW + Batteries,0.0,187.0,0.0,0.0,89.0,0.0,0.01558,0.0,0.0
2026-09-13T04:35:00+12:00,Muriwai 5kW + Batteries,0.0,185.0,0.0,0.0,89.0,0.0,0.01542,0.0,0.0
2026-09-13T04:40:00+12:00,Muriwai 5kW + Batteries,0.0,185.0,0.0,0.0,89.0,0.0,0.01542,0.0,0.0
2026-09-13T04:45:00+12:00,Muriwai 5kW + Batteries,0.0,181.0,0.0,0.0,89.0,0.0,0.01508,0.0,0.0
2026-09-13T04:50:00+12:00,Muriwai 5kW + Batteries,0.0,184.0,0.0,0.0,89.0,0.0,0.01533,0.0,0.0
2026-09-13T04:55:00+12:00,Muriwai 5kW + Batteries,0.0,185.0,0.0,0.0,89.0,0.0,0.01542,0.0,0.0
2026-09-13T05:00:00+12:00,Muriwai 5kW + Batteries,0.0,186.0,0.0,0.0,89.0,0.0,0.0155,0.0,0.0
2026-09-13T05:05:00+12:00,Muriwai 5kW + Batteries,0.0,188.0,0.0,0.0,89.0,0.0,0.01567,0.0,0.0
2026-09-13T05:10:00+12:00,Muriwai 5kW + Batteries,0.0,189.0,0.0,0.0,88.0,0.0,0.01575,0.0,0.0
2026-09-13T05:15:00+12:00,Muriwai 5kW + Batteries,0.0,184.0,0.0,0.0,88.0,0.0,0.01533,0.0,0.0
2026-09-13T05:20:00+12:00,Muriwai 5kW + Batteries,0.0,186.0,0.0,0.0,88.0,0.0,0.0155,0.0,0.0
2026-09-13T05:25:00+12:00,Muriwai 5kW + Batteries,0.0,188.0,0.0,0.0,88.0,0.0,0.01567,0.0,0.0
2026-09-13T05:30:00+12:00,Muriwai 5kW + Batteries,0.0,188.0,0.0,0.0,88.0,0.0,0.01567,0.0,0.0
2026-09-13T05:35:00+12:00,Muriwai 5kW + Batteries,0.0,190.0,0.0,0.0,88.0,0.0,0.01583,0.0,0.0
2026-09-13T05:40:00+12:00,Muriwai 5kW + Batteries,0.0,189.0,0.0,0.0,88.0,0.0,0.01575,0.0,0.0
2026-09-13T05:45:00+12:00,Muriwai 5kW + Batteries,0.0,189.0,0.0,0.0,88.0,0.0,0.01575,0.0,0.0
2026-09-13T05:50:00+12:00,Muriwai 5kW + Batteries,0.0,188.0,0.0,0.0,87.0,0.0,0.01567,0.0,0.0
2026-09-13T05:55:00+12:00,Muriwai 5kW + Batteries,0.0,187.0,0.0,0.0,87.0,0.0,0.01558,0.0,0.0
2026-09-13T06:00:00+12:00,Muriwai 5kW + Batteries,0.0,184.0,0.0,0.0,87.0,0.0,0.01533,0.0,0.0
2026-09-13T06:05:00+12:00,Muriwai 5kW + Batteries,0.0,188.0,0.0,0.0,87.0,0.0,0.01567,0.0,0.0
2026-09-13T06:10:00+12:00,Muriwai 5kW + Batteries,0.0,190.0,0.0,0.0,87.0,0.0,0.01583,0.0,0.0
2026-09-13T06:15:00+12:00,Muriwai 5kW + Batteries,0.0,188.0,0.0,0.0,87.0,0.0,0.01567,0.0,0.0
2026-09-13T06:20:00+12:00,Muriwai 5kW + Batteries,19.0,188.0,0.0,0.0,87.0,0.00158,0.01567,0.0,0.0
2026-09-13T06:25:00+12:00,Muriwai 5kW + Batteries,60.0,186.0,0.0,0.0,87.0,0.005,0.0155,0.0,0.0
2026-09-13T06:30:00+12:00,Muriwai 5kW + Batteries,93.0,184.0,0.0,0.0,87.0,0.00775,0.01533,0.0,0.0
2026-09-13T06:35:00+12:00,Muriwai 5kW + Batteries,130.0,182.0,0.0,0.0,87.0,0.01083,0.01517,0.0,0.0
2026-09-13T06:40:00+12:00,Muriwai 5kW + Batteries,264.0,181.0,0.0,0.0,87.0,0.022,0.01508,0.0,0.0
2026-09-13T06:45:00+12:00,Muriwai 5kW + Batteries,379.0,183.0,0.0,0.0,87.0,0.03158,0.01525,0.0,0.0
2026-09-13T06:50:00+12:00,Muriwai 5kW + Batteries,601.0,185.0,0.0,0.0,87.0,0.05008,0.01542,0.0,0.0
2026-09-13T06:55:00+12:00,Muriwai 5kW + Batteries,839.0,185.0,0.0,0.0,87.0,0.06992,0.01542,0.0,0.0
2026-09-13T07:00:00+12:00,Muriwai 5kW + Batteries,1119.0,181.0,0.0,0.0,88.0,0.09325,0.01508,0.0,0.0
2026-09-13T07:05:00+12:00,Muriwai 5kW + Batteries,1384.0,186.0,0.0,0.0,88.0,0.11533,0.0155,0.0,0.0
2026-09-13T07:10:00+12:00,Muriwai 5kW + Batteries,1519.0,186.0,0.0,0.0,89.0,0.12658,0.0155,0.0,0.0
2026-09-13T07:20:00+12:00,Muriwai 5kW + Batteries,1636.0,182.0,0.0,0.0,90.0,0.13633,0.01517,0.0,0.0
2026-09-13T07:25:00+12:00,Muriwai 5kW + Batteries,1746.0,174.0,0.0,0.0,91.0,0.1455,0.0145,0.0,0.0
2026-09-13T07:30:00+12:00,Muriwai 5kW + Batteries,1829.0,174.0,0.0,0.0,92.0,0.15242,0.0145,0.0,0.0
2026-09-13T07:35:00+12:00,Muriwai 5kW + Batteries,1891.0,172.0,0.0,0.0,92.0,0.15758,0.01433,0.0,0.0
2026-09-13T07:40:00+12:00,Muriwai 5kW + Batteries,1963.0,172.0,0.0,0.0,93.0,0.16358,0.01433,0.0,0.0
2026-09-13T07:45:00+12:00,Muriwai 5kW + Batteries,2031.0,167.0,0.0,0.0,95.0,0.16925,0.01392,0.0,0.0
2026-09-13T07:50:00+12:00,Muriwai 5kW + Batteries,2102.0,168.0,0.0,0.0,96.0,0.17517,0.014,0.0,0.0
2026-09-13T07:55:00+12:00,Muriwai 5kW + Batteries,2179.0,169.0,0.0,0.0,97.0,0.18158,0.01408,0.0,0.0
2026-09-13T08:00:00+12:00,Muriwai 5kW + Batteries,2245.0,167.0,0.0,0.0,98.0,0.18708,0.01392,0.0,0.0
2026-09-13T08:05:00+12:00,Muriwai 5kW + Batteries,2296.0,166.0,0.0,0.0,99.0,0.19133,0.01383,0.0,0.0
2026-09-13T08:10:00+12:00,Muriwai 5kW + Batteries,2347.0,164.0,0.0,0.0,100.0,0.19558,0.01367,0.0,0.0
2026-09-13T08:15:00+12:00,Muriwai 5kW + Batteries,2405.0,154.0,0.0,0.0,100.0,0.20042,0.01283,0.0,0.0
2026-09-13T08:20:00+12:00,Muriwai 5kW + Batteries,2455.0,146.0,0.0,1997.0,100.0,0.20458,0.01217,0.0,0.16642
2026-09-13T08:25:00+12:00,Muriwai 5kW + Batteries,2509.0,160.0,0.0,2369.0,99.0,0.20908,0.01333,0.0,0.19742
2026-09-13T08:30:00+12:00,Muriwai 5kW + Batteries,2559.0,146.0,0.0,2392.0,99.0,0.21325,0.01217,0.0,0.19933
2026-09-13T08:35:00+12:00,Muriwai 5kW + Batteries,2589.0,143.0,0.0,2416.0,99.0,0.21575,0.01192,0.0,0.20133
2026-09-13T08:40:00+12:00,Muriwai 5kW + Batteries,2630.0,133.0,0.0,2467.0,99.0,0.21917,0.01108,0.0,0.20558
2026-09-13T08:45:00+12:00,Muriwai 5kW + Batteries,2672.0,133.0,0.0,2504.0,100.0,0.22267,0.01108,0.0,0.20867
2026-09-13T08:50:00+12:00,Muriwai 5kW + Batteries,2706.0,122.0,0.0,2546.0,100.0,0.2255,0.01017,0.0,0.21217
2026-09-13T08:55:00+12:00,Muriwai 5kW + Batteries,2731.0,112.0,0.0,2583.0,100.0,0.22758,0.00933,0.0,0.21525
2026-09-13T09:00:00+12:00,Muriwai 5kW + Batteries,2769.0,104.0,0.0,2625.0,100.0,0.23075,0.00867,0.0,0.21875
2026-09-13T09:05:00+12:00,Muriwai 5kW + Batteries,2791.0,108.0,0.0,2644.0,100.0,0.23258,0.009,0.0,0.22033
2026-09-13T09:10:00+12:00,Muriwai 5kW + Batteries,2847.0,110.0,0.0,2698.0,100.0,0.23725,0.00917,0.0,0.22483
2026-09-13T09:15:00+12:00,Muriwai 5kW + Batteries,2893.0,113.0,0.0,2733.0,100.0,0.24108,0.00942,0.0,0.22775
2026-09-13T09:20:00+12:00,Muriwai 5kW + Batteries,2911.0,116.0,0.0,2757.0,100.0,0.24258,0.00967,0.0,0.22975
2026-09-13T09:25:00+12:00,Muriwai 5kW + Batteries,2938.0,115.0,0.0,2785.0,100.0,0.24483,0.00958,0.0,0.23208
2026-09-13T09:30:00+12:00,Muriwai 5kW + Batteries,2956.0,119.0,0.0,2806.0,100.0,0.24633,0.00992,0.0,0.23383
2026-09-13T09:35:00+12:00,Muriwai 5kW + Batteries,2979.0,120.0,0.0,2825.0,100.0,0.24825,0.01,0.0,0.23542
2026-09-13T09:40:00+12:00,Muriwai 5kW + Batteries,2980.0,121.0,0.0,2836.0,100.0,0.24833,0.01008,0.0,0.23633
2026-09-13T09:45:00+12:00,Muriwai 5kW + Batteries,2995.0,122.0,0.0,2857.0,100.0,0.24958,0.01017,0.0,0.23808
2026-09-13T09:50:00+12:00,Muriwai 5kW + Batteries,3024.0,124.0,0.0,2871.0,100.0,0.252,0.01033,0.0,0.23925
2026-09-13T09:55:00+12:00,Muriwai 5kW + Batteries,3030.0,125.0,0.0,2886.0,100.0,0.2525,0.01042,0.0,0.2405
2026-09-13T10:05:00+12:00,Muriwai 5kW + Batteries,3038.0,126.0,0.0,2891.0,100.0,0.25317,0.0105,0.0,0.24092
2026-09-13T10:10:00+12:00,Muriwai 5kW + Batteries,3052.0,128.0,0.0,2894.0,100.0,0.25433,0.01067,0.0,0.24117
2026-09-13T10:15:00+12:00,Muriwai 5kW + Batteries,3053.0,124.0,0.0,2900.0,100.0,0.25442,0.01033,0.0,0.24167
2026-09-13T10:20:00+12:00,Muriwai 5kW + Batteries,3064.0,126.0,0.0,2911.0,100.0,0.25533,0.0105,0.0,0.24258
2026-09-13T10:25:00+12:00,Muriwai 5kW + Batteries,3045.0,123.0,0.0,2896.0,100.0,0.25375,0.01025,0.0,0.24133
2026-09-13T10:30:00+12:00,Muriwai 5kW + Batteries,3017.0,123.0,0.0,2865.0,100.0,0.25142,0.01025,0.0,0.23875
2026-09-13T10:35:00+12:00,Muriwai 5kW + Batteries,3013.0,125.0,0.0,2859.0,100.0,0.25108,0.01042,0.0,0.23825
2026-09-13T10:40:00+12:00,Muriwai 5kW + Batteries,2989.0,127.0,0.0,2838.0,100.0,0.24908,0.01058,0.0,0.2365
2026-09-13T10:45:00+12:00,Muriwai 5kW + Batteries,2980.0,124.0,0.0,2826.0,100.0,0.24833,0.01033,0.0,0.2355
2026-09-13T10:50:00+12:00,Muriwai 5kW + Batteries,2974.0,125.0,0.0,2825.0,100.0,0.24783,0.01042,0.0,0.23542
2026-09-13T10:55:00+12:00,Muriwai 5kW + Batteries,2979.0,124.0,0.0,2828.0,100.0,0.24825,0.01033,0.0,0.23567
2026-09-13T11:00:00+12:00,Muriwai 5kW + Batteries,2982.0,119.0,0.0,2831.0,100.0,0.2485,0.00992,0.0,0.23592
2026-09-13T11:05:00+12:00,Muriwai 5kW + Batteries,3003.0,119.0,0.0,2857.0,100.0,0.25025,0.00992,0.0,0.23808
2026-09-13T11:10:00+12:00,Muriwai 5kW + Batteries,3014.0,120.0,0.0,2867.0,100.0,0.25117,0.01,0.0,0.23892
2026-09-13T11:15:00+12:00,Muriwai 5kW + Batteries,3006.0,122.0,0.0,2858.0,100.0,0.2505,0.01017,0.0,0.23817
2026-09-13T11:20:00+12:00,Muriwai 5kW + Batteries,3005.0,121.0,0.0,2862.0,100.0,0.25042,0.01008,0.0,0.2385
2026-09-13T11:25:00+12:00,Muriwai 5kW + Batteries,2994.0,119.0,0.0,2848.0,100.0,0.2495,0.00992,0.0,0.23733
2026-09-13T11:30:00+12:00,Muriwai 5kW + Batteries,2962.0,121.0,0.0,2809.0,100.0,0.24683,0.01008,0.0,0.23408
2026-09-13T11:35:00+12:00,Muriwai 5kW + Batteries,2941.0,119.0,0.0,2789.0,100.0,0.24508,0.00992,0.0,0.23242
2026-09-13T11:40:00+12:00,Muriwai 5kW + Batteries,2915.0,119.0,0.0,2767.0,100.0,0.24292,0.00992,0.0,0.23058
2026-09-13T11:45:00+12:00,Muriwai 5kW + Batteries,2892.0,117.0,0.0,2748.0,100.0,0.241,0.00975,0.0,0.229
2026-09-13T11:50:00+12:00,Muriwai 5kW + Batteries,2878.0,114.0,0.0,2734.0,100.0,0.23983,0.0095,0.0,0.22783
2026-09-13T11:55:00+12:00,Muriwai 5kW + Batteries,2823.0,112.0,0.0,2690.0,100.0,0.23525,0.00933,0.0,0.22417
2026-09-13T12:00:00+12:00,Muriwai 5kW + Batteries,2805.0,114.0,0.0,2673.0,100.0,0.23375,0.0095,0.0,0.22275
2026-09-13T12:05:00+12:00,Muriwai 5kW + Batteries,2786.0,114.0,0.0,2650.0,100.0,0.23217,0.0095,0.0,0.22083
2026-09-13T12:10:00+12:00,Muriwai 5kW + Batteries,2760.0,111.0,0.0,2624.0,100.0,0.23,0.00925,0.0,0.21867
2026-09-13T12:15:00+12:00,Muriwai 5kW + Batteries,2729.0,111.0,0.0,2592.0,100.0,0.22742,0.00925,0.0,0.216
2026-09-13T12:20:00+12:00,Muriwai 5kW + Batteries,2691.0,112.0,0.0,2562.0,100.0,0.22425,0.00933,0.0,0.2135
2026-09-13T12:25:00+12:00,Muriwai 5kW + Batteries,2644.0,113.0,0.0,2520.0,100.0,0.22033,0.00942,0.0,0.21
2026-09-13T12:30:00+12:00,Muriwai 5kW + Batteries,2588.0,111.0,0.0,2459.0,100.0,0.21567,0.00925,0.0,0.20492
2026-09-13T12:35:00+12:00,Muriwai 5kW + Batteries,2563.0,112.0,0.0,2429.0,100.0,0.21358,0.00933,0.0,0.20242
2026-09-13T12:40:00+12:00,Muriwai 5kW + Batteries,2500.0,112.0,0.0,2363.0,100.0,0.20833,0.00933,0.0,0.19692
2026-09-13T12:50:00+12:00,Muriwai 5kW + Batteries,2451.0,112.0,0.0,2317.0,100.0,0.20425,0.00933,0.0,0.19308
2026-09-13T12:55:00+12:00,Muriwai 5kW + Batteries,2413.0,110.0,0.0,2277.0,100.0,0.20108,0.00917,0.0,0.18975
2026-09-13T13:00:00+12:00,Muriwai 5kW + Batteries,2362.0,111.0,0.0,2228.0,100.0,0.19683,0.00925,0.0,0.18567
2026-09-13T13:05:00+12:00,Muriwai 5kW + Batteries,2324.0,111.0,0.0,2182.0,100.0,0.19367,0.00925,0.0,0.18183
2026-09-13T13:10:00+12:00,Muriwai 5kW + Batteries,2278.0,106.0,0.0,2138.0,100.0,0.18983,0.00883,0.0,0.17817
2026-09-13T13:15:00+12:00,Muriwai 5kW + Batteries,2243.0,110.0,0.0,2112.0,100.0,0.18692,0.00917,0.0,0.176
2026-09-13T13:20:00+12:00,Muriwai 5kW + Batteries,2152.0,115.0,0.0,2008.0,100.0,0.17933,0.00958,0.0,0.16733
2026-09-13T13:25:00+12:00,Muriwai 5kW + Batteries,2117.0,108.0,0.0,1979.0,100.0,0.17642,0.009,0.0,0.16492
2026-09-13T13:30:00+12:00,Muriwai 5kW + Batteries,2055.0,105.0,0.0,1913.0,100.0,0.17125,0.00875,0.0,0.15942
2026-09-13T13:35:00+12:00,Muriwai 5kW + Batteries,2000.0,109.0,0.0,1860.0,100.0,0.16667,0.00908,0.0,0.155
2026-09-13T13:40:00+12:00,Muriwai 5kW + Batteries,1947.0,108.0,0.0,1804.0,100.0,0.16225,0.009,0.0,0.15033
2026-09-13T13:45:00+12:00,Muriwai 5kW + Batteries,1885.0,106.0,0.0,1738.0,100.0,0.15708,0.00883,0.0,0.14483
2026-09-13T13:50:00+12:00,Muriwai 5kW + Batteries,1802.0,110.0,0.0,1663.0,100.0,0.15017,0.00917,0.0,0.13858
2026-09-13T13:55:00+12:00,Muriwai 5kW + Batteries,1747.0,108.0,0.0,1609.0,100.0,0.14558,0.009,0.0,0.13408
2026-09-13T14:00:00+12:00,Muriwai 5kW + Batteries,1708.0,109.0,0.0,1571.0,100.0,0.14233,0.00908,0.0,0.13092
2026-09-13T14:05:00+12:00,Muriwai 5kW + Batteries,1613.0,106.0,0.0,1479.0,100.0,0.13442,0.00883,0.0,0.12325
2026-09-13T14:10:00+12:00,Muriwai 5kW + Batteries,1548.0,107.0,0.0,1420.0,100.0,0.129,0.00892,0.0,0.11833
2026-09-13T14:15:00+12:00,Muriwai 5kW + Batteries,1481.0,107.0,0.0,1355.0,100.0,0.12342,0.00892,0.0,0.11292
2026-09-13T14:20:00+12:00,Muriwai 5kW + Batteries,1393.0,105.0,0.0,1264.0,100.0,0.11608,0.00875,0.0,0.10533
2026-09-13T14:25:00+12:00,Muriwai 5kW + Batteries,1307.0,105.0,0.0,1188.0,100.0,0.10892,0.00875,0.0,0.099
2026-09-13T14:30:00+12:00,Muriwai 5kW + Batteries,1246.0,105.0,0.0,1110.0,100.0,0.10383,0.00875,0.0,0.0925
2026-09-13T14:35:00+12:00,Muriwai 5kW + Batteries,1171.0,105.0,0.0,1048.0,100.0,0.09758,0.00875,0.0,0.08733
2026-09-13T14:40:00+12:00,Muriwai 5kW + Batteries,1092.0,101.0,0.0,972.0,100.0,0.091,0.00842,0.0,0.081
2026-09-13T14:45:00+12:00,Muriwai 5kW + Batteries,1028.0,100.0,0.0,906.0,100.0,0.08567,0.00833,0.0,0.0755
2026-09-13T14:50:00+12:00,Muriwai 5kW + Batteries,935.0,102.0,0.0,813.0,100.0,0.07792,0.0085,0.0,0.06775
2026-09-13T14:55:00+12:00,Muriwai 5kW + Batteries,870.0,98.0,0.0,743.0,100.0,0.0725,0.00817,0.0,0.06192
2026-09-13T15:00:00+12:00,Muriwai 5kW + Batteries,770.0,98.0,0.0,657.0,100.0,0.06417,0.00817,0.0,0.05475
2026-09-13T15:05:00+12:00,Muriwai 5kW + Batteries,736.0,101.0,0.0,618.0,100.0,0.06133,0.00842,0.0,0.0515
2026-09-13T15:10:00+12:00,Muriwai 5kW + Batteries,604.0,107.0,0.0,479.0,100.0,0.05033,0.00892,0.0,0.03992
2026-09-13T15:15:00+12:00,Muriwai 5kW + Batteries,328.0,108.0,0.0,209.0,100.0,0.02733,0.009,0.0,0.01742
2026-09-13T15:20:00+12:00,Muriwai 5kW + Batteries,501.0,111.0,0.0,375.0,100.0,0.04175,0.00925,0.0,0.03125
2026-09-13T15:25:00+12:00,Muriwai 5kW + Batteries,424.0,107.0,0.0,303.0,100.0,0.03533,0.00892,0.0,0.02525
2026-09-13T15:30:00+12:00,Muriwai 5kW + Batteries,372.0,112.0,0.0,244.0,100.0,0.031,0.00933,0.0,0.02033
2026-09-13T15:35:00+12:00,Muriwai 5kW + Batteries,339.0,115.0,0.0,212.0,100.0,0.02825,0.00958,0.0,0.01767
2026-09-13T15:40:00+12:00,Muriwai 5kW + Batteries,273.0,120.0,0.0,151.0,100.0,0.02275,0.01,0.0,0.01258
2026-09-13T15:45:00+12:00,Muriwai 5kW + Batteries,264.0,119.0,0.0,141.0,100.0,0.022,0.00992,0.0,0.01175
2026-09-13T15:50:00+12:00,Muriwai 5kW + Batteries,249.0,121.0,0.0,121.0,100.0,0.02075,0.01008,0.0,0.01008
2026-09-13T15:55:00+12:00,Muriwai 5kW + Batteries,204.0,118.0,0.0,73.0,100.0,0.017,0.00983,0.0,0.00608
2026-09-13T16:00:00+12:00,Muriwai 5kW + Batteries,137.0,122.0,0.0,0.0,100.0,0.01142,0.01017,0.0,0.0
2026-09-13T16:05:00+12:00,Muriwai 5kW + Batteries,151.0,121.0,0.0,0.0,100.0,0.01258,0.01008,0.0,0.0
2026-09-13T16:10:00+12:00,Muriwai 5kW + Batteries,158.0,112.0,0.0,0.0,100.0,0.01317,0.00933,0.0,0.0
2026-09-13T16:15:00+12:00,Muriwai 5kW + Batteries,167.0,119.0,0.0,0.0,100.0,0.01392,0.00992,0.0,0.0
2026-09-13T16:20:00+12:00,Muriwai 5kW + Batteries,156.0,115.0,0.0,0.0,100.0,0.013,0.00958,0.0,0.0
2026-09-13T16:25:00+12:00,Muriwai 5kW + Batteries,144.0,116.0,0.0,0.0,100.0,0.012,0.00967,0.0,0.0
2026-09-13T16:30:00+12:00,Muriwai 5kW + Batteries,135.0,113.0,0.0,0.0,100.0,0.01125,0.00942,0.0,0.0
2026-09-13T16:35:00+12:00,Muriwai 5kW + Batteries,140.0,119.0,0.0,0.0,100.0,0.01167,0.00992,0.0,0.0
2026-09-13T16:40:00+12:00,Muriwai 5kW + Batteries,192.0,111.0,0.0,68.0,100.0,0.016,0.00925,0.0,0.00567
2026-09-13T16:45:00+12:00,Muriwai 5kW + Batteries,187.0,115.0,0.0,59.0,100.0,0.01558,0.00958,0.0,0.00492
2026-09-13T16:50:00+12:00,Muriwai 5kW + Batteries,164.0,110.0,0.0,0.0,100.0,0.01367,0.00917,0.0,0.0
2026-09-13T16:55:00+12:00,Muriwai 5kW + Batteries,111.0,116.0,0.0,0.0,100.0,0.00925,0.00967,0.0,0.0
2026-09-13T17:00:00+12:00,Muriwai 5kW + Batteries,154.0,116.0,0.0,0.0,100.0,0.01283,0.00967,0.0,0.0
2026-09-13T17:05:00+12:00,Muriwai 5kW + Batteries,156.0,119.0,0.0,0.0,100.0,0.013,0.00992,0.0,0.0
2026-09-13T17:10:00+12:00,Muriwai 5kW + Batteries,178.0,118.0,0.0,59.0,100.0,0.01483,0.00983,0.0,0.00492
2026-09-13T17:15:00+12:00,Muriwai 5kW + Batteries,143.0,118.0,0.0,0.0,100.0,0.01192,0.00983,0.0,0.0
2026-09-13T17:20:00+12:00,Muriwai 5kW + Batteries,106.0,119.0,0.0,0.0,100.0,0.00883,0.00992,0.0,0.0
2026-09-13T17:25:00+12:00,Muriwai 5kW + Batteries,112.0,118.0,0.0,0.0,100.0,0.00933,0.00983,0.0,0.0
2026-09-13T17:30:00+12:00,Muriwai 5kW + Batteries,73.0,112.0,0.0,0.0,99.0,0.00608,0.00933,0.0,0.0
2026-09-13T17:35:00+12:00,Muriwai 5kW + Batteries,22.0,117.0,0.0,0.0,99.0,0.00183,0.00975,0.0,0.0
2026-09-13T17:40:00+12:00,Muriwai 5kW + Batteries,3.0,116.0,60.0,0.0,99.0,0.00025,0.00967,0.005,0.0
2026-09-13T17:45:00+12:00,Muriwai 5kW + Batteries,0.0,116.0,127.0,0.0,99.0,0.0,0.00967,0.01058,0.0
2026-09-13T17:50:00+12:00,Muriwai 5kW + Batteries,0.0,117.0,139.0,0.0,99.0,0.0,0.00975,0.01158,0.0
2026-09-13T17:55:00+12:00,Muriwai 5kW + Batteries,0.0,116.0,144.0,0.0,99.0,0.0,0.00967,0.012,0.0
2026-09-13T18:00:00+12:00,Muriwai 5kW + Batteries,0.0,117.0,155.0,0.0,99.0,0.0,0.00975,0.01292,0.0
2026-09-13T18:05:00+12:00,Muriwai 5kW + Batteries,0.0,116.0,157.0,0.0,99.0,0.0,0.00967,0.01308,0.0
2026-09-13T18:10:00+12:00,Muriwai 5kW + Batteries,0.0,116.0,159.0,0.0,99.0,0.0,0.00967,0.01325,0.0
2026-09-13T18:15:00+12:00,Muriwai 5kW + Batteries,0.0,116.0,159.0,0.0,99.0,0.0,0.00967,0.01325,0.0
2026-09-13T18:20:00+12:00,Muriwai 5kW + Batteries,0.0,117.0,160.0,0.0,99.0,0.0,0.00975,0.01333,0.0
2026-09-13T18:25:00+12:00,Muriwai 5kW + Batteries,0.0,117.0,161.0,0.0,99.0,0.0,0.00975,0.01342,0.0
2026-09-13T18:30:00+12:00,Muriwai 5kW + Batteries,0.0,117.0,162.0,0.0,99.0,0.0,0.00975,0.0135,0.0
2026-09-13T18:35:00+12:00,Muriwai 5kW + Batteries,0.0,117.0,162.0,0.0,99.0,0.0,0.00975,0.0135,0.0
2026-09-13T18:40:00+12:00,Muriwai 5kW + Batteries,0.0,117.0,162.0,0.0,99.0,0.0,0.00975,0.0135,0.0
2026-09-13T18:45:00+12:00,Muriwai 5kW + Batteries,0.0,118.0,163.0,0.0,99.0,0.0,0.00983,0.01358,0.0
2026-09-13T18:50:00+12:00,Muriwai 5kW + Batteries,0.0,119.0,164.0,0.0,100.0,0.0,0.00992,0.01367,0.0
2026-09-13T18:55:00+12:00,Muriwai 5kW + Batteries,0.0,119.0,164.0,0.0,100.0,0.0,0.00992,0.01367,0.0
2026-09-13T19:00:00+12:00,Muriwai 5kW + Batteries,0.0,118.0,163.0,0.0,100.0,0.0,0.00983,0.01358,0.0
2026-09-13T19:05:00+12:00,Muriwai 5kW + Batteries,0.0,118.0,163.0,0.0,100.0,0.0,0.00983,0.01358,0.0
2026-09-13T19:10:00+12:00,Muriwai 5kW + Batteries,0.0,117.0,163.0,0.0,100.0,0.0,0.00975,0.01358,0.0
2026-09-13T19:15:00+12:00,Muriwai 5kW + Batteries,0.0,119.0,164.0,0.0,100.0,0.0,0.00992,0.01367,0.0
2026-09-13T19:20:00+12:00,Muriwai 5kW + Batteries,0.0,119.0,164.0,0.0,100.0,0.0,0.00992,0.01367,0.0
2026-09-13T19:25:00+12:00,Muriwai 5kW + Batteries,0.0,118.0,164.0,0.0,100.0,0.0,0.00983,0.01367,0.0
2026-09-13T19:30:00+12:00,Muriwai 5kW + Batteries,0.0,119.0,165.0,0.0,100.0,0.0,0.00992,0.01375,0.0
2026-09-13T19:35:00+12:00,Muriwai 5kW + Batteries,0.0,118.0,163.0,0.0,100.0,0.0,0.00983,0.01358,0.0
2026-09-13T19:40:00+12:00,Muriwai 5kW + Batteries,0.0,117.0,163.0,0.0,100.0,0.0,0.00975,0.01358,0.0
2026-09-13T19:45:00+12:00,Muriwai 5kW + Batteries,0.0,121.0,167.0,0.0,100.0,0.0,0.01008,0.01392,0.0
2026-09-13T19:50:00+12:00,Muriwai 5kW + Batteries,0.0,123.0,169.0,0.0,100.0,0.0,0.01025,0.01408,0.0
2026-09-13T20:00:00+12:00,Muriwai 5kW + Batteries,0.0,121.0,167.0,0.0,100.0,0.0,0.01008,0.01392,0.0
2026-09-13T20:05:00+12:00,Muriwai 5kW + Batteries,0.0,126.0,172.0,0.0,100.0,0.0,0.0105,0.01433,0.0
2026-09-13T20:10:00+12:00,Muriwai 5kW + Batteries,0.0,128.0,174.0,0.0,100.0,0.0,0.01067,0.0145,0.0
2026-09-13T20:15:00+12:00,Muriwai 5kW + Batteries,0.0,128.0,174.0,0.0,100.0,0.0,0.01067,0.0145,0.0
2026-09-13T20:20:00+12:00,Muriwai 5kW + Batteries,0.0,126.0,172.0,0.0,100.0,0.0,0.0105,0.01433,0.0
2026-09-13T20:25:00+12:00,Muriwai 5kW + Batteries,0.0,130.0,176.0,0.0,100.0,0.0,0.01083,0.01467,0.0
2026-09-13T20:30:00+12:00,Muriwai 5kW + Batteries,0.0,138.0,184.0,0.0,100.0,0.0,0.0115,0.01533,0.0
2026-09-13T20:35:00+12:00,Muriwai 5kW + Batteries,0.0,140.0,186.0,0.0,100.0,0.0,0.01167,0.0155,0.0
2026-09-13T20:40:00+12:00,Muriwai 5kW + Batteries,0.0,136.0,182.0,0.0,100.0,0.0,0.01133,0.01517,0.0
2026-09-13T20:45:00+12:00,Muriwai 5kW + Batteries,0.0,140.0,186.0,0.0,100.0,0.0,0.01167,0.0155,0.0
2026-09-13T20:50:00+12:00,Muriwai 5kW + Batteries,0.0,143.0,189.0,0.0,100.0,0.0,0.01192,0.01575,0.0
2026-09-13T20:55:00+12:00,Muriwai 5kW + Batteries,0.0,144.0,190.0,0.0,100.0,0.0,0.012,0.01583,0.0
2026-09-13T21:00:00+12:00,Muriwai 5kW + Batteries,0.0,144.0,189.0,0.0,100.0,0.0,0.012,0.01575,0.0
2026-09-13T21:05:00+12:00,Muriwai 5kW + Batteries,0.0,142.0,0.0,0.0,99.0,0.0,0.01183,0.0,0.0
2026-09-13T21:10:00+12:00,Muriwai 5kW + Batteries,0.0,142.0,0.0,0.0,99.0,0.0,0.01183,0.0,0.0
2026-09-13T21:15:00+12:00,Muriwai 5kW + Batteries,0.0,140.0,0.0,0.0,99.0,0.0,0.01167,0.0,0.0
2026-09-13T21:20:00+12:00,Muriwai 5kW + Batteries,0.0,141.0,0.0,0.0,99.0,0.0,0.01175,0.0,0.0
2026-09-13T21:25:00+12:00,Muriwai 5kW + Batteries,0.0,144.0,0.0,0.0,99.0,0.0,0.012,0.0,0.0
2026-09-13T21:30:00+12:00,Muriwai 5kW + Batteries,0.0,144.0,0.0,0.0,99.0,0.0,0.012,0.0,0.0
2026-09-13T21:35:00+12:00,Muriwai 5kW + Batteries,0.0,151.0,0.0,0.0,99.0,0.0,0.01258,0.0,0.0
2026-09-13T21:40:00+12:00,Muriwai 5kW + Batteries,0.0,152.0,0.0,0.0,99.0,0.0,0.01267,0.0,0.0
2026-09-13T21:45:00+12:00,Muriwai 5kW + Batteries,0.0,156.0,0.0,0.0,99.0,0.0,0.013,0.0,0.0
2026-09-13T21:50:00+12:00,Muriwai 5kW + Batteries,0.0,155.0,0.0,0.0,99.0,0.0,0.01292,0.0,0.0
2026-09-13T21:55:00+12:00,Muriwai 5kW + Batteries,0.0,160.0,0.0,0.0,98.0,0.0,0.01333,0.0,0.0
2026-09-13T22:00:00+12:00,Muriwai 5kW + Batteries,0.0,154.0,0.0,0.0,98.0,0.0,0.01283,0.0,0.0
2026-09-13T22:05:00+12:00,Muriwai 5kW + Batteries,0.0,152.0,0.0,0.0,98.0,0.0,0.01267,0.0,0.0
2026-09-13T22:10:00+12:00,Muriwai 5kW + Batteries,0.0,155.0,0.0,0.0,98.0,0.0,0.01292,0.0,0.0
2026-09-13T22:15:00+12:00,Muriwai 5kW + Batteries,0.0,157.0,0.0,0.0,98.0,0.0,0.01308,0.0,0.0
2026-09-13T22:20:00+12:00,Muriwai 5kW + Batteries,0.0,157.0,0.0,0.0,98.0,0.0,0.01308,0.0,0.0
2026-09-13T22:25:00+12:00,Muriwai 5kW + Batteries,0.0,157.0,0.0,0.0,98.0,0.0,0.01308,0.0,0.0
2026-09-13T22:30:00+12:00,Muriwai 5kW + Batteries,0.0,157.0,0.0,0.0,98.0,0.0,0.01308,0.0,0.0
2026-09-13T22:35:00+12:00,Muriwai 5kW + Batteries,0.0,163.0,0.0,0.0,98.0,0.0,0.01358,0.0,0.0
2026-09-13T22:40:00+12:00,Muriwai 5kW + Batteries,0.0,161.0,0.0,0.0,98.0,0.0,0.01342,0.0,0.0
2026-09-13T22:45:00+12:00,Muriwai 5kW + Batteries,0.0,160.0,0.0,0.0,97.0,0.0,0.01333,0.0,0.0
2026-09-13T22:50:00+12:00,Muriwai 5kW + Batteries,0.0,158.0,0.0,0.0,97.0,0.0,0.01317,0.0,0.0
2026-09-13T22:55:00+12:00,Muriwai 5kW + Batteries,0.0,161.0,0.0,0.0,97.0,0.0,0.01342,0.0,0.0
2026-09-13T23:05:00+12:00,Muriwai 5kW + Batteries,0.0,166.0,0.0,0.0,97.0,0.0,0.01383,0.0,0.0
2026-09-13T23:10:00+12:00,Muriwai 5kW + Batteries,0.0,165.0,0.0,0.0,97.0,0.0,0.01375,0.0,0.0
2026-09-13T23:15:00+12:00,Muriwai 5kW + Batteries,0.0,165.0,0.0,0.0,97.0,0.0,0.01375,0.0,0.0
2026-09-13T23:20:00+12:00,Muriwai 5kW + Batteries,0.0,167.0,0.0,0.0,97.0,0.0,0.01392,0.0,0.0
2026-09-13T23:25:00+12:00,Muriwai 5kW + Batteries,0.0,169.0,0.0,0.0,97.0,0.0,0.01408,0.0,0.0
2026-09-13T23:30:00+12:00,Muriwai 5kW + Batteries,0.0,169.0,0.0,0.0,97.0,0.0,0.01408,0.0,0.0
2026-09-13T23:35:00+12:00,Muriwai 5kW + Batteries,0.0,172.0,0.0,0.0,96.0,0.0,0.01433,0.0,0.0
2026-09-13T23:40:00+12:00,Muriwai 5kW + Batteries,0.0,172.0,0.0,0.0,96.0,0.0,0.01433,0.0,0.0
2026-09-13T23:45:00+12:00,Muriwai 5kW + Batteries,0.0,170.0,0.0,0.0,96.0,0.0,0.01417,0.0,0.0
2026-09-13T23:50:00+12:00,Muriwai 5kW + Batteries,0.0,172.0,0.0,0.0,96.0,0.0,0.01433,0.0,0.0
2026-09-13T23:55:00+12:00,Muriwai 5kW + Batteries,0.0,175.0,0.0,0.0,96.0,0.0,0.01458,0.0,0.0
2026-09-14T00:00:00+12:00,Muriwai 5kW + Batteries,0.0,173.0,0.0,0.0,96.0,0.0,0.01442,0.0,0.0
2026-09-14T00:05:00+12:00,Muriwai 5kW + Batteries,0.0,176.0,0.0,0.0,96.0,0.0,0.01467,0.0,0.0
2026-09-14T00:10:00+12:00,Muriwai 5kW + Batteries,0.0,173.0,0.0,0.0,96.0,0.0,0.01442,0.0,0.0
2026-09-14T00:15:00+12:00,Muriwai 5kW + Batteries,0.0,173.0,0.0,0.0,96.0,0.0,0.01442,0.0,0.0
2026-09-14T00:20:00+12:00,Muriwai 5kW + Batteries,0.0,175.0,0.0,0.0,95.0,0.0,0.01458,0.0,0.0
2026-09-14T00:25:00+12:00,Muriwai 5kW + Batteries,0.0,173.0,0.0,0.0,95.0,0.0,0.01442,0.0,0.0
2026-09-14T00:30:00+12:00,Muriwai 5kW + Batteries,0.0,175.0,0.0,0.0,95.0,0.0,0.01458,0.0,0.0
2026-09-14T00:35:00+12:00,Muriwai 5kW + Batteries,0.0,176.0,0.0,0.0,95.0,0.0,0.01467,0.0,0.0
2026-09-14T00:40:00+12:00,Muriwai 5kW + Batteries,0.0,178.0,0.0,0.0,95.0,0.0,0.01483,0.0,0.0
2026-09-14T00:45:00+12:00,Muriwai 5kW + Batteries,0.0,176.0,0.0,0.0,95.0,0.0,0.01467,0.0,0.0
2026-09-14T00:50:00+12:00,Muriwai 5kW + Batteries,0.0,176.0,0.0,0.0,95.0,0.0,0.01467,0.0,0.0
2026-09-14T00:55:00+12:00,Muriwai 5kW + Batteries,0.0,177.0,0.0,0.0,95.0,0.0,0.01475,0.0,0.0
2026-09-14T01:00:00+12:00,Muriwai 5kW + Batteries,0.0,179.0,0.0,0.0,95.0,0.0,0.01492,0.0,0.0
2026-09-14T01:05:00+12:00,Muriwai 5kW + Batteries,0.0,177.0,0.0,0.0,94.0,0.0,0.01475,0.0,0.0
2026-09-14T01:10:00+12:00,Muriwai 5kW + Batteries,0.0,177.0,0.0,0.0,94.0,0.0,0.01475,0.0,0.0
2026-09-14T01:15:00+12:00,Muriwai 5kW + Batteries,0.0,181.0,0.0,0.0,94.0,0.0,0.01508,0.0,0.0
2026-09-14T01:20:00+12:00,Muriwai 5kW + Batteries,0.0,183.0,0.0,0.0,94.0,0.0,0.01525,0.0,0.0
2026-09-14T01:25:00+12:00,Muriwai 5kW + Batteries,0.0,183.0,0.0,0.0,94.0,0.0,0.01525,0.0,0.0
2026-09-14T01:30:00+12:00,Muriwai 5kW + Batteries,0.0,180.0,0.0,0.0,94.0,0.0,0.015,0.0,0.0
2026-09-14T01:35:00+12:00,Muriwai 5kW + Batteries,0.0,182.0,0.0,0.0,94.0,0.0,0.01517,0.0,0.0
2026-09-14T01:40:00+12:00,Muriwai 5kW + Batteries,0.0,183.0,0.0,0.0,94.0,0.0,0.01525,0.0,0.0
2026-09-14T01:50:00+12:00,Muriwai 5kW + Batteries,0.0,183.0,0.0,0.0,93.0,0.0,0.01525,0.0,0.0
2026-09-14T01:55:00+12:00,Muriwai 5kW + Batteries,0.0,183.0,0.0,0.0,93.0,0.0,0.01525,0.0,0.0
2026-09-14T02:00:00+12:00,Muriwai 5kW + Batteries,0.0,181.0,0.0,0.0,93.0,0.0,0.01508,0.0,0.0
2026-09-14T02:05:00+12:00,Muriwai 5kW + Batteries,0.0,184.0,0.0,0.0,93.0,0.0,0.01533,0.0,0.0
2026-09-14T02:10:00+12:00,Muriwai 5kW + Batteries,0.0,183.0,0.0,0.0,93.0,0.0,0.01525,0.0,0.0
2026-09-14T02:15:00+12:00,Muriwai 5kW + Batteries,0.0,182.0,0.0,0.0,93.0,0.0,0.01517,0.0,0.0
2026-09-14T02:20:00+12:00,Muriwai 5kW + Batteries,0.0,181.0,0.0,0.0,93.0,0.0,0.01508,0.0,0.0
2026-09-14T02:25:00+12:00,Muriwai 5kW + Batteries,0.0,179.0,0.0,0.0,93.0,0.0,0.01492,0.0,0.0
2026-09-14T02:30:00+12:00,Muriwai 5kW + Batteries,0.0,178.0,0.0,0.0,93.0,0.0,0.01483,0.0,0.0
2026-09-14T02:35:00+12:00,Muriwai 5kW + Batteries,0.0,181.0,0.0,0.0,92.0,0.0,0.01508,0.0,0.0
2026-09-14T02:40:00+12:00,Muriwai 5kW + Batteries,0.0,184.0,0.0,0.0,92.0,0.0,0.01533,0.0,0.0
2026-09-14T02:45:00+12:00,Muriwai 5kW + Batteries,0.0,183.0,0.0,0.0,92.0,0.0,0.01525,0.0,0.0
2026-09-14T02:50:00+12:00,Muriwai 5kW + Batteries,0.0,182.0,0.0,0.0,92.0,0.0,0.01517,0.0,0.0
2026-09-14T02:55:00+12:00,Muriwai 5kW + Batteries,0.0,183.0,0.0,0.0,92.0,0.0,0.01525,0.0,0.0
2026-09-14T03:00:00+12:00,Muriwai 5kW + Batteries,0.0,181.0,0.0,0.0,92.0,0.0,0.01508,0.0,0.0
2026-09-14T03:05:00+12:00,Muriwai 5kW + Batteries,0.0,184.0,0.0,0.0,92.0,0.0,0.01533,0.0,0.0
2026-09-14T03:10:00+12:00,Muriwai 5kW + Batteries,0.0,185.0,0.0,0.0,92.0,0.0,0.01542,0.0,0.0
2026-09-14T03:15:00+12:00,Muriwai 5kW + Batteries,0.0,184.0,0.0,0.0,91.0,0.0,0.01533,0.0,0.0
2026-09-14T03:20:00+12:00,Muriwai 5kW + Batteries,0.0,186.0,0.0,0.0,91.0,0.0,0.0155,0.0,0.0
2026-09-14T03:25:00+12:00,Muriwai 5kW + Batteries,0.0,184.0,0.0,0.0,91.0,0.0,0.01533,0.0,0.0
2026-09-14T03:30:00+12:00,Muriwai 5kW + Batteries,0.0,183.0,0.0,0.0,91.0,0.0,0.01525,0.0,0.0
2026-09-14T03:35:00+12:00,Muriwai 5kW + Batteries,0.0,180.0,0.0,0.0,91.0,0.0,0.015,0.0,0.0
2026-09-14T03:40:00+12:00,Muriwai 5kW + Batteries,0.0,180.0,0.0,0.0,91.0,0.0,0.015,0.0,0.0
2026-09-14T03:45:00+12:00,Muriwai 5kW + Batteries,0.0,182.0,0.0,0.0,91.0,0.0,0.01517,0.0,0.0
2026-09-14T03:50:00+12:00,Muriwai 5kW + Batteries,0.0,180.0,0.0,0.0,91.0,0.0,0.015,0.0,0.0
2026-09-14T03:55:00+12:00,Muriwai 5kW + Batteries,0.0,179.0,0.0,0.0,91.0,0.0,0.01492,0.0,0.0
2026-09-14T04:00:00+12:00,Muriwai 5kW + Batteries,0.0,181.0,0.0,0.0,90.0,0.0,0.01508,0.0,0.0
2026-09-14T04:05:00+12:00,Muriwai 5kW + Batteries,0.0,181.0,0.0,0.0,90.0,0.0,0.01508,0.0,0.0
2026-09-14T04:10:00+12:00,Muriwai 5kW + Batteries,0.0,180.0,0.0,0.0,90.0,0.0,0.015,0.0,0.0
2026-09-14T04:15:00+12:00,Muriwai 5kW + Batteries,0.0,178.0,0.0,0.0,90.0,0.0,0.01483,0.0,0.0
2026-09-14T04:20:00+12:00,Muriwai 5kW + Batteries,0.0,179.0,0.0,0.0,90.0,0.0,0.01492,0.0,0.0
2026-09-14T04:25:00+12:00,Muriwai 5kW + Batteries,0.0,178.0,0.0,0.0,90.0,0.0,0.01483,0.0,0.0
2026-09-14T04:30:00+12:00,Muriwai 5kW + Batteries,0.0,179.0,0.0,0.0,90.0,0.0,0.01492,0.0,0.0
2026-09-14T04:40:00+12:00,Muriwai 5kW + Batteries,0.0,179.0,0.0,0.0,90.0,0.0,0.01492,0.0,0.0
2026-09-14T04:45:00+12:00,Muriwai 5kW + Batteries,0.0,178.0,0.0,0.0,89.0,0.0,0.01483,0.0,0.0
2026-09-14T04:50:00+12:00,Muriwai 5kW + Batteries,0.0,179.0,0.0,0.0,89.0,0.0,0.01492,0.0,0.0
2026-09-14T04:55:00+12:00,Muriwai 5kW + Batteries,0.0,181.0,0.0,0.0,89.0,0.0,0.01508,0.0,0.0
2026-09-14T05:00:00+12:00,Muriwai 5kW + Batteries,0.0,180.0,0.0,0.0,89.0,0.0,0.015,0.0,0.0
2026-09-14T05:05:00+12:00,Muriwai 5kW + Batteries,0.0,181.0,0.0,0.0,89.0,0.0,0.01508,0.0,0.0
2026-09-14T05:10:00+12:00,Muriwai 5kW + Batteries,0.0,178.0,0.0,0.0,89.0,0.0,0.01483,0.0,0.0
2026-09-14T05:15:00+12:00,Muriwai 5kW + Batteries,0.0,178.0,0.0,0.0,89.0,0.0,0.01483,0.0,0.0
2026-09-14T05:20:00+12:00,Muriwai 5kW + Batteries,0.0,179.0,0.0,0.0,89.0,0.0,0.01492,0.0,0.0
2026-09-14T05:25:00+12:00,Muriwai 5kW + Batteries,0.0,177.0,0.0,0.0,89.0,0.0,0.01475,0.0,0.0
2026-09-14T05:30:00+12:00,Muriwai 5kW + Batteries,0.0,178.0,0.0,0.0,88.0,0.0,0.01483,0.0,0.0
2026-09-14T05:35:00+12:00,Muriwai 5kW + Batteries,0.0,176.0,0.0,0.0,88.0,0.0,0.01467,0.0,0.0
2026-09-14T05:40:00+12:00,Muriwai 5kW + Batteries,0.0,178.0,0.0,0.0,88.0,0.0,0.01483,0.0,0.0
2026-09-14T05:45:00+12:00,Muriwai 5kW + Batteries,0.0,174.0,0.0,0.0,88.0,0.0,0.0145,0.0,0.0
2026-09-14T05:50:00+12:00,Muriwai 5kW + Batteries,0.0,177.0,0.0,0.0,88.0,0.0,0.01475,0.0,0.0
2026-09-14T05:55:00+12:00,Muriwai 5kW + Batteries,0.0,177.0,0.0,0.0,88.0,0.0,0.01475,0.0,0.0
2026-09-14T06:00:00+12:00,Muriwai 5kW + Batteries,0.0,182.0,0.0,0.0,88.0,0.0,0.01517,0.0,0.0
2026-09-14T06:05:00+12:00,Muriwai 5kW + Batteries,0.0,181.0,0.0,0.0,88.0,0.0,0.01508,0.0,0.0
2026-09-14T06:10:00+12:00,Muriwai 5kW + Batteries,0.0,180.0,0.0,0.0,88.0,0.0,0.015,0.0,0.0
2026-09-14T06:15:00+12:00,Muriwai 5kW + Batteries,0.0,181.0,0.0,0.0,87.0,0.0,0.01508,0.0,0.0
2026-09-14T06:20:00+12:00,Muriwai 5kW + Batteries,1.0,177.0,0.0,0.0,87.0,8e-05,0.01475,0.0,0.0
2026-09-14T06:25:00+12:00,Muriwai 5kW + Batteries,5.0,180.0,0.0,0.0,87.0,0.00042,0.015,0.0,0.0
2026-09-14T06:30:00+12:00,Muriwai 5kW + Batteries,34.0,181.0,0.0,0.0,87.0,0.00283,0.01508,0.0,0.0
2026-09-14T06:35:00+12:00,Muriwai 5kW + Batteries,69.0,184.0,0.0,0.0,87.0,0.00575,0.01533,0.0,0.0
2026-09-14T06:40:00+12:00,Muriwai 5kW + Batteries,128.0,185.0,0.0,0.0,87.0,0.01067,0.01542,0.0,0.0
2026-09-14T06:45:00+12:00,Muriwai 5kW + Batteries,188.0,184.0,0.0,0.0,87.0,0.01567,0.01533,0.0,0.0
2026-09-14T06:50:00+12:00,Muriwai 5kW + Batteries,498.0,185.0,0.0,0.0,87.0,0.0415,0.01542,0.0,0.0
2026-09-14T06:55:00+12:00,Muriwai 5kW + Batteries,496.0,194.0,0.0,0.0,87.0,0.04133,0.01617,0.0,0.0
2026-09-14T07:00:00+12:00,Muriwai 5kW + Batteries,969.0,196.0,0.0,0.0,88.0,0.08075,0.01633,0.0,0.0
2026-09-14T07:10:00+12:00,Muriwai 5kW + Batteries,1196.0,189.0,0.0,0.0,88.0,0.09967,0.01575,0.0,0.0
2026-09-14T07:15:00+12:00,Muriwai 5kW + Batteries,550.0,194.0,0.0,0.0,89.0,0.04583,0.01617,0.0,0.0
2026-09-14T07:20:00+12:00,Muriwai 5kW + Batteries,634.0,187.0,0.0,0.0,89.0,0.05283,0.01558,0.0,0.0
2026-09-14T07:25:00+12:00,Muriwai 5kW + Batteries,1633.0,192.0,0.0,0.0,89.0,0.13608,0.016,0.0,0.0
2026-09-14T07:30:00+12:00,Muriwai 5kW + Batteries,1450.0,193.0,0.0,0.0,90.0,0.12083,0.01608,0.0,0.0
2026-09-14T07:35:00+12:00,Muriwai 5kW + Batteries,1539.0,193.0,0.0,0.0,91.0,0.12825,0.01608,0.0,0.0
2026-09-14T07:40:00+12:00,Muriwai 5kW + Batteries,1963.0,191.0,0.0,0.0,92.0,0.16358,0.01592,0.0,0.0
2026-09-14T07:45:00+12:00,Muriwai 5kW + Batteries,1778.0,195.0,0.0,0.0,93.0,0.14817,0.01625,0.0,0.0
2026-09-14T07:50:00+12:00,Muriwai 5kW + Batteries,1704.0,191.0,0.0,0.0,94.0,0.142,0.01592,0.0,0.0
2026-09-14T07:55:00+12:00,Muriwai 5kW + Batteries,2267.0,190.0,0.0,0.0,95.0,0.18892,0.01583,0.0,0.0
2026-09-14T08:00:00+12:00,Muriwai 5kW + Batteries,1086.0,233.0,0.0,0.0,96.0,0.0905,0.01942,0.0,0.0
2026-09-14T08:05:00+12:00,Muriwai 5kW + Batteries,1047.0,242.0,0.0,0.0,96.0,0.08725,0.02017,0.0,0.0
2026-09-14T08:10:00+12:00,Muriwai 5kW + Batteries,1826.0,242.0,0.0,0.0,97.0,0.15217,0.02017,0.0,0.0
2026-09-14T08:15:00+12:00,Muriwai 5kW + Batteries,1876.0,248.0,0.0,0.0,98.0,0.15633,0.02067,0.0,0.0
2026-09-14T08:20:00+12:00,Muriwai 5kW + Batteries,928.0,241.0,0.0,0.0,98.0,0.07733,0.02008,0.0,0.0
2026-09-14T08:25:00+12:00,Muriwai 5kW + Batteries,886.0,237.0,0.0,0.0,99.0,0.07383,0.01975,0.0,0.0
2026-09-14T08:30:00+12:00,Muriwai 5kW + Batteries,948.0,235.0,0.0,0.0,99.0,0.079,0.01958,0.0,0.0
2026-09-14T08:35:00+12:00,Muriwai 5kW + Batteries,1094.0,2147.0,0.0,0.0,99.0,0.09117,0.17892,0.0,0.0
2026-09-14T08:40:00+12:00,Muriwai 5kW + Batteries,1260.0,2482.0,0.0,0.0,99.0,0.105,0.20683,0.0,0.0
2026-09-14T08:45:00+12:00,Muriwai 5kW + Batteries,1488.0,2563.0,0.0,0.0,98.0,0.124,0.21358,0.0,0.0
2026-09-14T08:50:00+12:00,Muriwai 5kW + Batteries,2849.0,2654.0,0.0,0.0,98.0,0.23742,0.22117,0.0,0.0
2026-09-14T08:55:00+12:00,Muriwai 5kW + Batteries,2803.0,2687.0,0.0,0.0,98.0,0.23358,0.22392,0.0,0.0
2026-09-14T09:00:00+12:00,Muriwai 5kW + Batteries,2822.0,1305.0,0.0,0.0,99.0,0.23517,0.10875,0.0,0.0
2026-09-14T09:05:00+12:00,Muriwai 5kW + Batteries,2907.0,1321.0,0.0,0.0,100.0,0.24225,0.11008,0.0,0.0
2026-09-14T09:10:00+12:00,Muriwai 5kW + Batteries,2908.0,1314.0,0.0,0.0,100.0,0.24233,0.1095,0.0,0.0
2026-09-14T09:15:00+12:00,Muriwai 5kW + Batteries,2926.0,1326.0,0.0,0.0,100.0,0.24383,0.1105,0.0,0.0
2026-09-14T09:20:00+12:00,Muriwai 5kW + Batteries,2915.0,1280.0,0.0,545.0,100.0,0.24292,0.10667,0.0,0.04542
2026-09-14T09:25:00+12:00,Muriwai 5kW + Batteries,2947.0,2620.0,0.0,144.0,100.0,0.24558,0.21833,0.0,0.012
2026-09-14T09:30:00+12:00,Muriwai 5kW + Batteries,2971.0,1276.0,0.0,1695.0,99.0,0.24758,0.10633,0.0,0.14125
2026-09-14T09:35:00+12:00,Muriwai 5kW + Batteries,2995.0,1278.0,0.0,1669.0,99.0,0.24958,0.1065,0.0,0.13908
2026-09-14T09:40:00+12:00,Muriwai 5kW + Batteries,3020.0,1568.0,0.0,1401.0,99.0,0.25167,0.13067,0.0,0.11675
2026-09-14T09:45:00+12:00,Muriwai 5kW + Batteries,3033.0,3189.0,0.0,0.0,99.0,0.25275,0.26575,0.0,0.0
2026-09-14T09:55:00+12:00,Muriwai 5kW + Batteries,3041.0,4132.0,0.0,0.0,99.0,0.25342,0.34433,0.0,0.0
2026-09-14T10:00:00+12:00,Muriwai 5kW + Batteries,3042.0,3459.0,340.0,0.0,99.0,0.2535,0.28825,0.02833,0.0
2026-09-14T10:05:00+12:00,Muriwai 5kW + Batteries,3055.0,3347.0,286.0,0.0,99.0,0.25458,0.27892,0.02383,0.0
2026-09-14T10:10:00+12:00,Muriwai 5kW + Batteries,3056.0,3315.0,269.0,0.0,99.0,0.25467,0.27625,0.02242,0.0
2026-09-14T10:15:00+12:00,Muriwai 5kW + Batteries,3045.0,3179.0,194.0,0.0,99.0,0.25375,0.26492,0.01617,0.0
2026-09-14T10:20:00+12:00,Muriwai 5kW + Batteries,3065.0,3131.0,55.0,0.0,99.0,0.25542,0.26092,0.00458,0.0
2026-09-14T10:25:00+12:00,Muriwai 5kW + Batteries,3062.0,3123.0,138.0,0.0,99.0,0.25517,0.26025,0.0115,0.0
2026-09-14T10:30:00+12:00,Muriwai 5kW + Batteries,3069.0,3119.0,142.0,0.0,99.0,0.25575,0.25992,0.01183,0.0
2026-09-14T10:35:00+12:00,Muriwai 5kW + Batteries,3048.0,3148.0,136.0,0.0,99.0,0.254,0.26233,0.01133,0.0
2026-09-14T10:40:00+12:00,Muriwai 5kW + Batteries,3066.0,3152.0,140.0,0.0,99.0,0.2555,0.26267,0.01167,0.0
2026-09-14T10:45:00+12:00,Muriwai 5kW + Batteries,3008.0,3179.0,237.0,0.0,99.0,0.25067,0.26492,0.01975,0.0
2026-09-14T10:50:00+12:00,Muriwai 5kW + Batteries,3042.0,3067.0,106.0,0.0,99.0,0.2535,0.25558,0.00883,0.0
2026-09-14T10:55:00+12:00,Muriwai 5kW + Batteries,3036.0,3036.0,0.0,0.0,99.0,0.253,0.253,0.0,0.0
2026-09-14T11:00:00+12:00,Muriwai 5kW + Batteries,3020.0,1206.0,0.0,1568.0,100.0,0.25167,0.1005,0.0,0.13067
2026-09-14T11:05:00+12:00,Muriwai 5kW + Batteries,3008.0,1208.0,0.0,1729.0,100.0,0.25067,0.10067,0.0,0.14408
2026-09-14T11:10:00+12:00,Muriwai 5kW + Batteries,3009.0,1205.0,0.0,1764.0,100.0,0.25075,0.10042,0.0,0.147
2026-09-14T11:15:00+12:00,Muriwai 5kW + Batteries,2984.0,1294.0,0.0,1646.0,100.0,0.24867,0.10783,0.0,0.13717
2026-09-14T11:20:00+12:00,Muriwai 5kW + Batteries,2978.0,1316.0,0.0,1618.0,100.0,0.24817,0.10967,0.0,0.13483
2026-09-14T11:25:00+12:00,Muriwai 5kW + Batteries,2950.0,1312.0,0.0,1579.0,100.0,0.24583,0.10933,0.0,0.13158
2026-09-14T11:30:00+12:00,Muriwai 5kW + Batteries,2928.0,1292.0,0.0,1594.0,100.0,0.244,0.10767,0.0,0.13283
2026-09-14T11:35:00+12:00,Muriwai 5kW + Batteries,2917.0,1338.0,0.0,1545.0,100.0,0.24308,0.1115,0.0,0.12875
2026-09-14T11:40:00+12:00,Muriwai 5kW + Batteries,2897.0,1281.0,0.0,1599.0,100.0,0.24142,0.10675,0.0,0.13325
2026-09-14T11:45:00+12:00,Muriwai 5kW + Batteries,2876.0,1322.0,0.0,1500.0,100.0,0.23967,0.11017,0.0,0.125
2026-09-14T11:50:00+12:00,Muriwai 5kW + Batteries,2829.0,1327.0,0.0,1463.0,100.0,0.23575,0.11058,0.0,0.12192
2026-09-14T11:55:00+12:00,Muriwai 5kW + Batteries,2804.0,1290.0,0.0,1462.0,100.0,0.23367,0.1075,0.0,0.12183
2026-09-14T12:00:00+12:00,Muriwai 5kW + Batteries,2775.0,1280.0,0.0,1445.0,100.0,0.23125,0.10667,0.0,0.12042
2026-09-14T12:05:00+12:00,Muriwai 5kW + Batteries,2755.0,1285.0,0.0,1429.0,100.0,0.22958,0.10708,0.0,0.11908
2026-09-14T12:10:00+12:00,Muriwai 5kW + Batteries,2730.0,1296.0,0.0,1393.0,100.0,0.2275,0.108,0.0,0.11608
2026-09-14T12:15:00+12:00,Muriwai 5kW + Batteries,2691.0,1287.0,0.0,1380.0,100.0,0.22425,0.10725,0.0,0.115
2026-09-14T12:20:00+12:00,Muriwai 5kW + Batteries,2650.0,2665.0,0.0,0.0,100.0,0.22083,0.22208,0.0,0.0
2026-09-14T12:30:00+12:00,Muriwai 5kW + Batteries,2628.0,1277.0,0.0,1281.0,100.0,0.219,0.10642,0.0,0.10675
2026-09-14T12:35:00+12:00,Muriwai 5kW + Batteries,2579.0,1266.0,0.0,1304.0,100.0,0.21492,0.1055,0.0,0.10867
2026-09-14T12:40:00+12:00,Muriwai 5kW + Batteries,2548.0,1259.0,0.0,1255.0,100.0,0.21233,0.10492,0.0,0.10458
2026-09-14T12:45:00+12:00,Muriwai 5kW + Batteries,2491.0,1255.0,0.0,1191.0,100.0,0.20758,0.10458,0.0,0.09925
2026-09-14T12:50:00+12:00,Muriwai 5kW + Batteries,2448.0,1278.0,0.0,1126.0,100.0,0.204,0.1065,0.0,0.09383
2026-09-14T12:55:00+12:00,Muriwai 5kW + Batteries,2394.0,1253.0,0.0,1087.0,100.0,0.1995,0.10442,0.0,0.09058
2026-09-14T13:00:00+12:00,Muriwai 5kW + Batteries,2379.0,1217.0,0.0,1113.0,100.0,0.19825,0.10142,0.0,0.09275
2026-09-14T13:05:00+12:00,Muriwai 5kW + Batteries,2355.0,2599.0,613.0,0.0,100.0,0.19625,0.21658,0.05108,0.0
2026-09-14T13:10:00+12:00,Muriwai 5kW + Batteries,2329.0,1228.0,0.0,1049.0,100.0,0.19408,0.10233,0.0,0.08742
2026-09-14T13:15:00+12:00,Muriwai 5kW + Batteries,2271.0,1234.0,0.0,999.0,100.0,0.18925,0.10283,0.0,0.08325
2026-09-14T13:20:00+12:00,Muriwai 5kW + Batteries,2192.0,1220.0,0.0,890.0,100.0,0.18267,0.10167,0.0,0.07417
2026-09-14T13:25:00+12:00,Muriwai 5kW + Batteries,2149.0,1211.0,0.0,891.0,100.0,0.17908,0.10092,0.0,0.07425
2026-09-14T13:30:00+12:00,Muriwai 5kW + Batteries,2136.0,1228.0,0.0,849.0,100.0,0.178,0.10233,0.0,0.07075
2026-09-14T13:35:00+12:00,Muriwai 5kW + Batteries,2258.0,1277.0,0.0,940.0,100.0,0.18817,0.10642,0.0,0.07833
2026-09-14T13:40:00+12:00,Muriwai 5kW + Batteries,1129.0,1308.0,227.0,0.0,100.0,0.09408,0.109,0.01892,0.0
2026-09-14T13:45:00+12:00,Muriwai 5kW + Batteries,2099.0,2681.0,638.0,0.0,100.0,0.17492,0.22342,0.05317,0.0
2026-09-14T13:50:00+12:00,Muriwai 5kW + Batteries,2189.0,1299.0,0.0,862.0,100.0,0.18242,0.10825,0.0,0.07183
2026-09-14T13:55:00+12:00,Muriwai 5kW + Batteries,2031.0,1290.0,0.0,671.0,100.0,0.16925,0.1075,0.0,0.05592
2026-09-14T14:00:00+12:00,Muriwai 5kW + Batteries,1845.0,1286.0,0.0,515.0,100.0,0.15375,0.10717,0.0,0.04292
